x,tcr_index,TCR_Group,Mutation,Mutation_Position,Label,log2foldchange,Delta_log2FC
1,1,SVAR.1,Y1A,1,1,5.066687198773439,0.004299111336084849
2,1,SVAR.1,Y1C,1,1,4.575612532538572,-0.48677555489878266
3,1,SVAR.1,Y1D,1,1,4.37163673247979,-0.6907513549575643
4,1,SVAR.1,Y1E,1,1,4.615488542812199,-0.4468995446251558
5,1,SVAR.1,Y1F,1,1,5.158115699152679,0.09572761171532473
6,1,SVAR.1,Y1G,1,1,4.921760539457323,-0.1406275479800314
7,1,SVAR.1,Y1H,1,1,5.367628138892419,0.3052400514550646
8,1,SVAR.1,Y1I,1,1,4.824062396902416,-0.23832569053493824
9,1,SVAR.1,Y1K,1,1,5.051183826575013,-0.01120426086234172
10,1,SVAR.1,Y1L,1,1,5.016154646487927,-0.04623344094942716
11,1,SVAR.1,Y1M,1,1,5.208820928251588,0.14643284081423324
12,1,SVAR.1,Y1N,1,1,4.893367151508773,-0.16902093592858147
13,1,SVAR.1,Y1P,1,1,4.406566823887654,-0.6558212635497007
14,1,SVAR.1,Y1Q,1,1,4.998452746167617,-0.06393534126973766
15,1,SVAR.1,Y1R,1,1,5.046787641335734,-0.01560044610162059
16,1,SVAR.1,Y1S,1,1,4.996297870882041,-0.06609021655531322
17,1,SVAR.1,Y1T,1,1,4.896520058538944,-0.16586802889841046
18,1,SVAR.1,Y1V,1,1,4.699089371688393,-0.3632987157489618
19,1,SVAR.1,Y1W,1,1,5.259801613731877,0.1974135262945227
20,1,SVAR.1,L2A,2,1,4.351626771748296,-0.7107613156890586
21,1,SVAR.1,L2C,2,1,4.370529095629197,-0.6918589918081572
22,1,SVAR.1,L2D,2,1,1.0349138970411544,-4.0274741903962
23,1,SVAR.1,L2E,2,1,1.6775445079066589,-3.3848435795306955
24,1,SVAR.1,L2F,2,1,4.770752455633997,-0.2916356318033575
25,1,SVAR.1,L2G,2,1,3.318366371677136,-1.7440217157602187
26,1,SVAR.1,L2H,2,1,3.918624755574591,-1.1437633318627638
27,1,SVAR.1,L2I,2,1,4.867425840912022,-0.1949622465253329
28,1,SVAR.1,L2K,2,1,4.1815569428964166,-0.880831144540938
29,1,SVAR.1,L2M,2,1,4.921084477191273,-0.14130361024608185
30,1,SVAR.1,L2N,2,1,1.881413071987288,-3.1809750154500667
31,1,SVAR.1,L2P,2,1,3.3403474324799016,-1.722040654957453
32,1,SVAR.1,L2Q,2,1,4.205661786466576,-0.8567263009707782
33,1,SVAR.1,L2R,2,1,0.7484612330040356,-4.313926854433319
34,1,SVAR.1,L2S,2,1,4.557328510454785,-0.5050595769825694
35,1,SVAR.1,L2T,2,1,4.226483602247952,-0.8359044851894026
36,1,SVAR.1,L2V,2,1,4.86321520772468,-0.19917287971267417
37,1,SVAR.1,L2W,2,1,0.9740766549345252,-4.088311432502829
38,1,SVAR.1,L2Y,2,1,2.622930350920177,-2.4394577365171775
39,1,SVAR.1,Q3A,3,1,1.6225068695812912,-3.4398812178560636
40,1,SVAR.1,Q3C,3,1,3.4550894180955987,-1.607298669341756
41,1,SVAR.1,Q3D,3,0,-0.1660099514389292,-5.228398038876284
42,1,SVAR.1,Q3E,3,1,0.8411105209697101,-4.221277566467645
43,1,SVAR.1,Q3F,3,0,-0.1977081579558504,-5.260096245393205
44,1,SVAR.1,Q3G,3,1,2.218559776693189,-2.8438283107441658
45,1,SVAR.1,Q3H,3,1,0.3639356214089377,-4.698452466028417
46,1,SVAR.1,Q3I,3,1,1.9729114264727845,-3.08947666096457
47,1,SVAR.1,Q3K,3,1,0.7212839719339366,-4.341104115503418
48,1,SVAR.1,Q3L,3,1,2.286719147334239,-2.7756689401031154
49,1,SVAR.1,Q3M,3,1,4.717389230035272,-0.34499885740208214
50,1,SVAR.1,Q3N,3,1,3.8323080476215994,-1.2300800398157552
51,1,SVAR.1,Q3P,3,1,0.5613756804035404,-4.501012407033814
52,1,SVAR.1,Q3R,3,0,-0.1909427827113954,-5.2533308701487496
53,1,SVAR.1,Q3S,3,1,3.3971203270112067,-1.6652677604261479
54,1,SVAR.1,Q3T,3,1,1.1319511305941476,-3.9304369568432067
55,1,SVAR.1,Q3V,3,1,1.1675999484960686,-3.894788138941286
56,1,SVAR.1,Q3W,3,0,-0.3060304680071536,-5.368418555444508
57,1,SVAR.1,Q3Y,3,0,-0.2479275134435856,-5.31031560088094
58,1,SVAR.1,P4A,4,1,5.008028373755934,-0.05435971368142045
59,1,SVAR.1,P4C,4,1,3.0688558412871982,-1.9935322461501563
60,1,SVAR.1,P4D,4,1,0.5172926741833503,-4.545095413254004
61,1,SVAR.1,P4E,4,1,1.7621067524601834,-3.3002813349771714
62,1,SVAR.1,P4F,4,1,0.2442027311034219,-4.818185356333933
63,1,SVAR.1,P4G,4,1,5.290935381897934,0.2285472944605793
64,1,SVAR.1,P4H,4,1,5.011815750247196,-0.0505723371901583
65,1,SVAR.1,P4I,4,1,1.8477625315985595,-3.2146255558387953
66,1,SVAR.1,P4K,4,1,1.9105526175945688,-3.1518354698427857
67,1,SVAR.1,P4L,4,1,0.8740844505252768,-4.188303636912078
68,1,SVAR.1,P4M,4,1,4.052956132861878,-1.0094319545754766
69,1,SVAR.1,P4N,4,1,4.031099484833003,-1.0312886026043513
70,1,SVAR.1,P4Q,4,1,4.791082142957903,-0.2713059444794519
71,1,SVAR.1,P4R,4,1,2.843484398838326,-2.2189036885990285
72,1,SVAR.1,P4S,4,1,4.442606995995939,-0.6197810914414159
73,1,SVAR.1,P4T,4,1,2.6818240399737454,-2.380564047463609
74,1,SVAR.1,P4V,4,1,1.119884318942717,-3.9425037684946376
75,1,SVAR.1,P4W,4,1,1.578466789428385,-3.4839212980089695
76,1,SVAR.1,P4Y,4,1,0.4396995535131128,-4.622688533924242
77,1,SVAR.1,R5A,5,0,-0.2265924098657336,-5.288980497303088
78,1,SVAR.1,R5C,5,0,-0.3417885172482052,-5.40417660468556
79,1,SVAR.1,R5D,5,0,-0.2406279927855142,-5.303016080222869
80,1,SVAR.1,R5E,5,0,-0.2280279560058807,-5.290416043443235
81,1,SVAR.1,R5F,5,0,-0.2975916278701623,-5.359979715307517
82,1,SVAR.1,R5G,5,0,-0.3987215049926433,-5.461109592429998
83,1,SVAR.1,R5H,5,0,-0.2804015378038818,-5.342789625241236
84,1,SVAR.1,R5I,5,0,-0.4806258409064206,-5.543013928343775
85,1,SVAR.1,R5K,5,0,-0.2630344058337938,-5.325422493271148
86,1,SVAR.1,R5L,5,0,-0.3116597594335352,-5.37404784687089
87,1,SVAR.1,R5M,5,0,-0.3383225331380309,-5.400710620575386
88,1,SVAR.1,R5N,5,0,-0.3120803089310152,-5.3744683963683695
89,1,SVAR.1,R5P,5,0,-0.2992405001794673,-5.3616285876168215
90,1,SVAR.1,R5Q,5,0,-0.2410080995037949,-5.30339618694115
91,1,SVAR.1,R5S,5,0,-0.2457564144019582,-5.308144501839313
92,1,SVAR.1,R5T,5,0,-0.2002986504858312,-5.262686737923186
93,1,SVAR.1,R5V,5,0,-0.2506960712705507,-5.313084158707905
94,1,SVAR.1,R5W,5,0,-0.1862586352827346,-5.248646722720089
95,1,SVAR.1,R5Y,5,0,-0.169337704450327,-5.231725791887682
96,1,SVAR.1,T6A,6,0,-0.1580648462322513,-5.2204529336696055
97,1,SVAR.1,T6C,6,1,1.5665659439152404,-3.495822143522114
98,1,SVAR.1,T6D,6,0,-0.2410080995037949,-5.30339618694115
99,1,SVAR.1,T6E,6,0,-0.2267708618470223,-5.289158949284377
100,1,SVAR.1,T6F,6,0,-0.1043366598147356,-5.16672474725209
101,1,SVAR.1,T6G,6,0,-0.0446690493337283,-5.107057136771083
102,1,SVAR.1,T6H,6,0,-0.1757712593779997,-5.238159346815355
103,1,SVAR.1,T6I,6,1,0.0430687218918859,-5.019319365545469
104,1,SVAR.1,T6K,6,0,-0.1577208618551862,-5.220108949292541
105,1,SVAR.1,T6L,6,0,-0.0230099780465003,-5.085398065483855
106,1,SVAR.1,T6M,6,0,-0.1499625060597446,-5.212350593497099
107,1,SVAR.1,T6N,6,1,2.377884500861378,-2.6845035865759765
108,1,SVAR.1,T6P,6,0,-0.3199089272507102,-5.382297014688064
109,1,SVAR.1,T6Q,6,0,-0.1996376650839346,-5.262025752521289
110,1,SVAR.1,T6R,6,0,-0.1582620839167323,-5.2206501713540865
111,1,SVAR.1,T6S,6,1,0.4633067083720959,-4.599081379065258
112,1,SVAR.1,T6V,6,0,-0.1648108697456702,-5.227198957183025
113,1,SVAR.1,T6W,6,0,-0.2195070302928727,-5.281895117730227
114,1,SVAR.1,T6Y,6,0,-0.1976806678396943,-5.260068755277048
115,1,SVAR.1,F7A,7,1,0.9563101496527932,-4.106077937784561
116,1,SVAR.1,F7C,7,1,4.000779343698193,-1.0616087437391615
117,1,SVAR.1,F7D,7,0,-0.2656362010220738,-5.328024288459428
118,1,SVAR.1,F7E,7,0,-0.0701610714174009,-5.132549158854755
119,1,SVAR.1,F7G,7,1,0.1057946640225966,-4.956593423414758
120,1,SVAR.1,F7H,7,1,2.406698198366114,-2.6556898890712404
121,1,SVAR.1,F7I,7,1,1.9036316055277689,-3.1587564819095855
122,1,SVAR.1,F7K,7,0,-0.2688668511359485,-5.331254938573303
123,1,SVAR.1,F7L,7,1,0.029400916440559,-5.032987170996796
124,1,SVAR.1,F7M,7,1,4.738304617967865,-0.32408346946948985
125,1,SVAR.1,F7N,7,1,4.102946301713566,-0.9594417857237882
126,1,SVAR.1,F7P,7,1,0.7894330140603417,-4.2729550733770125
127,1,SVAR.1,F7Q,7,1,2.7562929528746096,-2.306095134562745
128,1,SVAR.1,F7R,7,0,-0.24370292758186,-5.306091015019215
129,1,SVAR.1,F7S,7,1,5.011297591334386,-0.051090496102968785
130,1,SVAR.1,F7T,7,1,4.272407959043563,-0.7899801283937915
131,1,SVAR.1,F7V,7,1,3.0057684804596123,-2.0566196069777423
132,1,SVAR.1,F7W,7,1,2.8206333870864166,-2.241754700350938
133,1,SVAR.1,F7Y,7,1,5.201511344500146,0.13912325706279116
134,1,SVAR.1,L8A,8,1,2.158035846656899,-2.9043522407804554
135,1,SVAR.1,L8C,8,1,4.557328510454785,-0.5050595769825694
136,1,SVAR.1,L8D,8,0,-0.1140162602916559,-5.176404347729011
137,1,SVAR.1,L8E,8,1,2.65521469681825,-2.4071733906191044
138,1,SVAR.1,L8F,8,1,3.64253655095334,-1.4198515364840145
139,1,SVAR.1,L8G,8,1,2.401973464575219,-2.6604146228621355
140,1,SVAR.1,L8H,8,1,1.8423703631886024,-3.220017724248752
141,1,SVAR.1,L8I,8,1,4.343318424910198,-0.7190696625271569
142,1,SVAR.1,L8K,8,0,-0.0732489820306386,-5.135637069467993
143,1,SVAR.1,L8M,8,1,4.893496778868894,-0.1688913085684609
144,1,SVAR.1,L8N,8,1,3.1215409816341806,-1.940847105803174
145,1,SVAR.1,L8P,8,1,3.364488557115408,-1.6978995303219464
146,1,SVAR.1,L8Q,8,1,4.047123912114026,-1.0152641753233285
147,1,SVAR.1,L8R,8,0,-0.1629851044221564,-5.225373191859511
148,1,SVAR.1,L8S,8,1,2.4504614651327445,-2.61192662230461
149,1,SVAR.1,L8T,8,1,4.12976787497033,-0.9326202124670244
150,1,SVAR.1,L8V,8,1,4.0850889024446495,-0.9772991849927051
151,1,SVAR.1,L8W,8,0,-0.1035764034425501,-5.1659644908799045
152,1,SVAR.1,L8Y,8,1,0.0212477337040393,-5.041140353733315
153,1,SVAR.1,L9A,9,1,4.4574264827469205,-0.604961604690434
154,1,SVAR.1,L9C,9,1,4.409843475363775,-0.6525446120735792
155,1,SVAR.1,L9D,9,1,2.9195379718917214,-2.142850115545633
156,1,SVAR.1,L9E,9,1,3.646541449836656,-1.4158466376006986
157,1,SVAR.1,L9F,9,1,3.139039667683059,-1.9233484197542956
158,1,SVAR.1,L9G,9,1,4.175897136100751,-0.8864909513366035
159,1,SVAR.1,L9H,9,1,4.114215568856025,-0.9481725185813294
160,1,SVAR.1,L9I,9,1,4.59758143071182,-0.4648066567255347
161,1,SVAR.1,L9K,9,1,3.4495613746132365,-1.612826712824118
162,1,SVAR.1,L9M,9,1,4.890915655634427,-0.17147243180292726
163,1,SVAR.1,L9N,9,1,4.094434801858049,-0.9679532855793056
164,1,SVAR.1,L9P,9,1,3.036876002235033,-2.0255120852023216
165,1,SVAR.1,L9Q,9,1,4.639775012962907,-0.4226130744744472
166,1,SVAR.1,L9R,9,1,2.246475866457897,-2.8159122209794574
167,1,SVAR.1,L9S,9,1,4.617066832876779,-0.44532125456057514
168,1,SVAR.1,L9T,9,1,4.629218701716053,-0.4331693857213015
169,1,SVAR.1,L9V,9,1,4.355526085942283,-0.7068620014950717
170,1,SVAR.1,L9W,9,1,0.495076997203961,-4.567311090233393
171,1,SVAR.1,L9Y,9,0,-0.1017837379573149,-5.16417182539467
1,2,SVAR.13,Y1A,1,1,1.4304409678939405,-1.2996288362325514
2,2,SVAR.13,Y1C,1,1,2.638491897137951,-0.09157790698854074
3,2,SVAR.13,Y1D,1,1,0.5523578352892284,-2.1777119688372633
4,2,SVAR.13,Y1E,1,1,1.0264029990969887,-1.7036668050295032
5,2,SVAR.13,Y1F,1,1,3.1463381811246967,0.41626837699820474
6,2,SVAR.13,Y1G,1,1,1.5991891022891145,-1.1308807018373774
7,2,SVAR.13,Y1H,1,1,1.436639753764055,-1.293430050362437
8,2,SVAR.13,Y1I,1,1,1.9705361772987915,-0.7595336268277004
9,2,SVAR.13,Y1K,1,1,1.07238187581938,-1.657687928307112
10,2,SVAR.13,Y1L,1,1,2.684229490959833,-0.04584031316665893
11,2,SVAR.13,Y1M,1,1,1.9684644265668931,-0.7616053775595988
12,2,SVAR.13,Y1N,1,1,1.3900431198119745,-1.3400266843145174
13,2,SVAR.13,Y1P,1,1,1.36024195661002,-1.369827847516472
14,2,SVAR.13,Y1Q,1,1,1.4946418935164625,-1.2354279106100294
15,2,SVAR.13,Y1R,1,1,1.390622460718646,-1.339447343407846
16,2,SVAR.13,Y1S,1,1,1.5449746513703102,-1.1850951527561817
17,2,SVAR.13,Y1T,1,1,1.4244201117696889,-1.305649692356803
18,2,SVAR.13,Y1V,1,1,1.6717389435567291,-1.0583308605697628
19,2,SVAR.13,Y1W,1,1,2.349408831309469,-0.3806609728170227
20,2,SVAR.13,L2A,2,1,1.9380809665464889,-0.791988837580003
21,2,SVAR.13,L2C,2,1,2.0798398722099947,-0.6502299319164973
22,2,SVAR.13,L2D,2,0,-0.042064059566544,-2.772133863693036
23,2,SVAR.13,L2E,2,1,0.1090106219187052,-2.621059182207787
24,2,SVAR.13,L2F,2,1,1.9402348551416864,-0.7898349489848056
25,2,SVAR.13,L2G,2,1,0.7573740253820385,-1.9726957787444535
26,2,SVAR.13,L2H,2,1,1.1127001327493624,-1.6173696713771295
27,2,SVAR.13,L2I,2,1,2.3890422907459,-0.3410275133805918
28,2,SVAR.13,L2K,2,1,0.6842241320942329,-2.045845672032259
29,2,SVAR.13,L2M,2,1,1.975408011817608,-0.7546617923088839
30,2,SVAR.13,L2N,2,1,0.4528221617383141,-2.277247642388178
31,2,SVAR.13,L2P,2,1,0.6168465617409423,-2.1132232423855495
32,2,SVAR.13,L2Q,2,1,0.9770995978899212,-1.7529702062365708
33,2,SVAR.13,L2R,2,1,0.044643915054842,-2.68542588907165
34,2,SVAR.13,L2S,2,1,1.8150556324091425,-0.9150141717173494
35,2,SVAR.13,L2T,2,1,1.5254205550667508,-1.2046492490597411
36,2,SVAR.13,L2V,2,1,2.5388660861317023,-0.19120371799478963
37,2,SVAR.13,L2W,2,1,0.1066328484912267,-2.623436955635265
38,2,SVAR.13,L2Y,2,1,0.1630875713887588,-2.566982232737733
39,2,SVAR.13,Q3A,3,1,0.3461756411340396,-2.383894162992452
40,2,SVAR.13,Q3C,3,1,1.1931417882385362,-1.5369280158879557
41,2,SVAR.13,Q3D,3,0,-0.0884379646675837,-2.818507768794076
42,2,SVAR.13,Q3E,3,0,-0.0248746686390293,-2.754944472765521
43,2,SVAR.13,Q3F,3,0,-0.0808444002649519,-2.8109142043914437
44,2,SVAR.13,Q3G,3,1,1.6636138524189468,-1.0664559517075451
45,2,SVAR.13,Q3H,3,0,-0.1195816157526726,-2.8496514198791645
46,2,SVAR.13,Q3I,3,1,0.8370148955778436,-1.8930549085486483
47,2,SVAR.13,Q3K,3,0,0.0,-2.730069804126492
48,2,SVAR.13,Q3L,3,1,0.6226736664535465,-2.1073961376729455
49,2,SVAR.13,Q3M,3,1,2.561261274670684,-0.16880852945580793
50,2,SVAR.13,Q3N,3,1,0.1420190048724278,-2.5880507992540642
51,2,SVAR.13,Q3P,3,0,-0.0964835240425424,-2.8265533281690343
52,2,SVAR.13,Q3R,3,0,-0.0650338854174897,-2.7951036895439816
53,2,SVAR.13,Q3S,3,1,1.56467109672808,-1.165398707398412
54,2,SVAR.13,Q3T,3,1,0.2183227570274009,-2.511747047099091
55,2,SVAR.13,Q3V,3,1,0.6057210608879537,-2.124348743238538
56,2,SVAR.13,Q3W,3,0,-0.1550975837646732,-2.885167387891165
57,2,SVAR.13,Q3Y,3,0,-0.0953478765874809,-2.825417680713973
58,2,SVAR.13,P4A,4,1,0.2443071977648885,-2.4857626063616034
59,2,SVAR.13,P4C,4,0,-0.0037816405424266,-2.7338514446689186
60,2,SVAR.13,P4D,4,1,0.1013492439228456,-2.6287205602036465
61,2,SVAR.13,P4E,4,0,-0.012527097876163,-2.742596902002655
62,2,SVAR.13,P4F,4,0,-0.0853914912306446,-2.8154612953571365
63,2,SVAR.13,P4G,4,1,2.4725940121226757,-0.2574757920038162
64,2,SVAR.13,P4H,4,0,-0.081968846786281,-2.812038650912773
65,2,SVAR.13,P4I,4,0,-0.0691243606548203,-2.799194164781312
66,2,SVAR.13,P4K,4,0,-0.1098471808470696,-2.8399169849735615
67,2,SVAR.13,P4L,4,0,-0.0560759244060887,-2.786145728532581
68,2,SVAR.13,P4M,4,0,-0.0976966738871332,-2.827766478013625
69,2,SVAR.13,P4N,4,0,-0.0196288067489325,-2.7496986108754244
70,2,SVAR.13,P4Q,4,0,-0.0648511443499679,-2.79492094847646
71,2,SVAR.13,P4R,4,0,-0.1426043954428004,-2.872674199569292
72,2,SVAR.13,P4S,4,0,0.0,-2.730069804126492
73,2,SVAR.13,P4T,4,0,-0.1299093225944332,-2.859979126720925
74,2,SVAR.13,P4V,4,0,-0.1151357107214803,-2.8452055148479722
75,2,SVAR.13,P4W,4,1,0.212917472968657,-2.5171523311578348
76,2,SVAR.13,P4Y,4,0,-0.0986475879329114,-2.8287173920594033
77,2,SVAR.13,R5A,5,0,-0.081968846786281,-2.812038650912773
78,2,SVAR.13,R5C,5,0,-0.0771678605224599,-2.8072376646489516
79,2,SVAR.13,R5D,5,0,-0.0906025487809066,-2.8206723529073985
80,2,SVAR.13,R5E,5,0,-0.1133817994177426,-2.8434516035442345
81,2,SVAR.13,R5F,5,0,-0.0521512820511067,-2.7822210861775987
82,2,SVAR.13,R5G,5,0,-0.2249190332622445,-2.9549888373887363
83,2,SVAR.13,R5H,5,0,-0.1285147405226802,-2.858584544649172
84,2,SVAR.13,R5I,5,0,-0.2104197796703718,-2.9404895837968636
85,2,SVAR.13,R5K,5,1,0.0374747054186629,-2.692595098707829
86,2,SVAR.13,R5L,5,0,-0.0248746686390293,-2.754944472765521
87,2,SVAR.13,R5M,5,0,0.0,-2.730069804126492
88,2,SVAR.13,R5N,5,0,-0.1576924791079712,-2.887762283234463
89,2,SVAR.13,R5P,5,1,0.0165353677262997,-2.713534436400192
90,2,SVAR.13,R5Q,5,0,-0.1294164083778097,-2.8594862125043017
91,2,SVAR.13,R5S,5,0,-0.0307435234311079,-2.7608133275576
92,2,SVAR.13,R5T,5,0,0.0,-2.730069804126492
93,2,SVAR.13,R5V,5,1,0.008823850387006,-2.7212459537394857
94,2,SVAR.13,R5W,5,1,0.048461488956645,-2.681608315169847
95,2,SVAR.13,R5Y,5,1,0.1125918263763608,-2.617477977750131
96,2,SVAR.13,T6A,6,1,0.9207367214753468,-1.8093330826511451
97,2,SVAR.13,T6C,6,1,1.2023673106215886,-1.5277024935049033
98,2,SVAR.13,T6D,6,0,-0.0127861549558432,-2.742855959082335
99,2,SVAR.13,T6E,6,0,-0.0621564760625693,-2.792226280189061
100,2,SVAR.13,T6F,6,1,0.0469974795371693,-2.6830723245893227
101,2,SVAR.13,T6G,6,1,2.505859954323554,-0.2242098498029379
102,2,SVAR.13,T6H,6,1,0.0661523350049271,-2.663917469121565
103,2,SVAR.13,T6I,6,1,0.1414724259528804,-2.5885973781736116
104,2,SVAR.13,T6K,6,1,0.0683869749802501,-2.6616828291462418
105,2,SVAR.13,T6L,6,1,0.1428720816929215,-2.5871977224335705
106,2,SVAR.13,T6M,6,1,0.1729848011913703,-2.5570850029351218
107,2,SVAR.13,T6N,6,1,1.293945682361482,-1.4361241217650098
108,2,SVAR.13,T6P,6,0,-0.070389327891398,-2.80045913201789
109,2,SVAR.13,T6Q,6,1,0.3386986757658661,-2.3913711283606256
110,2,SVAR.13,T6R,6,1,0.1125918263763608,-2.617477977750131
111,2,SVAR.13,T6S,6,1,1.1088955680447528,-1.6211742360817392
112,2,SVAR.13,T6V,6,1,0.275278001588541,-2.454791802537951
113,2,SVAR.13,T6W,6,1,0.1323742866961175,-2.5976955174303744
114,2,SVAR.13,T6Y,6,0,-0.0132560967022668,-2.7433259008287587
115,2,SVAR.13,F7A,7,0,-0.0082205068049685,-2.7382903109314602
116,2,SVAR.13,F7C,7,1,0.5327517013725112,-2.1973181027539805
117,2,SVAR.13,F7D,7,1,0.0043259254027901,-2.725743878723702
118,2,SVAR.13,F7E,7,1,0.0180904569828957,-2.711979347143596
119,2,SVAR.13,F7G,7,0,-0.0475656832520557,-2.777635487378548
120,2,SVAR.13,F7H,7,1,0.409831087851077,-2.320238716275415
121,2,SVAR.13,F7I,7,1,0.4227613152695209,-2.307308488856971
122,2,SVAR.13,F7K,7,0,-0.0041516432704674,-2.7342214473969593
123,2,SVAR.13,F7L,7,1,0.563651994475744,-2.166417809650748
124,2,SVAR.13,F7M,7,1,0.8014543206179199,-1.928615483508572
125,2,SVAR.13,F7N,7,1,0.0085114998555174,-2.7215583042709746
126,2,SVAR.13,F7P,7,1,0.0350824591554454,-2.6949873449710466
127,2,SVAR.13,F7Q,7,1,0.1814040098856091,-2.548665794240883
128,2,SVAR.13,F7R,7,1,0.0084122398162,-2.721657564310292
129,2,SVAR.13,F7S,7,1,0.0180339228302616,-2.7120358812962304
130,2,SVAR.13,F7T,7,1,0.135087623033179,-2.5949821810933127
131,2,SVAR.13,F7V,7,1,0.3763758789097388,-2.3536939252167532
132,2,SVAR.13,F7W,7,1,0.1838641924001861,-2.5462056117263057
133,2,SVAR.13,F7Y,7,1,2.084276910531492,-0.6457928935949999
134,2,SVAR.13,L8A,8,1,1.430832658383812,-1.29923714574268
135,2,SVAR.13,L8C,8,1,2.3252503647283262,-0.40481943939816567
136,2,SVAR.13,L8D,8,1,0.0768480788430193,-2.6532217252834727
137,2,SVAR.13,L8E,8,1,0.8854223866753658,-1.8446474174511263
138,2,SVAR.13,L8F,8,1,1.5217686742339622,-1.2083011298925297
139,2,SVAR.13,L8G,8,1,0.8444074732883078,-1.8856623308381841
140,2,SVAR.13,L8H,8,1,2.5650418065978964,-0.16502799752859554
141,2,SVAR.13,L8I,8,1,3.903862902910951,1.1737930987844591
142,2,SVAR.13,L8K,8,1,1.2142068955995844,-1.5158629085269075
143,2,SVAR.13,L8M,8,1,2.0047535299706345,-0.7253162741558574
144,2,SVAR.13,L8N,8,1,2.2382949159290764,-0.49177488819741555
145,2,SVAR.13,L8P,8,1,0.0467482591914793,-2.6833215449350125
146,2,SVAR.13,L8Q,8,1,1.8334418496560865,-0.8966279544704054
147,2,SVAR.13,L8R,8,1,1.9275757654368828,-0.8024940386896091
148,2,SVAR.13,L8S,8,1,2.108878796713854,-0.6211910074126381
149,2,SVAR.13,L8T,8,1,3.1642729078627974,0.43420310373630544
150,2,SVAR.13,L8V,8,1,3.627998277976733,0.8979284738502411
151,2,SVAR.13,L8W,8,1,2.671150538459293,-0.05891926566719885
152,2,SVAR.13,L8Y,8,1,1.7632665555965312,-0.9668032485299607
153,2,SVAR.13,L9A,9,1,1.029747343394052,-1.7003224607324399
154,2,SVAR.13,L9C,9,1,0.983126181435604,-1.7469436226908879
155,2,SVAR.13,L9D,9,1,0.2944473584652552,-2.4356224456612368
156,2,SVAR.13,L9E,9,1,2.215073367382625,-0.5149964367438669
157,2,SVAR.13,L9F,9,1,0.8073549220576041,-1.9227148820688877
158,2,SVAR.13,L9G,9,1,0.6669982695871678,-2.0630715345393242
159,2,SVAR.13,L9H,9,1,1.272113699744656,-1.4579561043818359
160,2,SVAR.13,L9I,9,1,1.2948139010744213,-1.4352559030520706
161,2,SVAR.13,L9K,9,1,0.872281558678377,-1.857788245448115
162,2,SVAR.13,L9M,9,1,1.60480341321095,-1.1252663909155418
163,2,SVAR.13,L9N,9,1,1.2481501687478147,-1.4819196353786772
164,2,SVAR.13,L9P,9,1,0.7415970428978519,-1.98847276122864
165,2,SVAR.13,L9Q,9,1,2.27399910961009,-0.4560706945164017
166,2,SVAR.13,L9R,9,1,0.3686445937943926,-2.3614252103320994
167,2,SVAR.13,L9S,9,1,0.949908951983777,-1.780160852142715
168,2,SVAR.13,L9T,9,1,2.133567674402832,-0.5965021297236599
169,2,SVAR.13,L9V,9,1,2.1401959569560667,-0.5898738471704252
170,2,SVAR.13,L9W,9,1,0.380744321724966,-2.349325482401526
171,2,SVAR.13,L9Y,9,1,0.5731208880766397,-2.1569489160498523
1,3,SVAR.14,Y1A,1,1,4.012065787873998,-0.3019353912417362
2,3,SVAR.14,Y1C,1,1,4.152732212729585,-0.16126896638614863
3,3,SVAR.14,Y1D,1,1,3.7930034886126665,-0.5209976905030675
4,3,SVAR.14,Y1E,1,1,3.824678015045382,-0.48932316407035215
5,3,SVAR.14,Y1F,1,1,4.373215005389223,0.05921382627348937
6,3,SVAR.14,Y1G,1,1,4.196298225185304,-0.11770295393043018
7,3,SVAR.14,Y1H,1,1,4.672214221016866,0.35821304190113157
8,3,SVAR.14,Y1I,1,1,4.188374038542088,-0.12562714057364577
9,3,SVAR.14,Y1K,1,1,4.05806905625553,-0.2559321228602043
10,3,SVAR.14,Y1L,1,1,4.404640701228891,0.09063952211315662
11,3,SVAR.14,Y1M,1,1,4.477949945676642,0.16394876656090762
12,3,SVAR.14,Y1N,1,1,4.402659367000219,0.08865818788448543
13,3,SVAR.14,Y1P,1,1,3.562936194391157,-0.751064984724577
14,3,SVAR.14,Y1Q,1,1,4.218655221541596,-0.09534595757413822
15,3,SVAR.14,Y1R,1,1,4.285158828724026,-0.028842350391707683
16,3,SVAR.14,Y1S,1,1,4.420243062310892,0.1062418831951577
17,3,SVAR.14,Y1T,1,1,4.019064732087244,-0.29493644702848965
18,3,SVAR.14,Y1V,1,1,3.698025165207792,-0.6159760139079422
19,3,SVAR.14,Y1W,1,1,4.521946783511464,0.2079456043957304
20,3,SVAR.14,L2A,2,1,3.353870987390117,-0.9601301917256171
21,3,SVAR.14,L2C,2,1,3.293316972769836,-1.0206842063458978
22,3,SVAR.14,L2D,2,1,0.3244349504979373,-3.9895662286177966
23,3,SVAR.14,L2E,2,1,0.6434349034406203,-3.670566275675114
24,3,SVAR.14,L2F,2,1,3.751267186484772,-0.562733992630962
25,3,SVAR.14,L2G,2,1,1.6337218126410118,-2.680279366474722
26,3,SVAR.14,L2H,2,1,3.1003195339564456,-1.2136816451592884
27,3,SVAR.14,L2I,2,1,4.061613190407161,-0.2523879887085734
28,3,SVAR.14,L2K,2,1,2.7631754734890546,-1.5508257056266794
29,3,SVAR.14,L2M,2,1,3.8957500380033183,-0.4182511411124157
30,3,SVAR.14,L2N,2,1,1.0107264065930583,-3.3032747725226757
31,3,SVAR.14,L2P,2,1,2.4125984538274268,-1.9014027252883072
32,3,SVAR.14,L2Q,2,1,2.654935406314703,-1.6590657728010312
33,3,SVAR.14,L2R,2,1,0.6416850907330975,-3.6723160883826367
34,3,SVAR.14,L2S,2,1,3.0153752258869155,-1.2986259532288185
35,3,SVAR.14,L2T,2,1,3.0420913334890325,-1.2719098456267015
36,3,SVAR.14,L2V,2,1,3.818676154945041,-0.4953250241706928
37,3,SVAR.14,L2W,2,1,0.4966250337751057,-3.8173761453406283
38,3,SVAR.14,L2Y,2,1,0.7826431685608505,-3.5313580105548836
39,3,SVAR.14,Q3A,3,1,0.9651052095538144,-3.3488959695619194
40,3,SVAR.14,Q3C,3,1,2.011074046158427,-2.302927132957307
41,3,SVAR.14,Q3D,3,1,0.3239166479808161,-3.990084531134918
42,3,SVAR.14,Q3E,3,1,0.7077055654333959,-3.606295613682338
43,3,SVAR.14,Q3F,3,1,0.3734583955274444,-3.9405427835882896
44,3,SVAR.14,Q3G,3,1,1.7044842821606965,-2.6095168969550375
45,3,SVAR.14,Q3H,3,1,0.5849625007211562,-3.729038678394578
46,3,SVAR.14,Q3I,3,1,0.9947057003304872,-3.319295478785247
47,3,SVAR.14,Q3K,3,1,0.4892384411202607,-3.8247627379954734
48,3,SVAR.14,Q3L,3,1,1.132266875383788,-3.181734303731946
49,3,SVAR.14,Q3M,3,1,3.5902568003906694,-0.7237443787250646
50,3,SVAR.14,Q3N,3,1,2.5754852224176323,-1.7385159566981017
51,3,SVAR.14,Q3P,3,1,0.5338236517293553,-3.7801775273863787
52,3,SVAR.14,Q3R,3,1,0.4030978859673185,-3.9109032931484156
53,3,SVAR.14,Q3S,3,1,2.227068908545921,-2.086932270569813
54,3,SVAR.14,Q3T,3,1,0.6893404281467267,-3.6246607509690074
55,3,SVAR.14,Q3V,3,1,0.8416969181992118,-3.4723042609165224
56,3,SVAR.14,Q3W,3,1,0.3979639859199024,-3.9160371931958315
57,3,SVAR.14,Q3Y,3,1,0.3638121759236707,-3.9501890031920635
58,3,SVAR.14,P4A,4,1,3.603584039488218,-0.7104171396275158
59,3,SVAR.14,P4C,4,1,1.1413558492455416,-3.1726453298701927
60,3,SVAR.14,P4D,4,1,0.1594782140071965,-4.154522965108537
61,3,SVAR.14,P4E,4,1,0.8311230879905539,-3.48287809112518
62,3,SVAR.14,P4F,4,1,0.331478887670301,-3.982522291445433
63,3,SVAR.14,P4G,4,1,4.193388462931165,-0.12061271618456892
64,3,SVAR.14,P4H,4,1,3.750427853972769,-0.5635733251429649
65,3,SVAR.14,P4I,4,1,0.6326289343514707,-3.681372244764263
66,3,SVAR.14,P4K,4,1,0.7194781674373651,-3.594523011678369
67,3,SVAR.14,P4L,4,1,0.4829905276198785,-3.8310106514958555
68,3,SVAR.14,P4M,4,1,1.784271308944563,-2.5297298701711712
69,3,SVAR.14,P4N,4,1,1.838833153530772,-2.4751680255849617
70,3,SVAR.14,P4Q,4,1,3.865014733528055,-0.44898644558767886
71,3,SVAR.14,P4R,4,1,1.3241123421492385,-2.9898888369664958
72,3,SVAR.14,P4S,4,1,2.494221337889328,-1.819779841226406
73,3,SVAR.14,P4T,4,1,0.6487941125903918,-3.6652070665253422
74,3,SVAR.14,P4V,4,1,0.5402241859558717,-3.773776993159862
75,3,SVAR.14,P4W,4,1,0.6061789866308519,-3.707822192484882
76,3,SVAR.14,P4Y,4,1,0.3649968167792483,-3.9490043623364857
77,3,SVAR.14,R5A,5,1,0.258402957102148,-4.055598222013586
78,3,SVAR.14,R5C,5,1,0.3975500725500027,-3.9164511065657313
79,3,SVAR.14,R5D,5,0,-0.2106790007726576,-4.524680179888391
80,3,SVAR.14,R5E,5,1,0.343778816109022,-3.970222363006712
81,3,SVAR.14,R5F,5,1,0.3833286395515056,-3.9306725395642284
82,3,SVAR.14,R5G,5,1,0.3625700793847084,-3.9514310997310256
83,3,SVAR.14,R5H,5,1,0.1734309449438477,-4.140570234171887
84,3,SVAR.14,R5I,5,0,-3.456107435044732,-7.770108614160466
85,3,SVAR.14,R5K,5,1,0.5047403022270758,-3.809260876888658
86,3,SVAR.14,R5L,5,1,0.5651176893242847,-3.7488834897914494
87,3,SVAR.14,R5M,5,1,0.5830753911768908,-3.730925787938843
88,3,SVAR.14,R5N,5,1,0.3367954761886352,-3.977205702927099
89,3,SVAR.14,R5P,5,1,0.4137059855332994,-3.9002951935824344
90,3,SVAR.14,R5Q,5,1,0.24355703133449,-4.070444147781244
91,3,SVAR.14,R5S,5,1,0.3041533931593862,-4.009847785956348
92,3,SVAR.14,R5T,5,1,0.3518813169889901,-3.9621198621267437
93,3,SVAR.14,R5V,5,1,0.4474589769712211,-3.866542202144513
94,3,SVAR.14,R5W,5,1,0.4741410196237268,-3.839860159492007
95,3,SVAR.14,R5Y,5,1,0.5446304066859381,-3.769370772429796
96,3,SVAR.14,T6A,6,1,0.6287127035141826,-3.6852884756015514
97,3,SVAR.14,T6C,6,1,1.1627684386500294,-3.1512327404657046
98,3,SVAR.14,T6D,6,1,0.4443641705483556,-3.8696370085673784
99,3,SVAR.14,T6E,6,1,0.4226910718222791,-3.891310107293455
100,3,SVAR.14,T6F,6,1,0.5438238059276698,-3.7701773731880643
101,3,SVAR.14,T6G,6,1,0.5181754095099539,-3.79582576960578
102,3,SVAR.14,T6H,6,1,0.4276817085310666,-3.8863194705846675
103,3,SVAR.14,T6I,6,1,0.5568114604070072,-3.7571897187087266
104,3,SVAR.14,T6K,6,1,0.4505361805002301,-3.863464998615504
105,3,SVAR.14,T6L,6,1,0.7086209684722445,-3.6053802106434896
106,3,SVAR.14,T6M,6,1,0.5600382455609276,-3.7539629335548064
107,3,SVAR.14,T6N,6,1,1.2810943773787848,-3.0329068017369494
108,3,SVAR.14,T6P,6,1,0.5233234349287704,-3.7906777441869637
109,3,SVAR.14,T6Q,6,1,0.5488932460136344,-3.7651079331020996
110,3,SVAR.14,T6R,6,1,0.6667565918848034,-3.6472445872309307
111,3,SVAR.14,T6S,6,1,0.6948401184935296,-3.619161060622204
112,3,SVAR.14,T6V,6,1,0.6283550962345369,-3.685646082881197
113,3,SVAR.14,T6W,6,1,0.6365952691364786,-3.6774059099792553
114,3,SVAR.14,T6Y,6,1,0.5038257379957507,-3.8101754411199833
115,3,SVAR.14,F7A,7,1,0.6173112784190166,-3.6966899006967173
116,3,SVAR.14,F7C,7,1,2.9131495860802006,-1.4008515930355334
117,3,SVAR.14,F7D,7,1,0.4660214279976488,-3.847979751118085
118,3,SVAR.14,F7E,7,1,0.4048417321729553,-3.9091594469427786
119,3,SVAR.14,F7G,7,1,0.5632674296218373,-3.7507337494938966
120,3,SVAR.14,F7H,7,1,1.496878531015496,-2.817122648100238
121,3,SVAR.14,F7I,7,1,1.1986673864283306,-3.1153337926874034
122,3,SVAR.14,F7K,7,1,0.2265924098657335,-4.0874087692500005
123,3,SVAR.14,F7L,7,1,0.5038257379957507,-3.8101754411199833
124,3,SVAR.14,F7M,7,1,4.044547507805877,-0.269453671309857
125,3,SVAR.14,F7N,7,1,3.1278205788664803,-1.1861806002492536
126,3,SVAR.14,F7P,7,1,0.9821519986670756,-3.3318491804486583
127,3,SVAR.14,F7Q,7,1,2.153740233981108,-2.160260945134626
128,3,SVAR.14,F7R,7,1,0.4861706761379392,-3.827830502977795
129,3,SVAR.14,F7S,7,1,4.223386766293372,-0.0906144128223616
130,3,SVAR.14,F7T,7,1,3.538623786054287,-0.7753773930614472
131,3,SVAR.14,F7V,7,1,1.9549348284684689,-2.3590663506472653
132,3,SVAR.14,F7W,7,1,2.1128636387325246,-2.2011375403832094
133,3,SVAR.14,F7Y,7,1,4.463729495415287,0.1497283162995533
134,3,SVAR.14,L8A,8,1,1.3325753390868709,-2.981425840028863
135,3,SVAR.14,L8C,8,1,4.006919413939791,-0.3070817651759432
136,3,SVAR.14,L8D,8,1,0.2963930027802248,-4.017608176335509
137,3,SVAR.14,L8E,8,1,1.5957289315902263,-2.7182722475255074
138,3,SVAR.14,L8F,8,1,2.479609500574928,-1.8343916785408059
139,3,SVAR.14,L8G,8,1,1.855004933340143,-2.458996245775591
140,3,SVAR.14,L8H,8,1,0.892243819644117,-3.421757359471617
141,3,SVAR.14,L8I,8,1,3.647698256069119,-0.6663029230466151
142,3,SVAR.14,L8K,8,1,0.2845675673834352,-4.029433611732299
143,3,SVAR.14,L8M,8,1,3.8995031099133457,-0.4144980692023883
144,3,SVAR.14,L8N,8,1,2.705592205906695,-1.608408973209039
145,3,SVAR.14,L8P,8,1,2.898601387403938,-1.415399791711796
146,3,SVAR.14,L8Q,8,1,3.198615038053322,-1.115386141062412
147,3,SVAR.14,L8R,8,1,0.4360991148066735,-3.8779020643090605
148,3,SVAR.14,L8S,8,1,1.7185456550997482,-2.5954555240159856
149,3,SVAR.14,L8T,8,1,3.452512204697507,-0.861488974418227
150,3,SVAR.14,L8V,8,1,2.702431932553257,-1.611569246562477
151,3,SVAR.14,L8W,8,1,0.4837836663537888,-3.830217512761945
152,3,SVAR.14,L8Y,8,1,0.3920458566526146,-3.9219553224631194
153,3,SVAR.14,L9A,9,1,3.70087656751336,-0.6131246116023741
154,3,SVAR.14,L9C,9,1,3.612631472865108,-0.7013697062506261
155,3,SVAR.14,L9D,9,1,2.0553982386590914,-2.2586029404566426
156,3,SVAR.14,L9E,9,1,2.821246740350292,-1.492754438765442
157,3,SVAR.14,L9F,9,1,2.1998694047103085,-2.1141317744054255
158,3,SVAR.14,L9G,9,1,3.3668405167629367,-0.9471606623527973
159,3,SVAR.14,L9H,9,1,2.913472719110646,-1.4005284600050878
160,3,SVAR.14,L9I,9,1,3.825793423730336,-0.48820775538539785
161,3,SVAR.14,L9K,9,1,2.1423529234113303,-2.1716482557044037
162,3,SVAR.14,L9M,9,1,3.935014196522906,-0.3789869825928278
163,3,SVAR.14,L9N,9,1,3.1469881901651537,-1.1670129889505803
164,3,SVAR.14,L9P,9,1,1.3971227702796478,-2.9168784088360864
165,3,SVAR.14,L9Q,9,1,3.222233874708354,-1.0917673044073801
166,3,SVAR.14,L9R,9,1,1.0079051980853462,-3.3060959810303876
167,3,SVAR.14,L9S,9,1,3.7033904467916967,-0.6106107323240373
168,3,SVAR.14,L9T,9,1,3.606743016757625,-0.7072581623581091
169,3,SVAR.14,L9V,9,1,2.671150538459293,-1.642850640656441
170,3,SVAR.14,L9W,9,1,1.045379903504009,-3.268621275611725
171,3,SVAR.14,L9Y,9,1,0.3620055342626975,-3.9519956448530364
1,4,SVAR.16,Y1A,1,1,1.7179363659905773,-1.530199163463878
2,4,SVAR.16,Y1C,1,1,2.8672037955941607,-0.38093173386029466
3,4,SVAR.16,Y1D,1,1,1.3232099208631924,-1.924925608591263
4,4,SVAR.16,Y1E,1,1,1.3175935046234717,-1.9305420248309837
5,4,SVAR.16,Y1F,1,1,3.0510866301499813,-0.1970488993044741
6,4,SVAR.16,Y1G,1,1,1.82781902461732,-1.4203165048371353
7,4,SVAR.16,Y1H,1,1,2.0331668639351994,-1.214968665519256
8,4,SVAR.16,Y1I,1,1,2.1955012481483287,-1.0526342813061267
9,4,SVAR.16,Y1K,1,1,0.9980223505595576,-2.250113178894898
10,4,SVAR.16,Y1L,1,1,2.7667641414445208,-0.4813713880099346
11,4,SVAR.16,Y1M,1,1,2.570785080095658,-0.6773504493587974
12,4,SVAR.16,Y1N,1,1,2.032421477692377,-1.2157140517620784
13,4,SVAR.16,Y1P,1,1,0.8711194645866965,-2.377016064867759
14,4,SVAR.16,Y1Q,1,1,1.80542747348649,-1.4427080559679655
15,4,SVAR.16,Y1R,1,1,1.7281125876122332,-1.5200229418422222
16,4,SVAR.16,Y1S,1,1,1.771522816202575,-1.4766127132518805
17,4,SVAR.16,Y1T,1,1,1.841227859496413,-1.4069076699580423
18,4,SVAR.16,Y1V,1,1,1.651304995549852,-1.5968305339046034
19,4,SVAR.16,Y1W,1,1,3.9670115880460894,0.7188760585916341
20,4,SVAR.16,L2A,2,1,1.293136437623213,-1.9549990918312423
21,4,SVAR.16,L2C,2,1,1.4895157152381202,-1.7586198142163352
22,4,SVAR.16,L2D,2,1,0.020939337692363,-3.2271961917620926
23,4,SVAR.16,L2E,2,1,0.0158976268802084,-3.232237902574247
24,4,SVAR.16,L2F,2,1,2.8365012677171206,-0.41163426173733475
25,4,SVAR.16,L2G,2,1,0.3174821898561702,-2.930653339598285
26,4,SVAR.16,L2H,2,1,0.9624365870435168,-2.2856989424109386
27,4,SVAR.16,L2I,2,1,2.314233703097362,-0.9339018263570935
28,4,SVAR.16,L2K,2,1,0.4634005208402429,-2.7847350086142124
29,4,SVAR.16,L2M,2,1,2.3788924993172498,-0.8692430301372056
30,4,SVAR.16,L2N,2,1,0.0064840335701987,-3.241651495884257
31,4,SVAR.16,L2P,2,1,0.4158046862370393,-2.832330843217416
32,4,SVAR.16,L2Q,2,1,0.9211812531589122,-2.326954276295543
33,4,SVAR.16,L2R,2,0,-0.1703617185762326,-3.418497248030688
34,4,SVAR.16,L2S,2,1,1.669006096674294,-1.5791294327801615
35,4,SVAR.16,L2T,2,1,1.2202661202280602,-2.027869409226395
36,4,SVAR.16,L2V,2,1,2.4550321966760222,-0.7931033327784331
37,4,SVAR.16,L2W,2,1,0.4791678366985595,-2.7689676927558957
38,4,SVAR.16,L2Y,2,1,0.8684952168715081,-2.3796403125829473
39,4,SVAR.16,Q3A,3,1,0.222392421336448,-3.0257431081180073
40,4,SVAR.16,Q3C,3,1,0.1539916465385037,-3.0941438829159518
41,4,SVAR.16,Q3D,3,0,-0.3909697393170137,-3.639105268771469
42,4,SVAR.16,Q3E,3,0,-0.2549555410731086,-3.5030910705275637
43,4,SVAR.16,Q3F,3,0,-0.0752881273042371,-3.3234236567586923
44,4,SVAR.16,Q3G,3,1,0.7100823000152586,-2.5380532294391966
45,4,SVAR.16,Q3H,3,0,-0.1459285790353655,-3.394064108489821
46,4,SVAR.16,Q3I,3,1,0.1438871405407892,-3.1042483889136663
47,4,SVAR.16,Q3K,3,0,-0.0759488532332986,-3.324084382687754
48,4,SVAR.16,Q3L,3,1,0.1507799521756089,-3.0973555772788464
49,4,SVAR.16,Q3M,3,1,2.533075759056188,-0.7150597703982675
50,4,SVAR.16,Q3N,3,0,-0.0113153132278341,-3.2594508426822895
51,4,SVAR.16,Q3P,3,0,-0.0949965139357468,-3.3431320433902023
52,4,SVAR.16,Q3R,3,0,-0.2235243908263678,-3.4716599202808234
53,4,SVAR.16,Q3S,3,1,1.3440670721566108,-1.9040684572978446
54,4,SVAR.16,Q3T,3,0,-0.0654230749980484,-3.3135586044525036
55,4,SVAR.16,Q3V,3,0,-0.0271848293262304,-3.275320358780686
56,4,SVAR.16,Q3W,3,0,-0.2517079881610037,-3.499843517615459
57,4,SVAR.16,Q3Y,3,0,-0.088130910278665,-3.3362664397331203
58,4,SVAR.16,P4A,4,1,1.442418886801632,-1.8057166426528233
59,4,SVAR.16,P4C,4,0,-0.122255750050998,-3.3703912795054536
60,4,SVAR.16,P4D,4,1,0.2121852643380409,-3.0359502651164143
61,4,SVAR.16,P4E,4,0,-0.1248912478278086,-3.373026777282264
62,4,SVAR.16,P4F,4,0,-0.2720795454368008,-3.520215074891256
63,4,SVAR.16,P4G,4,1,0.0181018063753105,-3.2300337230791447
64,4,SVAR.16,P4H,4,0,-0.2523871616342854,-3.5005226910887406
65,4,SVAR.16,P4I,4,0,-0.1883577195392978,-3.436493248993753
66,4,SVAR.16,P4K,4,0,-0.2230187269859146,-3.47115425644037
67,4,SVAR.16,P4L,4,0,-0.2747329272176678,-3.522868456672123
68,4,SVAR.16,P4M,4,0,-0.2643231018023663,-3.5124586312568216
69,4,SVAR.16,P4N,4,1,0.4090137116510738,-2.8391218178033815
70,4,SVAR.16,P4Q,4,0,-0.1296352804165954,-3.3777708098710506
71,4,SVAR.16,P4R,4,0,-0.2667865406949012,-3.5149220701493564
72,4,SVAR.16,P4S,4,1,0.4681488357384062,-2.779986693716049
73,4,SVAR.16,P4T,4,0,-0.0507631136818866,-3.298898643136342
74,4,SVAR.16,P4V,4,0,-0.120132578158028,-3.3682681076124834
75,4,SVAR.16,P4W,4,1,0.2167277181993599,-3.0314078112550953
76,4,SVAR.16,P4Y,4,0,-0.0117134205637904,-3.2598489500182457
77,4,SVAR.16,R5A,5,0,-0.197832767965388,-3.4459682974198436
78,4,SVAR.16,R5C,5,0,-0.440393073555738,-3.6885286030101936
79,4,SVAR.16,R5D,5,0,-0.235513343069889,-3.4836488725243444
80,4,SVAR.16,R5E,5,0,-0.2337971846086972,-3.4819327140631526
81,4,SVAR.16,R5F,5,0,-0.3074285251922473,-3.5555640546467027
82,4,SVAR.16,R5G,5,0,-0.1648108697456702,-3.4129463992001257
83,4,SVAR.16,R5H,5,1,0.1142155688560246,-3.1339199605984307
84,4,SVAR.16,R5I,5,0,-0.084888897586513,-3.3330244270409684
85,4,SVAR.16,R5K,5,0,-0.3219280948873623,-3.5700636243418176
86,4,SVAR.16,R5L,5,0,-0.6920839954853619,-3.9402195249398173
87,4,SVAR.16,R5M,5,0,-0.3530506123831429,-3.6011861418375983
88,4,SVAR.16,R5N,5,0,-0.2500708729833986,-3.498206402437854
89,4,SVAR.16,R5P,5,0,-0.7489382358322823,-3.9970737652867374
90,4,SVAR.16,R5Q,5,0,-0.2630344058337938,-3.5111699352882493
91,4,SVAR.16,R5S,5,0,-0.5556979062159616,-3.803833435670417
92,4,SVAR.16,R5T,5,0,-0.5591224957858966,-3.807258025240352
93,4,SVAR.16,R5V,5,0,-0.3236344168377653,-3.5717699462922208
94,4,SVAR.16,R5W,5,0,-0.3470190758501927,-3.595154605304648
95,4,SVAR.16,R5Y,5,0,-0.3557326493311545,-3.6038681787856097
96,4,SVAR.16,T6A,6,1,1.4760512402067818,-1.7720842892476736
97,4,SVAR.16,T6C,6,1,2.103487016067629,-1.1446485133868265
98,4,SVAR.16,T6D,6,0,-0.0933714981411149,-3.3415070275955703
99,4,SVAR.16,T6E,6,0,-0.1961425221786228,-3.444278051633078
100,4,SVAR.16,T6F,6,0,-0.5178483048626192,-3.7659838343170744
101,4,SVAR.16,T6G,6,1,3.029747343394052,-0.21838818606040356
102,4,SVAR.16,T6H,6,0,-0.1632181705782602,-3.4113537000327154
103,4,SVAR.16,T6I,6,1,1.42372504639478,-1.8244104830596755
104,4,SVAR.16,T6K,6,0,0.0,-3.2481355294544554
105,4,SVAR.16,T6L,6,1,0.9481410297968405,-2.2999944996576147
106,4,SVAR.16,T6M,6,0,-0.0320216730505257,-3.280157202504981
107,4,SVAR.16,T6N,6,1,0.578016435108293,-2.6701190943461626
108,4,SVAR.16,T6P,6,0,-0.3348671505948605,-3.583002680049316
109,4,SVAR.16,T6Q,6,0,-0.3999700511899022,-3.6481055806443576
110,4,SVAR.16,T6R,6,1,0.1630582819540458,-3.0850772475004096
111,4,SVAR.16,T6S,6,1,0.140030451778974,-3.1081050776754813
112,4,SVAR.16,T6V,6,1,2.110599340048274,-1.1375361894061813
113,4,SVAR.16,T6W,6,0,-0.3811672982620384,-3.6293028277164936
114,4,SVAR.16,T6Y,6,0,-0.3064566861249224,-3.554592215579378
115,4,SVAR.16,F7A,7,0,-0.6405321885392024,-3.8886677179936577
116,4,SVAR.16,F7C,7,1,0.2683876403280007,-2.979747889126455
117,4,SVAR.16,F7D,7,0,-0.473759938401546,-3.7218954678560014
118,4,SVAR.16,F7E,7,0,-0.3396300966208213,-3.5877656260752766
119,4,SVAR.16,F7G,7,0,-0.2498731577585549,-3.4980086872130105
120,4,SVAR.16,F7H,7,0,-0.1540336286724208,-3.4021691581268763
121,4,SVAR.16,F7I,7,0,-0.1431249420985971,-3.3912604715530525
122,4,SVAR.16,F7K,7,0,-0.4150374992788438,-3.6631730287332993
123,4,SVAR.16,F7L,7,1,0.13271392234524,-3.1154216071092153
124,4,SVAR.16,F7M,7,1,0.1709861968126228,-3.0771493326418327
125,4,SVAR.16,F7N,7,0,-0.5751719975283468,-3.823307526982802
126,4,SVAR.16,F7P,7,0,-0.5812103658600486,-3.829345895314504
127,4,SVAR.16,F7Q,7,1,0.2243919989827964,-3.023743530471659
128,4,SVAR.16,F7R,7,0,-0.4485900589898704,-3.696725588444326
129,4,SVAR.16,F7S,7,0,-0.3210716418845376,-3.569207171338993
130,4,SVAR.16,F7T,7,0,-0.2433460709116817,-3.491481600366137
131,4,SVAR.16,F7V,7,1,0.0968615392525889,-3.1512739902018665
132,4,SVAR.16,F7W,7,0,-0.2814129351486483,-3.5295484646031037
133,4,SVAR.16,F7Y,7,1,2.990245432474267,-0.2578900969801885
134,4,SVAR.16,L8A,8,0,0.0,-3.2481355294544554
135,4,SVAR.16,L8C,8,1,0.9310066830149856,-2.31712884643947
136,4,SVAR.16,L8D,8,0,-0.2895066171949848,-3.53764214664944
137,4,SVAR.16,L8E,8,0,-0.2186402864753404,-3.466775815929796
138,4,SVAR.16,L8F,8,1,0.7421088974421659,-2.5060266320122895
139,4,SVAR.16,L8G,8,0,-0.1633583308384701,-3.4114938602929255
140,4,SVAR.16,L8H,8,1,0.7792313211432161,-2.468904208311239
141,4,SVAR.16,L8I,8,1,3.502185993640286,0.25405046418583055
142,4,SVAR.16,L8K,8,1,0.0786098346963664,-3.169525694758089
143,4,SVAR.16,L8M,8,1,2.1932575052729364,-1.054878024181519
144,4,SVAR.16,L8N,8,1,0.4925350604363883,-2.7556004690180673
145,4,SVAR.16,L8P,8,0,-0.0885366746016573,-3.3366722040561125
146,4,SVAR.16,L8Q,8,1,1.906061222179015,-1.3420743072754404
147,4,SVAR.16,L8R,8,1,2.7496508537973217,-0.4984846756571337
148,4,SVAR.16,L8S,8,1,0.3179700813186791,-2.930165448135776
149,4,SVAR.16,L8T,8,1,1.1876270031757714,-2.060508526278684
150,4,SVAR.16,L8V,8,1,3.0414124491569865,-0.2067230802974689
151,4,SVAR.16,L8W,8,1,1.6096950214140755,-1.6384405080403799
152,4,SVAR.16,L8Y,8,1,1.1292830169449666,-2.1188525125094886
153,4,SVAR.16,L9A,9,0,-0.6750121053635797,-3.923147634818035
154,4,SVAR.16,L9C,9,1,0.9031866268451,-2.3449489026093553
155,4,SVAR.16,L9D,9,0,-0.1679446373140716,-3.416080166768527
156,4,SVAR.16,L9E,9,1,1.7695803848752054,-1.47855514457925
157,4,SVAR.16,L9F,9,1,0.7055159555411535,-2.542619573913302
158,4,SVAR.16,L9G,9,0,-0.1464435681031494,-3.394579097557605
159,4,SVAR.16,L9H,9,1,1.0526803166761776,-2.1954552127782776
160,4,SVAR.16,L9I,9,1,1.140738267349236,-2.1073972621052195
161,4,SVAR.16,L9K,9,1,0.3473987824034806,-2.9007367470509746
162,4,SVAR.16,L9M,9,1,1.419677886170753,-1.8284576432837023
163,4,SVAR.16,L9N,9,1,0.7607165809656662,-2.487418948488789
164,4,SVAR.16,L9P,9,1,0.651414150050993,-2.5967213794034625
165,4,SVAR.16,L9Q,9,1,2.251276434957622,-0.9968590944968332
166,4,SVAR.16,L9R,9,0,-0.2175060659764221,-3.4656415954308777
167,4,SVAR.16,L9S,9,0,-0.0458036896131247,-3.29393921906758
168,4,SVAR.16,L9T,9,1,2.116324117967232,-1.1318114114872233
169,4,SVAR.16,L9V,9,1,1.815446334411152,-1.4326891950433034
170,4,SVAR.16,L9W,9,1,0.2832122877714241,-2.964923241683031
171,4,SVAR.16,L9Y,9,0,-0.033358596946431,-3.2814941264008866
1,5,SVAR.2,Y1A,1,1,2.1510077880996827,-0.8627603672280073
2,5,SVAR.2,Y1C,1,1,2.638401759682617,-0.37536639564507324
3,5,SVAR.2,Y1D,1,1,0.9004643264490856,-2.1133038288786046
4,5,SVAR.2,Y1E,1,1,1.0071955014042038,-2.0065726539234863
5,5,SVAR.2,Y1F,1,1,3.525551880566828,0.511783725239138
6,5,SVAR.2,Y1G,1,1,1.7690664373332303,-1.2447017179944597
7,5,SVAR.2,Y1H,1,1,1.1252512629259162,-1.888516892401774
8,5,SVAR.2,Y1I,1,1,2.043327431664101,-0.970440723663589
9,5,SVAR.2,Y1K,1,1,1.806790155935344,-1.206977999392346
10,5,SVAR.2,Y1L,1,1,2.4329594072761065,-0.5808087480515836
11,5,SVAR.2,Y1M,1,1,2.506175998672582,-0.5075921566551083
12,5,SVAR.2,Y1N,1,1,1.540568381362703,-1.4731997739649871
13,5,SVAR.2,Y1P,1,1,1.4459860875723456,-1.5677820677553445
14,5,SVAR.2,Y1Q,1,1,1.6594124498810374,-1.3543557054466526
15,5,SVAR.2,Y1R,1,1,1.7625364182157583,-1.2512317371119317
16,5,SVAR.2,Y1S,1,1,1.8584834137434416,-1.1552847415842484
17,5,SVAR.2,Y1T,1,1,1.9286907007467533,-1.0850774545809367
18,5,SVAR.2,Y1V,1,1,2.0442912497344743,-0.9694769055932158
19,5,SVAR.2,Y1W,1,1,2.3908549847002742,-0.6229131706274158
20,5,SVAR.2,L2A,2,1,1.949591183920261,-1.064176971407429
21,5,SVAR.2,L2C,2,1,1.7531171067506164,-1.2606510485770737
22,5,SVAR.2,L2D,2,1,0.2963930027802248,-2.7173751525474654
23,5,SVAR.2,L2E,2,1,0.3867880224746702,-2.62698013285302
24,5,SVAR.2,L2F,2,1,2.397384849979868,-0.616383305347822
25,5,SVAR.2,L2G,2,1,0.9663168737437114,-2.0474512815839785
26,5,SVAR.2,L2H,2,1,1.266961635669434,-1.746806519658256
27,5,SVAR.2,L2I,2,1,2.097359759045809,-0.9164083962818812
28,5,SVAR.2,L2K,2,1,0.9442905674137124,-2.0694775879139775
29,5,SVAR.2,L2M,2,1,2.4958824617646758,-0.5178856935630143
30,5,SVAR.2,L2N,2,1,0.3062464726550926,-2.7075216826725974
31,5,SVAR.2,L2P,2,1,0.5684978993034234,-2.4452702560242665
32,5,SVAR.2,L2Q,2,1,1.43126596107073,-1.5825021942569601
33,5,SVAR.2,L2R,2,1,0.0748736193166451,-2.938894536011045
34,5,SVAR.2,L2S,2,1,2.020394671566261,-0.9933734837614292
35,5,SVAR.2,L2T,2,1,1.5485637399911496,-1.4652044153365404
36,5,SVAR.2,L2V,2,1,2.1207773521132243,-0.8929908032144658
37,5,SVAR.2,L2W,2,1,0.3665389815876538,-2.6472291737400364
38,5,SVAR.2,L2Y,2,1,0.5050697001413165,-2.508698455186374
39,5,SVAR.2,Q3A,3,1,0.6251096489794239,-2.388658506348266
40,5,SVAR.2,Q3C,3,1,0.8915532725416896,-2.1222148827860003
41,5,SVAR.2,Q3D,3,0,-0.1930303617051046,-3.206798517032795
42,5,SVAR.2,Q3E,3,1,0.0216485633047633,-2.992119592022927
43,5,SVAR.2,Q3F,3,1,0.2397535819978854,-2.7740145733298047
44,5,SVAR.2,Q3G,3,1,0.7849871090291497,-2.2287810462985402
45,5,SVAR.2,Q3H,3,1,0.0885366746016572,-2.925231480726033
46,5,SVAR.2,Q3I,3,1,0.8538496328003878,-2.159918522527302
47,5,SVAR.2,Q3K,3,1,0.3926696862503893,-2.621098469077301
48,5,SVAR.2,Q3L,3,1,0.7491403081123085,-2.2646278472153814
49,5,SVAR.2,Q3M,3,1,3.165999298228512,0.15223114290082185
50,5,SVAR.2,Q3N,3,1,0.1632303488683042,-2.850537806459386
51,5,SVAR.2,Q3P,3,1,0.1979393776119088,-2.8158287777157813
52,5,SVAR.2,Q3R,3,1,0.0565835283663675,-2.9571846269613227
53,5,SVAR.2,Q3S,3,1,0.834715385449597,-2.1790527698780933
54,5,SVAR.2,Q3T,3,1,0.4353264218200224,-2.5784417335076677
55,5,SVAR.2,Q3V,3,1,0.6489255594531212,-2.3648425958745687
56,5,SVAR.2,Q3W,3,0,-0.0035578194131892,-3.017325974740879
57,5,SVAR.2,Q3Y,3,1,0.116299031763371,-2.897469123564319
58,5,SVAR.2,P4A,4,1,0.5977761864489196,-2.4159919688787705
59,5,SVAR.2,P4C,4,0,-0.2802689432501477,-3.2940370985778378
60,5,SVAR.2,P4D,4,1,0.1959202099752569,-2.817847945352433
61,5,SVAR.2,P4E,4,1,0.162870243908362,-2.8508979114193282
62,5,SVAR.2,P4F,4,1,0.0412680183717339,-2.972500136955956
63,5,SVAR.2,P4G,4,1,3.5346074713326634,0.5208393160049734
64,5,SVAR.2,P4H,4,1,2.007992790753531,-1.0057753645741592
65,5,SVAR.2,P4I,4,1,0.0768155970508309,-2.936952558276859
66,5,SVAR.2,P4K,4,1,0.3980310739731538,-2.615737081354536
67,5,SVAR.2,P4L,4,1,0.0372110790970725,-2.9765570762306175
68,5,SVAR.2,P4M,4,1,0.1641886318931677,-2.8495795234345223
69,5,SVAR.2,P4N,4,1,0.4854268271702417,-2.5283413281574485
70,5,SVAR.2,P4Q,4,1,0.5077946401986964,-2.5059735151289937
71,5,SVAR.2,P4R,4,1,1.0388192488905283,-1.9749489064371617
72,5,SVAR.2,P4S,4,1,0.4911404783646353,-2.522627676963055
73,5,SVAR.2,P4T,4,1,0.2591923395393998,-2.7545758157882902
74,5,SVAR.2,P4V,4,1,0.1781642873482304,-2.8356038679794597
75,5,SVAR.2,P4W,4,1,0.1598964956026837,-2.8538716597250064
76,5,SVAR.2,P4Y,4,1,0.1265027211511838,-2.887265434176506
77,5,SVAR.2,R5A,5,1,0.0946944104814151,-2.919073744846275
78,5,SVAR.2,R5C,5,0,-0.3162839862463499,-3.33005214157404
79,5,SVAR.2,R5D,5,0,-0.0143196713170667,-3.028087826644757
80,5,SVAR.2,R5E,5,1,0.0150674480889417,-2.9987007072387484
81,5,SVAR.2,R5F,5,1,0.0430687218918859,-2.9706994334358043
82,5,SVAR.2,R5G,5,1,0.2059042985478788,-2.8078638567798113
83,5,SVAR.2,R5H,5,1,0.3543495725797397,-2.6594185827479504
84,5,SVAR.2,R5I,5,1,0.1459949846435744,-2.8677731706841154
85,5,SVAR.2,R5K,5,0,-0.0907654639231824,-3.1045336192508723
86,5,SVAR.2,R5L,5,0,-0.4168263340286567,-3.4305944893563467
87,5,SVAR.2,R5M,5,0,-0.0356239097307213,-3.049392065058411
88,5,SVAR.2,R5N,5,0,-0.0346818393847131,-3.0484499947124033
89,5,SVAR.2,R5P,5,0,-0.3279019959319952,-3.3416701512596854
90,5,SVAR.2,R5Q,5,1,0.0220263063299988,-2.991741848997691
91,5,SVAR.2,R5S,5,0,-0.1758498353994177,-3.1896179907271076
92,5,SVAR.2,R5T,5,0,-0.2252923118422427,-3.239060467169933
93,5,SVAR.2,R5V,5,1,0.0101957671058883,-3.003572388221802
94,5,SVAR.2,R5W,5,0,-0.0506260730699679,-3.0643942283976577
95,5,SVAR.2,R5Y,5,0,-0.020708896832109,-3.034477052159799
96,5,SVAR.2,T6A,6,1,0.9012218455218264,-2.1125463098058637
97,5,SVAR.2,T6C,6,1,2.613093936004038,-0.4006742193236521
98,5,SVAR.2,T6D,6,1,0.4228782524960272,-2.590889902831663
99,5,SVAR.2,T6E,6,1,0.2671040701428407,-2.7466640851848494
100,5,SVAR.2,T6F,6,1,0.0291463456595165,-2.9846218096681736
101,5,SVAR.2,T6G,6,1,0.2689792149384034,-2.7447889403892867
102,5,SVAR.2,T6H,6,0,-0.3033423944873309,-3.317110549815021
103,5,SVAR.2,T6I,6,1,1.692959753020267,-1.3208084023074231
104,5,SVAR.2,T6K,6,1,0.0391383939069583,-2.9746297614207315
105,5,SVAR.2,T6L,6,1,0.5794748750827257,-2.4342932802449644
106,5,SVAR.2,T6M,6,1,0.3511870367414954,-2.6625811185861945
107,5,SVAR.2,T6N,6,1,0.8831362423091015,-2.1306319130185885
108,5,SVAR.2,T6P,6,0,-0.0524674198941355,-3.0662355752218255
109,5,SVAR.2,T6Q,6,1,0.1986673864283305,-2.8151007688993595
110,5,SVAR.2,T6R,6,1,0.1703816227599044,-2.8433865325677856
111,5,SVAR.2,T6S,6,1,0.91191603029434,-2.10185212503335
112,5,SVAR.2,T6V,6,1,2.5386929921525647,-0.4750751631751253
113,5,SVAR.2,T6W,6,0,-0.1355149706564809,-3.149283125984171
114,5,SVAR.2,T6Y,6,1,0.0307786615502883,-2.982989493777402
115,5,SVAR.2,F7A,7,0,-0.1051609301925562,-3.118929085520246
116,5,SVAR.2,F7C,7,1,0.7787244750891501,-2.23504368023854
117,5,SVAR.2,F7D,7,0,-0.1699250014423124,-3.1836931567700026
118,5,SVAR.2,F7E,7,1,0.0209596186356461,-2.992808536692044
119,5,SVAR.2,F7G,7,1,0.2526271827706282,-2.7611409725570617
120,5,SVAR.2,F7H,7,1,2.06777811443486,-0.9459900408928301
121,5,SVAR.2,F7I,7,1,0.1699250014423123,-2.843843153885378
122,5,SVAR.2,F7K,7,0,-0.1154772174199359,-3.129245372747626
123,5,SVAR.2,F7L,7,1,0.0443941193584534,-2.9693740359692367
124,5,SVAR.2,F7M,7,1,2.9365209431756,-0.07724721215208996
125,5,SVAR.2,F7N,7,0,0.0,-3.01376815532769
126,5,SVAR.2,F7P,7,1,0.7264074024676295,-2.2873607528600606
127,5,SVAR.2,F7Q,7,1,1.348756797603112,-1.665011357724578
128,5,SVAR.2,F7R,7,0,-0.1165140087264251,-3.130282164054115
129,5,SVAR.2,F7S,7,1,0.013642607958668,-3.0001255473690223
130,5,SVAR.2,F7T,7,1,0.1760303640914996,-2.8377377912361905
131,5,SVAR.2,F7V,7,1,0.6374299206152918,-2.3763382347123985
132,5,SVAR.2,F7W,7,1,0.9945109824430212,-2.019257172884669
133,5,SVAR.2,F7Y,7,1,2.3047156939190825,-0.7090524614086076
134,5,SVAR.2,L8A,8,1,0.5260688116675877,-2.4876993436601023
135,5,SVAR.2,L8C,8,1,1.2176900213424433,-1.7960781339852467
136,5,SVAR.2,L8D,8,1,0.0359792971055666,-2.9777888582221235
137,5,SVAR.2,L8E,8,1,0.3398500028846247,-2.6739181524430653
138,5,SVAR.2,L8F,8,1,0.9363575045491872,-2.0774106507785026
139,5,SVAR.2,L8G,8,1,0.545824106814198,-2.467944048513492
140,5,SVAR.2,L8H,8,1,2.8827752187578284,-0.13099293656986166
141,5,SVAR.2,L8I,8,1,1.4283343218923017,-1.5854338334353884
142,5,SVAR.2,L8K,8,1,0.2041407167802252,-2.809627438547465
143,5,SVAR.2,L8M,8,1,1.9762839310261928,-1.0374842243014972
144,5,SVAR.2,L8N,8,1,2.2735476325164696,-0.7402205228112204
145,5,SVAR.2,L8P,8,1,0.724026538458708,-2.289741616868982
146,5,SVAR.2,L8Q,8,1,1.7594864701666244,-1.2542816851610656
147,5,SVAR.2,L8R,8,1,0.5639008851933264,-2.4498672701343636
148,5,SVAR.2,L8S,8,1,1.3020285374496576,-1.7117396178780324
149,5,SVAR.2,L8T,8,1,1.2690648195809782,-1.7447033357467119
150,5,SVAR.2,L8V,8,1,1.1375035237499351,-1.876264631577755
151,5,SVAR.2,L8W,8,1,0.8303348265711571,-2.183433328756533
152,5,SVAR.2,L8Y,8,1,0.1223966313597266,-2.8913715239679636
153,5,SVAR.2,L9A,9,0,-0.6922311764122868,-3.705999331739977
154,5,SVAR.2,L9C,9,1,0.4869123550594043,-2.5268558002682857
155,5,SVAR.2,L9D,9,1,0.1186444964986189,-2.895123658829071
156,5,SVAR.2,L9E,9,1,0.5679465237055549,-2.445821631622135
157,5,SVAR.2,L9F,9,1,0.4647246233791968,-2.5490435319484934
158,5,SVAR.2,L9G,9,0,-0.1099176920780353,-3.123685847405725
159,5,SVAR.2,L9H,9,1,0.8777172131888343,-2.136050942138856
160,5,SVAR.2,L9I,9,1,1.3867087762203494,-1.6270593791073407
161,5,SVAR.2,L9K,9,1,0.2364828810016298,-2.77728527432606
162,5,SVAR.2,L9M,9,1,0.6168330160081783,-2.3969351393195115
163,5,SVAR.2,L9N,9,1,0.309020611107974,-2.704747544219716
164,5,SVAR.2,L9P,9,1,0.2835327161503519,-2.730235439177338
165,5,SVAR.2,L9Q,9,1,0.4638534152218898,-2.5499147401058004
166,5,SVAR.2,L9R,9,1,0.1163241179672318,-2.8974440373604584
167,5,SVAR.2,L9S,9,0,-0.0633620609974294,-3.0771302163251195
168,5,SVAR.2,L9T,9,1,1.1613338528847976,-1.8524343024428924
169,5,SVAR.2,L9V,9,1,0.6671441446686348,-2.3466240106590552
170,5,SVAR.2,L9W,9,1,0.2931963763440461,-2.720571778983644
171,5,SVAR.2,L9Y,9,1,0.1781455082472808,-2.835622647080409
1,6,SVAR.21,Y1A,1,1,3.1956421715506877,-1.2260345250911913
2,6,SVAR.21,Y1C,1,1,4.521382328748802,0.0997056321069234
3,6,SVAR.21,Y1D,1,1,2.863498000095138,-1.558178696546741
4,6,SVAR.21,Y1E,1,1,3.0135234440997456,-1.4081532525421334
5,6,SVAR.21,Y1F,1,1,4.160865662154847,-0.26081103448703225
6,6,SVAR.21,Y1G,1,1,3.7790060660764153,-0.6426706305654637
7,6,SVAR.21,Y1H,1,1,3.862743491924136,-0.5589332047177429
8,6,SVAR.21,Y1I,1,1,4.223550818948579,-0.19812587769330037
9,6,SVAR.21,Y1K,1,1,2.244042585038612,-2.177634111603267
10,6,SVAR.21,Y1L,1,1,4.605420619861968,0.1837439232200886
11,6,SVAR.21,Y1M,1,1,4.086275437857476,-0.33540125878440286
12,6,SVAR.21,Y1N,1,1,3.682086062321158,-0.739590634320721
13,6,SVAR.21,Y1P,1,1,2.4239943930477383,-1.9976823035941407
14,6,SVAR.21,Y1Q,1,1,3.687969018852324,-0.733707677789555
15,6,SVAR.21,Y1R,1,1,2.926135979211433,-1.4955407174304458
16,6,SVAR.21,Y1S,1,1,3.3899788016784207,-1.0316978949634583
17,6,SVAR.21,Y1T,1,1,3.363136397366814,-1.058540299275065
18,6,SVAR.21,Y1V,1,1,3.25932408649542,-1.162352610146459
19,6,SVAR.21,Y1W,1,1,5.114998790938719,0.6933220942968399
20,6,SVAR.21,L2A,2,1,3.449617328810342,-0.972059367831537
21,6,SVAR.21,L2C,2,1,3.2129937233341983,-1.2086829733076807
22,6,SVAR.21,L2D,2,1,0.615336149764675,-3.806340546877204
23,6,SVAR.21,L2E,2,1,0.3665720099422046,-4.055104686699674
24,6,SVAR.21,L2F,2,1,4.386820524562374,-0.034856172079504866
25,6,SVAR.21,L2G,2,1,1.3593487961120083,-3.062327900529871
26,6,SVAR.21,L2H,2,1,2.640318725703521,-1.781357970938358
27,6,SVAR.21,L2I,2,1,3.666998269587168,-0.7546784270547109
28,6,SVAR.21,L2K,2,1,2.0452983469285675,-2.3763783497133115
29,6,SVAR.21,L2M,2,1,4.061271431727581,-0.3604052649142977
30,6,SVAR.21,L2N,2,1,1.2801079191927351,-3.1415687774491436
31,6,SVAR.21,L2P,2,1,1.8704070925929055,-2.5512696040489735
32,6,SVAR.21,L2Q,2,1,1.911726063523434,-2.5099506331184447
33,6,SVAR.21,L2R,2,1,0.5332474641770009,-3.888429232464878
34,6,SVAR.21,L2S,2,1,3.367410864681371,-1.054265831960508
35,6,SVAR.21,L2T,2,1,3.1478208147354483,-1.2738558819064307
36,6,SVAR.21,L2V,2,1,3.52127087245516,-0.900405824186719
37,6,SVAR.21,L2W,2,1,2.1744334271140597,-2.2472432695278193
38,6,SVAR.21,L2Y,2,1,1.2097338546044398,-3.2119428420374394
39,6,SVAR.21,Q3A,3,1,1.0570701854938995,-3.3646065111479793
40,6,SVAR.21,Q3C,3,1,1.4651609787046804,-2.9565157179371986
41,6,SVAR.21,Q3D,3,1,0.3140011791157334,-4.107675517526146
42,6,SVAR.21,Q3E,3,1,0.3804572675686993,-4.0412194290731795
43,6,SVAR.21,Q3F,3,1,0.1588070369581575,-4.262869659683721
44,6,SVAR.21,Q3G,3,1,2.33652547110032,-2.085151225541559
45,6,SVAR.21,Q3H,3,1,0.2004929397650811,-4.221183756876798
46,6,SVAR.21,Q3I,3,1,0.5418937788292701,-3.8797829178126086
47,6,SVAR.21,Q3K,3,1,0.2919155258209228,-4.129761170820956
48,6,SVAR.21,Q3L,3,1,0.2360673582335245,-4.185609338408354
49,6,SVAR.21,Q3M,3,1,4.064419634386915,-0.35725706225496445
50,6,SVAR.21,Q3N,3,1,0.2579811781075085,-4.163695518534371
51,6,SVAR.21,Q3P,3,1,0.2438098385688953,-4.177866858072984
52,6,SVAR.21,Q3R,3,1,0.2867998714837607,-4.134876825158118
53,6,SVAR.21,Q3S,3,1,2.0342931775538777,-2.3873835190880013
54,6,SVAR.21,Q3T,3,1,0.4430025078148227,-3.9786741888270565
55,6,SVAR.21,Q3V,3,1,0.4523118721219032,-3.969364824519976
56,6,SVAR.21,Q3W,3,1,0.1976806678396943,-4.223996028802185
57,6,SVAR.21,Q3Y,3,1,0.1593557597321251,-4.262320936909754
58,6,SVAR.21,P4A,4,1,2.756865151603911,-1.664811545037968
59,6,SVAR.21,P4C,4,1,0.5330104210864346,-3.8886662755554444
60,6,SVAR.21,P4D,4,1,0.1110313123887439,-4.310645384253135
61,6,SVAR.21,P4E,4,1,0.21468157967283,-4.206995116969049
62,6,SVAR.21,P4F,4,1,0.6009040445901778,-3.8207726520517014
63,6,SVAR.21,P4G,4,1,1.1292830169449666,-3.2923936796969127
64,6,SVAR.21,P4H,4,1,0.2577009615307532,-4.1639757351111255
65,6,SVAR.21,P4I,4,1,0.3257196740497367,-4.095957022592143
66,6,SVAR.21,P4K,4,1,0.0766212816029124,-4.345055415038966
67,6,SVAR.21,P4L,4,1,0.1524904081062915,-4.269186288535588
68,6,SVAR.21,P4M,4,1,0.2002986504858313,-4.2213780461560475
69,6,SVAR.21,P4N,4,1,0.2347364114314288,-4.18694028521045
70,6,SVAR.21,P4Q,4,1,0.1653377319466605,-4.256338964695218
71,6,SVAR.21,P4R,4,1,0.132811828425213,-4.288864868216666
72,6,SVAR.21,P4S,4,1,0.3475387385664,-4.074137958075479
73,6,SVAR.21,P4T,4,1,0.0777222954245177,-4.343954401217362
74,6,SVAR.21,P4V,4,1,0.1946474308535435,-4.227029265788335
75,6,SVAR.21,P4W,4,1,2.0012875458604604,-2.4203891507814186
76,6,SVAR.21,P4Y,4,1,0.1092290697547583,-4.312447626887121
77,6,SVAR.21,R5A,5,1,0.1551703725237331,-4.266506324118146
78,6,SVAR.21,R5C,5,1,0.2614671106868336,-4.160209585955045
79,6,SVAR.21,R5D,5,1,0.0618392538178626,-4.359837442824016
80,6,SVAR.21,R5E,5,1,0.1568040797088712,-4.264872616933008
81,6,SVAR.21,R5F,5,1,0.1771042270466178,-4.244572469595261
82,6,SVAR.21,R5G,5,1,0.1413558492455416,-4.280320847396338
83,6,SVAR.21,R5H,5,1,0.0751014552407187,-4.34657524140116
84,6,SVAR.21,R5I,5,1,0.1088364920429064,-4.312840204598973
85,6,SVAR.21,R5K,5,1,0.1343010917115911,-4.287375604930288
86,6,SVAR.21,R5L,5,1,0.0795387649852069,-4.342137931656672
87,6,SVAR.21,R5M,5,1,0.1221471092857906,-4.299529587356089
88,6,SVAR.21,R5N,5,1,0.1198775107105135,-4.301799185931365
89,6,SVAR.21,R5P,5,1,0.1673783193319658,-4.2542983773099134
90,6,SVAR.21,R5Q,5,1,0.0777222954245177,-4.343954401217362
91,6,SVAR.21,R5S,5,1,0.1260078849121053,-4.295668811729774
92,6,SVAR.21,R5T,5,1,0.1679446373140717,-4.253732059327807
93,6,SVAR.21,R5V,5,1,0.1329388318181282,-4.288737864823751
94,6,SVAR.21,R5W,5,1,0.2207293721138035,-4.200947324528076
95,6,SVAR.21,R5Y,5,1,0.1724671960047656,-4.249209500637114
96,6,SVAR.21,T6A,6,1,2.70401517236492,-1.7176615242769588
97,6,SVAR.21,T6C,6,1,3.784091612233751,-0.6375850844081281
98,6,SVAR.21,T6D,6,1,0.6140354249174701,-3.807641271724409
99,6,SVAR.21,T6E,6,1,0.2191685204621615,-4.202508176179718
100,6,SVAR.21,T6F,6,1,0.2671040701428407,-4.154572626499038
101,6,SVAR.21,T6G,6,1,2.804937672051908,-1.6167390245899709
102,6,SVAR.21,T6H,6,1,0.2787915915093641,-4.142885105132515
103,6,SVAR.21,T6I,6,1,1.606415610387474,-2.815261086254405
104,6,SVAR.21,T6K,6,1,0.1405983301728006,-4.281078366469078
105,6,SVAR.21,T6L,6,1,1.7337913463710626,-2.6878853502708164
106,6,SVAR.21,T6M,6,1,0.4912091797642478,-3.930467516877631
107,6,SVAR.21,T6N,6,1,1.707109610006947,-2.714567086634932
108,6,SVAR.21,T6P,6,1,0.0494686762642999,-4.372208020377579
109,6,SVAR.21,T6Q,6,1,0.5576895705710526,-3.8639871260708265
110,6,SVAR.21,T6R,6,1,0.2155630829463316,-4.206113613695547
111,6,SVAR.21,T6S,6,1,0.8424587230135202,-3.5792179736283587
112,6,SVAR.21,T6V,6,1,3.2464832295699457,-1.1751934670719333
113,6,SVAR.21,T6W,6,1,0.2177007260117259,-4.203975970630153
114,6,SVAR.21,T6Y,6,1,0.1805722456418208,-4.241104451000059
115,6,SVAR.21,F7A,7,1,0.0729315224538511,-4.348745174188028
116,6,SVAR.21,F7C,7,1,0.7759192285107823,-3.6457574681310967
117,6,SVAR.21,F7D,7,1,0.1069152039165119,-4.314761492725367
118,6,SVAR.21,F7E,7,1,0.1013770203750819,-4.320299676266798
119,6,SVAR.21,F7G,7,1,0.0315931246953166,-4.390083571946563
120,6,SVAR.21,F7H,7,1,0.4431298063081967,-3.9785468903336825
121,6,SVAR.21,F7I,7,1,0.6424479953819164,-3.779228701259963
122,6,SVAR.21,F7K,7,1,0.09515723304034,-4.326519463601539
123,6,SVAR.21,F7L,7,1,0.7179013325392845,-3.7037753641025946
124,6,SVAR.21,F7M,7,1,1.245112497836531,-3.176564198805348
125,6,SVAR.21,F7N,7,1,0.0324214776923774,-4.3892552189495015
126,6,SVAR.21,F7P,7,1,0.111814003329351,-4.309862693312528
127,6,SVAR.21,F7Q,7,1,0.1212135869690803,-4.3004631096727985
128,6,SVAR.21,F7R,7,1,0.0600073093642768,-4.361669387277602
129,6,SVAR.21,F7S,7,1,0.090364027652664,-4.331312668989215
130,6,SVAR.21,F7T,7,1,0.0944646840034925,-4.327212012638387
131,6,SVAR.21,F7V,7,1,0.9917481469546392,-3.42992854968724
132,6,SVAR.21,F7W,7,1,0.5201542050930582,-3.9015224915488207
133,6,SVAR.21,F7Y,7,1,4.227902402728726,-0.19377429391315282
134,6,SVAR.21,L8A,8,1,1.8235955630648155,-2.5980811335770637
135,6,SVAR.21,L8C,8,1,3.528035432636321,-0.893641264005558
136,6,SVAR.21,L8D,8,1,0.1487574339413959,-4.2729192627004835
137,6,SVAR.21,L8E,8,1,1.0206841541717375,-3.4009925424701413
138,6,SVAR.21,L8F,8,1,3.6709357238310094,-0.7507409728108696
139,6,SVAR.21,L8G,8,1,0.7369655941662062,-3.684711102475673
140,6,SVAR.21,L8H,8,1,3.621829883444726,-0.7998468131971532
141,6,SVAR.21,L8I,8,1,4.784465206537878,0.3627885098959993
142,6,SVAR.21,L8K,8,1,0.1898997012035785,-4.231776995438301
143,6,SVAR.21,L8M,8,1,3.357685791889556,-1.0639909047523228
144,6,SVAR.21,L8N,8,1,2.7303172181568405,-1.6913594784850385
145,6,SVAR.21,L8P,8,1,0.1581173948141249,-4.263559301827754
146,6,SVAR.21,L8Q,8,1,2.2285315584338545,-2.1931451382080245
147,6,SVAR.21,L8R,8,1,0.9768236776339057,-3.444853019007973
148,6,SVAR.21,L8S,8,1,2.279294812570925,-2.142381884070954
149,6,SVAR.21,L8T,8,1,3.564632971646067,-0.8570437249958118
150,6,SVAR.21,L8V,8,1,4.541103978461574,0.11942728181969464
151,6,SVAR.21,L8W,8,1,3.4276673484269424,-0.9940093482149366
152,6,SVAR.21,L8Y,8,1,3.7126217751864585,-0.7090549214554205
153,6,SVAR.21,L9A,9,1,1.3955645433052564,-3.026112153336623
154,6,SVAR.21,L9C,9,1,2.4966250337751057,-1.9250516628667733
155,6,SVAR.21,L9D,9,1,1.1350111044011582,-3.2866655922407206
156,6,SVAR.21,L9E,9,1,2.705219016428411,-1.716457680213468
157,6,SVAR.21,L9F,9,1,1.8622168570921225,-2.5594598395497563
158,6,SVAR.21,L9G,9,1,1.0258091863496053,-3.3958675102922737
159,6,SVAR.21,L9H,9,1,2.2724465637583355,-2.1492301328835435
160,6,SVAR.21,L9I,9,1,2.503453558298178,-1.9182231383437012
161,6,SVAR.21,L9K,9,1,0.9604716358133628,-3.461205060828516
162,6,SVAR.21,L9M,9,1,2.58954394325306,-1.832132753388819
163,6,SVAR.21,L9N,9,1,2.376812001960487,-2.044864694681392
164,6,SVAR.21,L9P,9,1,3.047558619510513,-1.374118077131366
165,6,SVAR.21,L9Q,9,1,3.198997925638626,-1.222678771003253
166,6,SVAR.21,L9R,9,1,0.274480932484902,-4.147195764156977
167,6,SVAR.21,L9S,9,1,1.4814991807771014,-2.940177515864778
168,6,SVAR.21,L9T,9,1,3.3827656805398405,-1.0389110161020385
169,6,SVAR.21,L9V,9,1,3.0221107016057487,-1.3995659950361303
170,6,SVAR.21,L9W,9,1,1.111977652233033,-3.309699044408846
171,6,SVAR.21,L9Y,9,1,0.4974996594708168,-3.924177037171062
1,7,SVAR.26,Y1A,1,1,6.377163706616618,-0.13051392668494355
2,7,SVAR.26,Y1C,1,1,6.30270238218959,-0.20497525111197135
3,7,SVAR.26,Y1D,1,1,6.062495925733764,-0.44518170756779796
4,7,SVAR.26,Y1E,1,1,6.042596368296059,-0.4650812650055025
5,7,SVAR.26,Y1F,1,1,6.457698790177917,-0.04997884312364498
6,7,SVAR.26,Y1G,1,1,6.327885550183762,-0.1797920831177997
7,7,SVAR.26,Y1H,1,1,6.247667451245336,-0.2600101820562255
8,7,SVAR.26,Y1I,1,1,6.280144624787285,-0.2275330085142766
9,7,SVAR.26,Y1K,1,1,6.5035065929793205,-0.004171040322241026
10,7,SVAR.26,Y1L,1,1,6.380740215837733,-0.1269374174638287
11,7,SVAR.26,Y1M,1,1,6.342090213025574,-0.16558742027598772
12,7,SVAR.26,Y1N,1,1,6.2131977099080125,-0.2944799233935491
13,7,SVAR.26,Y1P,1,1,6.068692228278689,-0.43898540502287275
14,7,SVAR.26,Y1Q,1,1,6.283460763797507,-0.22421686950405473
15,7,SVAR.26,Y1R,1,1,6.523618363111969,0.015940729810407284
16,7,SVAR.26,Y1S,1,1,6.190966861899343,-0.31671077140221815
17,7,SVAR.26,Y1T,1,1,6.29283376729347,-0.21484386600809113
18,7,SVAR.26,Y1V,1,1,6.212521369738372,-0.29515626356318947
19,7,SVAR.26,Y1W,1,1,6.363062294363165,-0.1446153389383964
20,7,SVAR.26,L2A,2,1,6.268056239382698,-0.2396213939188634
21,7,SVAR.26,L2C,2,1,6.154570293258549,-0.3531073400430129
22,7,SVAR.26,L2D,2,1,3.555676939096957,-2.9520006942046044
23,7,SVAR.26,L2E,2,1,5.212513755446862,-1.2951638778546997
24,7,SVAR.26,L2F,2,1,6.296852493449778,-0.2108251398517833
25,7,SVAR.26,L2G,2,1,6.151970184879922,-0.35570744842163915
26,7,SVAR.26,L2H,2,1,6.267105150055727,-0.2405724832458347
27,7,SVAR.26,L2I,2,1,6.338965495277656,-0.1687121380239054
28,7,SVAR.26,L2K,2,1,6.1169354390583095,-0.3907421942432521
29,7,SVAR.26,L2M,2,1,6.346384263218759,-0.1612933700828023
30,7,SVAR.26,L2N,2,1,5.8745527596844855,-0.633124873617076
31,7,SVAR.26,L2P,2,1,5.6725225487930055,-0.835155084508556
32,7,SVAR.26,L2Q,2,1,6.201365897536652,-0.30631173576490944
33,7,SVAR.26,L2R,2,1,2.695742931439693,-3.8119347018618686
34,7,SVAR.26,L2S,2,1,6.27377071622398,-0.23390691707758116
35,7,SVAR.26,L2T,2,1,6.124502278890504,-0.38317535441105743
36,7,SVAR.26,L2V,2,1,5.636360007817372,-0.8713176254841892
37,7,SVAR.26,L2W,2,1,5.5201344688130165,-0.9875431644885451
38,7,SVAR.26,L2Y,2,1,5.785317210077011,-0.7223604232245506
39,7,SVAR.26,Q3A,3,1,5.397971047967158,-1.1097065853344033
40,7,SVAR.26,Q3C,3,1,5.78955011117829,-0.7181275221232717
41,7,SVAR.26,Q3D,3,1,0.6239566323370198,-5.883721000964542
42,7,SVAR.26,Q3E,3,1,3.786596361890807,-2.7210812714107546
43,7,SVAR.26,Q3F,3,1,0.2365621944726028,-6.271115438828959
44,7,SVAR.26,Q3G,3,1,5.875496866479738,-0.6321807668218238
45,7,SVAR.26,Q3H,3,1,2.1386953412823067,-4.368982292019255
46,7,SVAR.26,Q3I,3,1,5.61178425325918,-0.8958933800423816
47,7,SVAR.26,Q3K,3,1,3.894817763307944,-2.6128598699936174
48,7,SVAR.26,Q3L,3,1,4.690748169235968,-1.816929464065594
49,7,SVAR.26,Q3M,3,1,6.320196887264518,-0.18748074603704357
50,7,SVAR.26,Q3N,3,1,3.4474589769712214,-3.06021865633034
51,7,SVAR.26,Q3P,3,1,4.847164787716528,-1.6605128455850338
52,7,SVAR.26,Q3R,3,1,2.5907349378512543,-3.9169426954503073
53,7,SVAR.26,Q3S,3,1,5.895192667820657,-0.6124849654809044
54,7,SVAR.26,Q3T,3,1,4.967056991344348,-1.5406206419572133
55,7,SVAR.26,Q3V,3,1,5.561994389312718,-0.9456832439888432
56,7,SVAR.26,Q3W,3,1,0.2195070302928727,-6.288170603008689
57,7,SVAR.26,Q3Y,3,1,0.2942853398182336,-6.213392293483328
58,7,SVAR.26,P4A,4,1,6.014950341465972,-0.49272729183558983
59,7,SVAR.26,P4C,4,1,4.7504134920102405,-1.757264141291321
60,7,SVAR.26,P4D,4,1,0.3145647064738759,-6.193112926827686
61,7,SVAR.26,P4E,4,1,0.4055860239342719,-6.10209160936729
62,7,SVAR.26,P4F,4,1,2.218264535713771,-4.28941309758779
63,7,SVAR.26,P4G,4,1,6.115655707249276,-0.39202192605228525
64,7,SVAR.26,P4H,4,1,5.453004809339985,-1.0546728239615764
65,7,SVAR.26,P4I,4,1,4.496275637689243,-2.011401995612318
66,7,SVAR.26,P4K,4,1,0.3271647432535096,-6.180512890048052
67,7,SVAR.26,P4L,4,1,0.6328969777848581,-5.8747806555167035
68,7,SVAR.26,P4M,4,1,3.3563036744883776,-3.151373958813184
69,7,SVAR.26,P4N,4,1,5.597114425976489,-0.9105632073250725
70,7,SVAR.26,P4Q,4,1,4.403803325222646,-2.1038743080789155
71,7,SVAR.26,P4R,4,1,4.152067498036069,-2.3556101352654926
72,7,SVAR.26,P4S,4,1,5.867509264779403,-0.6401683685221586
73,7,SVAR.26,P4T,4,1,3.4608827789013663,-3.0467948544001953
74,7,SVAR.26,P4V,4,1,3.87628955354051,-2.6313880797610514
75,7,SVAR.26,P4W,4,1,0.4854268271702417,-6.02225080613132
76,7,SVAR.26,P4Y,4,1,1.1216984217169752,-5.385979211584586
77,7,SVAR.26,R5A,5,1,0.1972617060127657,-6.310415927288796
78,7,SVAR.26,R5C,5,1,0.4208997383115034,-6.086777894990059
79,7,SVAR.26,R5D,5,1,0.1211364375016347,-6.386541195799927
80,7,SVAR.26,R5E,5,1,0.2085866218114173,-6.299091011490145
81,7,SVAR.26,R5F,5,1,0.3533809079300478,-6.1542967253715135
82,7,SVAR.26,R5G,5,1,0.1699250014423123,-6.337752631859249
83,7,SVAR.26,R5H,5,1,0.1061283508613431,-6.401549282440218
84,7,SVAR.26,R5I,5,1,0.1384819537914312,-6.36919567951013
85,7,SVAR.26,R5K,5,1,3.940128544022601,-2.5675490892789607
86,7,SVAR.26,R5L,5,1,0.3462535173069493,-6.161424115994612
87,7,SVAR.26,R5M,5,1,0.4323154907106792,-6.075362142590882
88,7,SVAR.26,R5N,5,1,0.2261078368354363,-6.281569796466125
89,7,SVAR.26,R5P,5,1,0.4150374992788437,-6.092640134022718
90,7,SVAR.26,R5Q,5,1,0.1893139865505031,-6.318363646751059
91,7,SVAR.26,R5S,5,1,0.4193248576819419,-6.08835277561962
92,7,SVAR.26,R5T,5,1,0.4502269277411438,-6.057450705560417
93,7,SVAR.26,R5V,5,1,0.5681542130346022,-5.939523420266959
94,7,SVAR.26,R5W,5,1,0.4077474633483663,-6.099930169953195
95,7,SVAR.26,R5Y,5,1,0.3491495636223866,-6.158528069679175
96,7,SVAR.26,T6A,6,1,3.80569187283496,-2.7019857604666018
97,7,SVAR.26,T6C,6,1,4.598361526157049,-1.9093161071445124
98,7,SVAR.26,T6D,6,1,0.501852375083353,-6.005825258218208
99,7,SVAR.26,T6E,6,1,0.2854022188622483,-6.222275414439313
100,7,SVAR.26,T6F,6,1,0.782692867823335,-5.724984765478227
101,7,SVAR.26,T6G,6,1,5.494105548061054,-1.013572085240508
102,7,SVAR.26,T6H,6,1,3.3263946465692538,-3.181282986732308
103,7,SVAR.26,T6I,6,1,4.484268501101683,-2.0234091321998786
104,7,SVAR.26,T6K,6,1,0.4951310904920905,-6.012546542809471
105,7,SVAR.26,T6L,6,1,4.041990027749163,-2.4656876055523984
106,7,SVAR.26,T6M,6,1,2.5517507216992987,-3.955926911602263
107,7,SVAR.26,T6N,6,1,3.799886251153754,-2.7077913821478075
108,7,SVAR.26,T6P,6,1,0.72009177560181,-5.787585857699751
109,7,SVAR.26,T6Q,6,1,1.606415610387474,-4.9012620229140875
110,7,SVAR.26,T6R,6,1,2.059847221831763,-4.447830411469798
111,7,SVAR.26,T6S,6,1,4.35282561611311,-2.1548520171884515
112,7,SVAR.26,T6V,6,1,4.201276064687622,-2.306401568613939
113,7,SVAR.26,T6W,6,1,2.7540776817431656,-3.753599951558396
114,7,SVAR.26,T6Y,6,1,1.116782233375849,-5.3908953999257125
115,7,SVAR.26,F7A,7,1,2.3525911444631498,-4.155086488838412
116,7,SVAR.26,F7C,7,1,5.532666931599051,-0.9750107017025105
117,7,SVAR.26,F7D,7,1,0.4268791119233605,-6.080798521378201
118,7,SVAR.26,F7E,7,1,0.4274212237346763,-6.080256409566886
119,7,SVAR.26,F7G,7,1,2.922071424964324,-3.5856062083372375
120,7,SVAR.26,F7H,7,1,4.501785013661761,-2.0058926196398
121,7,SVAR.26,F7I,7,1,5.217672071261422,-1.2900055620401396
122,7,SVAR.26,F7K,7,1,0.4634005208402429,-6.044277112461319
123,7,SVAR.26,F7L,7,1,5.700011173643396,-0.807666459658166
124,7,SVAR.26,F7M,7,1,5.45249293780816,-1.0551846954934012
125,7,SVAR.26,F7N,7,1,1.7287450873612378,-4.778932545940323
126,7,SVAR.26,F7P,7,1,2.483727205876999,-4.0239504274245625
127,7,SVAR.26,F7Q,7,1,5.270588503731601,-1.2370891295699602
128,7,SVAR.26,F7R,7,1,0.3797964934953047,-6.127881139806257
129,7,SVAR.26,F7S,7,1,3.451430516446985,-3.0562471168545766
130,7,SVAR.26,F7T,7,1,3.991500534855161,-2.5161770984464007
131,7,SVAR.26,F7V,7,1,5.326309859959243,-1.181367773342319
132,7,SVAR.26,F7W,7,1,4.7270761560513845,-1.780601477250177
133,7,SVAR.26,F7Y,7,1,6.237570395018038,-0.2701072382835239
134,7,SVAR.26,L8A,8,1,3.422842289792219,-3.0848353435093427
135,7,SVAR.26,L8C,8,1,5.280107919192735,-1.2275697141088262
136,7,SVAR.26,L8D,8,1,1.238512086699725,-5.269165546601837
137,7,SVAR.26,L8E,8,1,0.9388258847549652,-5.568851748546597
138,7,SVAR.26,L8F,8,1,5.575072207802831,-0.9326054254987302
139,7,SVAR.26,L8G,8,1,2.459934037253167,-4.047743596048395
140,7,SVAR.26,L8H,8,1,4.951726243674592,-1.5559513896269692
141,7,SVAR.26,L8I,8,1,6.173186670789618,-0.33449096251194366
142,7,SVAR.26,L8K,8,1,2.2739639659920527,-4.233713667309509
143,7,SVAR.26,L8M,8,1,6.0587016826405735,-0.44897595066098805
144,7,SVAR.26,L8N,8,1,4.188839861625421,-2.31883777167614
145,7,SVAR.26,L8P,8,1,0.9944189677367002,-5.513258665564861
146,7,SVAR.26,L8Q,8,1,5.217143887955415,-1.2905337453461465
147,7,SVAR.26,L8R,8,1,3.2373004367838427,-3.270377196517719
148,7,SVAR.26,L8S,8,1,4.80419284946925,-1.7034847838323115
149,7,SVAR.26,L8T,8,1,5.551148674288332,-0.9565289590132293
150,7,SVAR.26,L8V,8,1,5.765817062321728,-0.7418605709798332
151,7,SVAR.26,L8W,8,1,5.695473101485597,-0.812204531815965
152,7,SVAR.26,L8Y,8,1,4.046458061113745,-2.461219572187817
153,7,SVAR.26,L9A,9,1,5.431863358628493,-1.0758142746730686
154,7,SVAR.26,L9C,9,1,5.847905824447475,-0.6597718088540869
155,7,SVAR.26,L9D,9,1,5.395466346332417,-1.1122112869691447
156,7,SVAR.26,L9E,9,1,6.097412501657945,-0.4102651316436168
157,7,SVAR.26,L9F,9,1,5.875517207349007,-0.6321604259525548
158,7,SVAR.26,L9G,9,1,5.356916708011363,-1.1507609252901982
159,7,SVAR.26,L9H,9,1,6.011184405428719,-0.49649322787284245
160,7,SVAR.26,L9I,9,1,5.925590554372054,-0.5820870789295078
161,7,SVAR.26,L9K,9,1,5.740998384510675,-0.7666792487908864
162,7,SVAR.26,L9M,9,1,5.88841793553704,-0.6192596977645213
163,7,SVAR.26,L9N,9,1,5.774921495145313,-0.7327561381562484
164,7,SVAR.26,L9P,9,1,5.807448261108579,-0.7002293721929824
165,7,SVAR.26,L9Q,9,1,6.122818117698301,-0.38485951560326015
166,7,SVAR.26,L9R,9,1,4.568738538944214,-1.9389390943573472
167,7,SVAR.26,L9S,9,1,5.471520523654055,-1.0361571096475064
168,7,SVAR.26,L9T,9,1,6.054510321465694,-0.4531673118358679
169,7,SVAR.26,L9V,9,1,6.051550150630882,-0.4561274826706798
170,7,SVAR.26,L9W,9,1,5.833587377385601,-0.674090255915961
171,7,SVAR.26,L9Y,9,1,5.072072163776698,-1.4356054695248632
1,8,SVAR.3,Y1A,1,1,2.7171246816764123,-0.3279090719380915
2,8,SVAR.3,Y1C,1,1,2.1960811442206007,-0.848952609393903
3,8,SVAR.3,Y1D,1,1,1.2177392446153912,-1.8272945089991126
4,8,SVAR.3,Y1E,1,1,1.3899465183160131,-1.6550872352984907
5,8,SVAR.3,Y1F,1,1,3.579177420273353,0.5341436666588493
6,8,SVAR.3,Y1G,1,1,1.998293678049597,-1.0467400755649068
7,8,SVAR.3,Y1H,1,1,1.880243755542776,-1.1647899980717278
8,8,SVAR.3,Y1I,1,1,2.4432741670993767,-0.6017595865151271
9,8,SVAR.3,Y1K,1,1,2.4140544021090213,-0.6309793515054825
10,8,SVAR.3,Y1L,1,1,2.916559243846552,-0.1284745097679516
11,8,SVAR.3,Y1M,1,1,2.5369971754179512,-0.5080365781965526
12,8,SVAR.3,Y1N,1,1,1.8859131406812333,-1.1591206129332705
13,8,SVAR.3,Y1P,1,1,1.1774783958739474,-1.8675553577405564
14,8,SVAR.3,Y1Q,1,1,2.110460061127711,-0.9345736924867927
15,8,SVAR.3,Y1R,1,1,2.269244767324328,-0.7757889862901757
16,8,SVAR.3,Y1S,1,1,2.08669809432499,-0.9583356592895136
17,8,SVAR.3,Y1T,1,1,1.5358109929024903,-1.5092227607120134
18,8,SVAR.3,Y1V,1,1,1.8040648521234195,-1.2409689014910843
19,8,SVAR.3,Y1W,1,1,2.062284278254343,-0.9827494753601607
20,8,SVAR.3,L2A,2,1,2.248686626873828,-0.7963471267406756
21,8,SVAR.3,L2C,2,1,2.2602164793108366,-0.7848172743036672
22,8,SVAR.3,L2D,2,1,0.332878394447903,-2.7121553591666006
23,8,SVAR.3,L2E,2,1,0.2009126939259963,-2.8441210596885074
24,8,SVAR.3,L2F,2,1,2.096582905667465,-0.9484508479470386
25,8,SVAR.3,L2G,2,1,1.0966451685335117,-1.948388585080992
26,8,SVAR.3,L2H,2,1,1.0375397165734352,-2.0074940370410683
27,8,SVAR.3,L2I,2,1,2.03456182152098,-1.0104719320935236
28,8,SVAR.3,L2K,2,1,0.9206714455872334,-2.1243623080272704
29,8,SVAR.3,L2M,2,1,2.3445614683590303,-0.7004722852554734
30,8,SVAR.3,L2N,2,1,0.6076825772212396,-2.437351176393264
31,8,SVAR.3,L2P,2,1,1.1230362656157769,-1.921997487998727
32,8,SVAR.3,L2Q,2,1,1.935383497439748,-1.1096502561747559
33,8,SVAR.3,L2R,2,1,0.2630344058337938,-2.78199934778071
34,8,SVAR.3,L2S,2,1,2.504147252855164,-0.5408865007593398
35,8,SVAR.3,L2T,2,1,2.0,-1.0450337536145038
36,8,SVAR.3,L2V,2,1,2.160711823280978,-0.8843219303335257
37,8,SVAR.3,L2W,2,1,0.2931543942101293,-2.7518793594043744
38,8,SVAR.3,L2Y,2,1,0.7536996099260074,-2.2913341436884966
39,8,SVAR.3,Q3A,3,1,0.4981417419242872,-2.5468920116902165
40,8,SVAR.3,Q3C,3,1,1.2779469016513354,-1.7670868519631684
41,8,SVAR.3,Q3D,3,1,0.2189615159361746,-2.8260722376783294
42,8,SVAR.3,Q3E,3,1,0.3109290959381052,-2.7341046576763985
43,8,SVAR.3,Q3F,3,0,-0.0707179974544753,-3.115751751068979
44,8,SVAR.3,Q3G,3,1,0.9159357352115256,-2.129098018402978
45,8,SVAR.3,Q3H,3,1,0.2663701183970501,-2.7786636352174536
46,8,SVAR.3,Q3I,3,1,0.8295596582982737,-2.21547409531623
47,8,SVAR.3,Q3K,3,1,0.3280541976842038,-2.7169795559303
48,8,SVAR.3,Q3L,3,1,0.6057210608879537,-2.43931269272655
49,8,SVAR.3,Q3M,3,1,2.5386886481444804,-0.5063451054700234
50,8,SVAR.3,Q3N,3,0,-0.2451124978365314,-3.290146251451035
51,8,SVAR.3,Q3P,3,1,0.4621614113928696,-2.582872342221634
52,8,SVAR.3,Q3R,3,0,-0.1229275219051428,-3.1679612755196467
53,8,SVAR.3,Q3S,3,1,0.8214991043778739,-2.2235346492366297
54,8,SVAR.3,Q3T,3,1,0.2999989910126273,-2.7450347626018763
55,8,SVAR.3,Q3V,3,1,0.4436066514756148,-2.601427102138889
56,8,SVAR.3,Q3W,3,1,0.1862949625500838,-2.85873879106442
57,8,SVAR.3,Q3Y,3,1,0.0524674198941354,-2.9925663337203683
58,8,SVAR.3,P4A,4,1,1.5784137148922182,-1.4666200387222856
59,8,SVAR.3,P4C,4,1,0.929610672108602,-2.115423081505902
60,8,SVAR.3,P4D,4,1,1.192150919677284,-1.8528828339372199
61,8,SVAR.3,P4E,4,1,1.522657841819935,-1.5223759117945688
62,8,SVAR.3,P4F,4,1,0.6207632221490029,-2.424270531465501
63,8,SVAR.3,P4G,4,1,2.719099173372692,-0.32593458024181166
64,8,SVAR.3,P4H,4,1,0.0876430092232104,-2.9573907443912932
65,8,SVAR.3,P4I,4,1,0.2364828810016298,-2.808550872612874
66,8,SVAR.3,P4K,4,0,-0.1223636030051759,-3.16739735661968
67,8,SVAR.3,P4L,4,1,0.0684410561018762,-2.976592697512628
68,8,SVAR.3,P4M,4,1,0.7732660314783231,-2.2717677221361807
69,8,SVAR.3,P4N,4,1,0.5501970825604795,-2.494836671054024
70,8,SVAR.3,P4Q,4,1,0.9886846867721658,-2.056349066842338
71,8,SVAR.3,P4R,4,1,0.3046501034555269,-2.740383650158977
72,8,SVAR.3,P4S,4,1,0.5986374376182327,-2.446396315996271
73,8,SVAR.3,P4T,4,0,-0.1619399044263175,-3.2069736580408215
74,8,SVAR.3,P4V,4,1,0.1230814841425404,-2.9219522694719635
75,8,SVAR.3,P4W,4,1,1.767637289908624,-1.27739646370588
76,8,SVAR.3,P4Y,4,1,0.2085866218114173,-2.8364471318030864
77,8,SVAR.3,R5A,5,1,0.0257960008773375,-3.0192377527371663
78,8,SVAR.3,R5C,5,0,-0.183016376744619,-3.2280501303591227
79,8,SVAR.3,R5D,5,0,-0.0671141958585369,-3.112147949473041
80,8,SVAR.3,R5E,5,1,0.010971117821003,-3.034062635793501
81,8,SVAR.3,R5F,5,0,-0.282399730700725,-3.327433484315229
82,8,SVAR.3,R5G,5,1,0.1854135087113201,-2.8596202449031836
83,8,SVAR.3,R5H,5,1,0.0629774330503269,-2.982056320564177
84,8,SVAR.3,R5I,5,0,-3.826767625294053,-6.871801378908557
85,8,SVAR.3,R5K,5,0,-0.0659831138398878,-3.1110168674543917
86,8,SVAR.3,R5L,5,0,-0.0166787411466303,-3.0617124947611343
87,8,SVAR.3,R5M,5,0,-0.4207511504732374,-3.4657849040877413
88,8,SVAR.3,R5N,5,1,0.154722594798642,-2.890311158815862
89,8,SVAR.3,R5P,5,1,0.2196121255426653,-2.8254216280718385
90,8,SVAR.3,R5Q,5,1,0.1936607027931318,-2.851373050821372
91,8,SVAR.3,R5S,5,0,-0.014499569695115,-3.0595333233096187
92,8,SVAR.3,R5T,5,0,-0.0796888886291598,-3.124722642243664
93,8,SVAR.3,R5V,5,0,-0.0610945972468396,-3.1061283508613435
94,8,SVAR.3,R5W,5,0,-0.2630344058337938,-3.3080681594482977
95,8,SVAR.3,R5Y,5,0,-0.1115682290458114,-3.156601982660315
96,8,SVAR.3,T6A,6,1,0.2699871664755608,-2.775046587138943
97,8,SVAR.3,T6C,6,1,0.4780472968046441,-2.5669864568098597
98,8,SVAR.3,T6D,6,0,-0.0386804681640598,-3.0837142217785636
99,8,SVAR.3,T6E,6,0,-0.0406419844973459,-3.0856757381118496
100,8,SVAR.3,T6F,6,0,-0.1580313228610588,-3.2030650764755624
101,8,SVAR.3,T6G,6,1,0.1630875713887588,-2.881946182225745
102,8,SVAR.3,T6H,6,0,-0.013642607958668,-3.0586763615731716
103,8,SVAR.3,T6I,6,0,-0.0069695548148417,-3.0520033084293456
104,8,SVAR.3,T6K,6,0,-0.1982261102056957,-3.2432598638201995
105,8,SVAR.3,T6L,6,0,-0.0105178719139992,-3.055551625528503
106,8,SVAR.3,T6M,6,1,0.1671099858352582,-2.8779237677792455
107,8,SVAR.3,T6N,6,1,0.4727529971351311,-2.5722807564793726
108,8,SVAR.3,T6P,6,1,0.0928596086950927,-2.952174144919411
109,8,SVAR.3,T6Q,6,0,-0.1516477060702046,-3.1966814596847084
110,8,SVAR.3,T6R,6,1,0.0618945337259425,-2.983139219888561
111,8,SVAR.3,T6S,6,0,-0.1049079757097486,-3.149941729324252
112,8,SVAR.3,T6V,6,1,0.0928695747772828,-2.952164178837221
113,8,SVAR.3,T6W,6,1,0.0473057147783568,-2.997728038836147
114,8,SVAR.3,T6Y,6,0,-0.2179050303441341,-3.2629387839586377
115,8,SVAR.3,F7A,7,1,0.2286243750479624,-2.8164093785665414
116,8,SVAR.3,F7C,7,1,1.2947254050088497,-1.750308348605654
117,8,SVAR.3,F7D,7,0,-0.2290585201100795,-3.2740922737245834
118,8,SVAR.3,F7E,7,1,0.0184726600714787,-3.026561093543025
119,8,SVAR.3,F7G,7,0,-0.0036477770151442,-3.048681530629648
120,8,SVAR.3,F7H,7,1,0.3801037091694566,-2.664930044445047
121,8,SVAR.3,F7I,7,1,0.4264422625510932,-2.6185914910634107
122,8,SVAR.3,F7K,7,1,0.0588936890535686,-2.986140064560935
123,8,SVAR.3,F7L,7,0,-0.1426043954428004,-3.187638149057304
124,8,SVAR.3,F7M,7,1,1.829147735360043,-1.2158860182544609
125,8,SVAR.3,F7N,7,1,1.1371804479360466,-1.9078533056784572
126,8,SVAR.3,F7P,7,1,0.4639470997597903,-2.5810866538547135
127,8,SVAR.3,F7Q,7,1,0.5487423128084029,-2.4962914408061008
128,8,SVAR.3,F7R,7,0,-0.1567796253853901,-3.2018133789998937
129,8,SVAR.3,F7S,7,1,1.6686935727967769,-1.376340180817727
130,8,SVAR.3,F7T,7,1,1.059781228325417,-1.9852525252890867
131,8,SVAR.3,F7V,7,1,0.9247118726957628,-2.120321880918741
132,8,SVAR.3,F7W,7,1,0.7836820930732366,-2.2613516605412673
133,8,SVAR.3,F7Y,7,1,2.4178936694847764,-0.6271400841297274
134,8,SVAR.3,L8A,8,1,0.3870231231092473,-2.6580106305052564
135,8,SVAR.3,L8C,8,1,1.88289511453954,-1.1621386390749637
136,8,SVAR.3,L8D,8,0,-0.0106472441995084,-3.055680997814012
137,8,SVAR.3,L8E,8,1,0.4690904030357499,-2.575943350578754
138,8,SVAR.3,L8F,8,1,2.192645077942396,-0.852388675672108
139,8,SVAR.3,L8G,8,1,0.5501101967740165,-2.4949235568404875
140,8,SVAR.3,L8H,8,1,0.8351156152582178,-2.209918138356286
141,8,SVAR.3,L8I,8,1,1.9518164664900348,-1.093217287124469
142,8,SVAR.3,L8K,8,1,0.0111982066048638,-3.03383554700964
143,8,SVAR.3,L8M,8,1,2.142957953842043,-0.9020757997724607
144,8,SVAR.3,L8N,8,1,0.732066794753367,-2.3129669588611366
145,8,SVAR.3,L8P,8,1,1.2307410026269094,-1.8142927509875943
146,8,SVAR.3,L8Q,8,1,1.5766472325091525,-1.4683865211053513
147,8,SVAR.3,L8R,8,1,0.0948235462015934,-2.95021020741291
148,8,SVAR.3,L8S,8,1,0.4728047428011358,-2.572229010813368
149,8,SVAR.3,L8T,8,1,1.024216237420823,-2.0208175161936808
150,8,SVAR.3,L8V,8,1,1.4457046355257854,-1.5993291180887184
151,8,SVAR.3,L8W,8,1,0.3649968167792483,-2.6800369368352555
152,8,SVAR.3,L8Y,8,1,0.4150374992788437,-2.6299962543356603
153,8,SVAR.3,L9A,9,1,1.7417551955709012,-1.3032785580436026
154,8,SVAR.3,L9C,9,1,1.5388140399172667,-1.506219713697237
155,8,SVAR.3,L9D,9,1,0.496425826119499,-2.548607927495005
156,8,SVAR.3,L9E,9,1,1.8280351748972792,-1.2169985787172246
157,8,SVAR.3,L9F,9,1,0.2986174465954926,-2.746416307019011
158,8,SVAR.3,L9G,9,1,1.5482039507110386,-1.4968298029034652
159,8,SVAR.3,L9H,9,1,1.5255006282961874,-1.5195331253183164
160,8,SVAR.3,L9I,9,1,1.8751280332237308,-1.169905720390773
161,8,SVAR.3,L9K,9,1,0.9494351190086316,-2.095598634605872
162,8,SVAR.3,L9M,9,1,1.8499745559953928,-1.195059197619111
163,8,SVAR.3,L9N,9,1,1.3474631869945,-1.6975705666200038
164,8,SVAR.3,L9P,9,1,1.2109876580641985,-1.8340460955503053
165,8,SVAR.3,L9Q,9,1,1.870210961678892,-1.1748227919356118
166,8,SVAR.3,L9R,9,1,0.7481928495894603,-2.2968409040250437
167,8,SVAR.3,L9S,9,1,1.9860608090421263,-1.0589729445723775
168,8,SVAR.3,L9T,9,1,1.9003179416850324,-1.1447158119294714
169,8,SVAR.3,L9V,9,1,1.9496264774848808,-1.095407276129623
170,8,SVAR.3,L9W,9,1,1.079727192470734,-1.96530656114377
171,8,SVAR.3,L9Y,9,1,0.3885652879176527,-2.656468465696851
1,9,SVAR.5,Y1A,1,1,3.1245913216202443,-0.8756591245293106
2,9,SVAR.5,Y1C,1,1,3.3283848163911705,-0.6718656297583845
3,9,SVAR.5,Y1D,1,1,1.7414669864011472,-2.2587834597484076
4,9,SVAR.5,Y1E,1,1,2.066720679910953,-1.933529766238602
5,9,SVAR.5,Y1F,1,1,4.324523409436512,0.3242729632869574
6,9,SVAR.5,Y1G,1,1,2.431922935195171,-1.5683275109543837
7,9,SVAR.5,Y1H,1,1,2.410283969308209,-1.589966476841346
8,9,SVAR.5,Y1I,1,1,2.8963982217908764,-1.1038522243586786
9,9,SVAR.5,Y1K,1,1,3.089520079239434,-0.910730366910121
10,9,SVAR.5,Y1L,1,1,3.417468972403009,-0.5827814737465458
11,9,SVAR.5,Y1M,1,1,3.540815397036774,-0.459435049112781
12,9,SVAR.5,Y1N,1,1,2.883976203660517,-1.116274242489038
13,9,SVAR.5,Y1P,1,1,2.3965473940594557,-1.6037030520900992
14,9,SVAR.5,Y1Q,1,1,2.784961068620846,-1.215289377528709
15,9,SVAR.5,Y1R,1,1,2.763765653509921,-1.2364847926396338
16,9,SVAR.5,Y1S,1,1,3.036770878155429,-0.9634795679941259
17,9,SVAR.5,Y1T,1,1,2.822858659758453,-1.177391786391102
18,9,SVAR.5,Y1V,1,1,2.672114449816238,-1.3281359963333168
19,9,SVAR.5,Y1W,1,1,3.4146585905331626,-0.5855918556163924
20,9,SVAR.5,L2A,2,1,3.117975932122741,-0.8822745140268138
21,9,SVAR.5,L2C,2,1,3.006647354906688,-0.9936030912428668
22,9,SVAR.5,L2D,2,1,0.7114305020590685,-3.2888199440904864
23,9,SVAR.5,L2E,2,1,0.6865834049681551,-3.3136670411813998
24,9,SVAR.5,L2F,2,1,3.6877286663915374,-0.31252177975801754
25,9,SVAR.5,L2G,2,1,1.7462046584413775,-2.2540457877081774
26,9,SVAR.5,L2H,2,1,2.4847661012411804,-1.5154843449083746
27,9,SVAR.5,L2I,2,1,3.339753723726733,-0.6604967224228218
28,9,SVAR.5,L2K,2,1,2.4246201063633768,-1.5756303397861782
29,9,SVAR.5,L2M,2,1,3.7153506077553065,-0.2848998383942485
30,9,SVAR.5,L2N,2,1,0.9751966089994274,-3.0250538371501277
31,9,SVAR.5,L2P,2,1,2.0546004420872657,-1.9456500040622893
32,9,SVAR.5,L2Q,2,1,2.47238323213145,-1.527867214018105
33,9,SVAR.5,L2R,2,1,0.4647905344759433,-3.5354599116736116
34,9,SVAR.5,L2S,2,1,3.3457046549021405,-0.6545457912474144
35,9,SVAR.5,L2T,2,1,2.736569194921814,-1.2636812512277409
36,9,SVAR.5,L2V,2,1,3.164140865542807,-0.836109580606748
37,9,SVAR.5,L2W,2,1,0.5081469036703253,-3.4921035424792297
38,9,SVAR.5,L2Y,2,1,1.1328629072207677,-2.8673875389287873
39,9,SVAR.5,Q3A,3,1,0.9958483567295326,-3.0044020894200223
40,9,SVAR.5,Q3C,3,1,1.645633206454215,-2.35461723969534
41,9,SVAR.5,Q3D,3,1,0.1160970649228713,-3.8841533812266835
42,9,SVAR.5,Q3E,3,1,0.4609737834457027,-3.5392766627038523
43,9,SVAR.5,Q3F,3,1,0.0277069291698419,-3.972543516979713
44,9,SVAR.5,Q3G,3,1,1.5143622370824874,-2.4858882090670678
45,9,SVAR.5,Q3H,3,1,0.0964835240425425,-3.9037669221070126
46,9,SVAR.5,Q3I,3,1,0.7732291381529777,-3.2270213079965773
47,9,SVAR.5,Q3K,3,1,0.2931052597216085,-3.7071451864279465
48,9,SVAR.5,Q3L,3,1,0.9302116698431376,-3.070038776306417
49,9,SVAR.5,Q3M,3,1,3.790819554331304,-0.20943089181825103
50,9,SVAR.5,Q3N,3,1,0.5877720343079804,-3.4124784118415743
51,9,SVAR.5,Q3P,3,1,0.3305976896464284,-3.6696527565031265
52,9,SVAR.5,Q3R,3,1,0.0483630215613991,-3.951887424588156
53,9,SVAR.5,Q3S,3,1,1.7262084261569075,-2.274042019992647
54,9,SVAR.5,Q3T,3,1,0.4150374992788437,-3.585212946870711
55,9,SVAR.5,Q3V,3,1,0.6748575813747657,-3.3253928647747895
56,9,SVAR.5,Q3W,3,1,0.0443941193584534,-3.9558563267911016
57,9,SVAR.5,Q3Y,3,1,0.0585521823551129,-3.941698263794442
58,9,SVAR.5,P4A,4,1,2.353254429081268,-1.646996017068287
59,9,SVAR.5,P4C,4,1,0.9607939177405128,-3.0394565284090422
60,9,SVAR.5,P4D,4,1,1.031364170909335,-2.96888627524022
61,9,SVAR.5,P4E,4,1,0.7562970724181399,-3.243953373731415
62,9,SVAR.5,P4F,4,1,0.3644492005111857,-3.635801245638369
63,9,SVAR.5,P4G,4,1,3.882845121641868,-0.11740532450768715
64,9,SVAR.5,P4H,4,1,1.869010265302599,-2.131240180846956
65,9,SVAR.5,P4I,4,1,0.31673542566704,-3.683515020482515
66,9,SVAR.5,P4K,4,1,0.0757273261632451,-3.92452311998631
67,9,SVAR.5,P4L,4,1,0.4460184426120063,-3.5542320035375488
68,9,SVAR.5,P4M,4,1,0.9556058806415466,-3.0446445655080083
69,9,SVAR.5,P4N,4,1,0.8431445413477345,-3.1571059048018206
70,9,SVAR.5,P4Q,4,1,1.539810464328781,-2.460439981820774
71,9,SVAR.5,P4R,4,1,0.0874628412503394,-3.9127876048992154
72,9,SVAR.5,P4S,4,1,1.0789008277469154,-2.9213496184026395
73,9,SVAR.5,P4T,4,1,0.2457564144019583,-3.7544940317475968
74,9,SVAR.5,P4V,4,1,0.1879329505930752,-3.8123174955564796
75,9,SVAR.5,P4W,4,1,2.078316243663027,-1.9219342024865278
76,9,SVAR.5,P4Y,4,1,0.3536369546147004,-3.6466134915348545
77,9,SVAR.5,R5A,5,1,0.0789008277469153,-3.9213496184026395
78,9,SVAR.5,R5C,5,0,-0.0269670476002693,-4.027217493749824
79,9,SVAR.5,R5D,5,1,0.0084122398162,-3.991838206333355
80,9,SVAR.5,R5E,5,1,0.1115083152169903,-3.8887421309325645
81,9,SVAR.5,R5F,5,1,0.0925661187360726,-3.9076843274134823
82,9,SVAR.5,R5G,5,0,-0.075843757983506,-4.076094204133061
83,9,SVAR.5,R5H,5,1,0.0041516432704674,-3.9960988028790876
84,9,SVAR.5,R5I,5,0,-0.1442047228846427,-4.144455169034198
85,9,SVAR.5,R5K,5,1,0.0464744297995007,-3.953776016350054
86,9,SVAR.5,R5L,5,1,0.0619277491432017,-3.9383226970063534
87,9,SVAR.5,R5M,5,0,-0.0041516432704674,-4.004402089420022
88,9,SVAR.5,R5N,5,1,0.0158976268802084,-3.9843528192693465
89,9,SVAR.5,R5P,5,1,0.0661523350049271,-3.934098111144628
90,9,SVAR.5,R5Q,5,1,0.0679040645018034,-3.9323463816477515
91,9,SVAR.5,R5S,5,1,0.0812398479601771,-3.9190105981893777
92,9,SVAR.5,R5T,5,1,0.1515464721274576,-3.848703974022097
93,9,SVAR.5,R5V,5,1,0.1333991254171984,-3.8668513207323567
94,9,SVAR.5,R5W,5,1,0.1346044657093211,-3.8656459804402337
95,9,SVAR.5,R5Y,5,1,0.1908643391346754,-3.8093861070148796
96,9,SVAR.5,T6A,6,1,0.2263504349051313,-3.7739000112444234
97,9,SVAR.5,T6C,6,1,0.7912213900266265,-3.2090290561229287
98,9,SVAR.5,T6D,6,1,0.0510741845942693,-3.9491762615552854
99,9,SVAR.5,T6E,6,1,0.1113611089477039,-3.888889337201851
100,9,SVAR.5,T6F,6,1,0.27032689840015,-3.729923547749405
101,9,SVAR.5,T6G,6,1,0.1609362182150575,-3.8393142279344974
102,9,SVAR.5,T6H,6,1,0.1390640377375519,-3.861186408412003
103,9,SVAR.5,T6I,6,1,0.2987302722238428,-3.701520173925712
104,9,SVAR.5,T6K,6,1,0.223747700948459,-3.7765027452010957
105,9,SVAR.5,T6L,6,1,0.2481732249388382,-3.7520772212107167
106,9,SVAR.5,T6M,6,1,0.1990094938984972,-3.8012409522510575
107,9,SVAR.5,T6N,6,1,1.217591435072627,-2.782659011076928
108,9,SVAR.5,T6P,6,1,0.0285691521967709,-3.971681293952784
109,9,SVAR.5,T6Q,6,1,0.145677455195635,-3.85457299095392
110,9,SVAR.5,T6R,6,1,0.1699250014423123,-3.830325444707243
111,9,SVAR.5,T6S,6,1,0.3341175038952763,-3.6661329422542788
112,9,SVAR.5,T6V,6,1,0.2452450923902656,-3.755005353759289
113,9,SVAR.5,T6W,6,1,0.135087623033179,-3.8651628231163757
114,9,SVAR.5,T6Y,6,1,0.1354843561132827,-3.864766090036272
115,9,SVAR.5,F7A,7,1,0.4884106856090631,-3.511839760540492
116,9,SVAR.5,F7C,7,1,2.9066085162174766,-1.0936419299320783
117,9,SVAR.5,F7D,7,1,0.1141232097739606,-3.8861272363755943
118,9,SVAR.5,F7E,7,1,0.2545046064902008,-3.745745839659354
119,9,SVAR.5,F7G,7,1,0.0928596086950927,-3.907390837454462
120,9,SVAR.5,F7H,7,1,1.0789008277469154,-2.9213496184026395
121,9,SVAR.5,F7I,7,1,1.2517190926059598,-2.748531353543595
122,9,SVAR.5,F7K,7,1,0.0859732231098528,-3.914277223039702
123,9,SVAR.5,F7L,7,1,0.3219280948873623,-3.6783223512621928
124,9,SVAR.5,F7M,7,1,3.790481103493208,-0.20976934265634695
125,9,SVAR.5,F7N,7,1,2.4486278610059053,-1.5516225851436496
126,9,SVAR.5,F7P,7,1,1.1578521691417376,-2.8423982770078173
127,9,SVAR.5,F7Q,7,1,1.3692338096657193,-2.6310166364838357
128,9,SVAR.5,F7R,7,1,0.1593275277811856,-3.8409229183683693
129,9,SVAR.5,F7S,7,1,3.6630863036587225,-0.3371641424908325
130,9,SVAR.5,F7T,7,1,2.946783322732031,-1.0534671234175241
131,9,SVAR.5,F7V,7,1,2.1434915935895327,-1.8567588525600223
132,9,SVAR.5,F7W,7,1,2.0035784103692498,-1.9966720357803052
133,9,SVAR.5,F7Y,7,1,4.324007405899555,0.32375695974999985
134,9,SVAR.5,L8A,8,1,1.5513121112792394,-2.4489383348703155
135,9,SVAR.5,L8C,8,1,3.84526733835368,-0.15498310779587499
136,9,SVAR.5,L8D,8,1,0.3031625185391034,-3.6970879276104514
137,9,SVAR.5,L8E,8,1,2.300659478133711,-1.699590968015844
138,9,SVAR.5,L8F,8,1,3.88529381194558,-0.11495663420397495
139,9,SVAR.5,L8G,8,1,1.9496264774848808,-2.050623968664674
140,9,SVAR.5,L8H,8,1,2.141106818900835,-1.85914362724872
141,9,SVAR.5,L8I,8,1,3.5154976810580565,-0.48475276509149845
142,9,SVAR.5,L8K,8,1,0.4174561000814872,-3.582794346068068
143,9,SVAR.5,L8M,8,1,4.153860098744528,0.15360965259497306
144,9,SVAR.5,L8N,8,1,1.938230432430433,-2.0620200137191222
145,9,SVAR.5,L8P,8,1,3.6629650127224296,-0.33728543342712536
146,9,SVAR.5,L8Q,8,1,3.4768687206089712,-0.5233817255405837
147,9,SVAR.5,L8R,8,1,0.256441728523365,-3.74380871762619
148,9,SVAR.5,L8S,8,1,2.0082205068049688,-1.9920299393445862
149,9,SVAR.5,L8T,8,1,2.9395438129272704,-1.0607066332222845
150,9,SVAR.5,L8V,8,1,3.1357215773835923,-0.8645288687659627
151,9,SVAR.5,L8W,8,1,0.7352051363017686,-3.2650453098477863
152,9,SVAR.5,L8Y,8,1,0.9623527130821314,-3.0378977330674237
153,9,SVAR.5,L9A,9,1,3.186582922976548,-0.8136675231730068
154,9,SVAR.5,L9C,9,1,3.0559464050032314,-0.9443040411463235
155,9,SVAR.5,L9D,9,1,1.459431618637297,-2.5408188275122576
156,9,SVAR.5,L9E,9,1,3.238617040854546,-0.7616334052950089
157,9,SVAR.5,L9F,9,1,1.902864611342616,-2.097385834806939
158,9,SVAR.5,L9G,9,1,2.709088458499707,-1.291161987649848
159,9,SVAR.5,L9H,9,1,2.9570662039946645,-1.0431842421548905
160,9,SVAR.5,L9I,9,1,3.340833100054448,-0.6594173460951072
161,9,SVAR.5,L9K,9,1,2.425786740370536,-1.574463705779019
162,9,SVAR.5,L9M,9,1,3.706853957272959,-0.2933964888765961
163,9,SVAR.5,L9N,9,1,2.7767047092174195,-1.2235457369321354
164,9,SVAR.5,L9P,9,1,2.6038215279724723,-1.3964289181770826
165,9,SVAR.5,L9Q,9,1,3.633953410225511,-0.36629703592404406
166,9,SVAR.5,L9R,9,1,1.6127074912040604,-2.3875429549454945
167,9,SVAR.5,L9S,9,1,3.601524692068405,-0.39872575408114974
168,9,SVAR.5,L9T,9,1,3.4581740026568424,-0.5420764434927126
169,9,SVAR.5,L9V,9,1,3.159046947711795,-0.8412034984377601
170,9,SVAR.5,L9W,9,1,0.987679728364132,-3.012570717785423
171,9,SVAR.5,L9Y,9,1,0.8896898548549105,-3.1105605912946444
1,10,SVAR.56,Y1A,1,1,4.263950460878153,-0.7674834688739107
2,10,SVAR.56,Y1C,1,1,4.065310687853637,-0.9661232418984262
3,10,SVAR.56,Y1D,1,1,2.371901586224666,-2.6595323435273976
4,10,SVAR.56,Y1E,1,1,2.4848344662336137,-2.54659946351845
5,10,SVAR.56,Y1F,1,1,5.530455935553422,0.4990220058013586
6,10,SVAR.56,Y1G,1,1,3.9434846825525782,-1.0879492471994854
7,10,SVAR.56,Y1H,1,1,3.157693683473019,-1.8737402462790445
8,10,SVAR.56,Y1I,1,1,4.001797111236244,-1.0296368185158196
9,10,SVAR.56,Y1K,1,1,3.9256373027974254,-1.1057966269546382
10,10,SVAR.56,Y1L,1,1,4.164834492407931,-0.8665994373441324
11,10,SVAR.56,Y1M,1,1,3.937407965901948,-1.0940259638501155
12,10,SVAR.56,Y1N,1,1,3.46224705682446,-1.5691868729276037
13,10,SVAR.56,Y1P,1,1,2.6538183420083548,-2.377615587743709
14,10,SVAR.56,Y1Q,1,1,3.768655829702269,-1.2627781000497946
15,10,SVAR.56,Y1R,1,1,4.038641915592919,-0.9927920141591446
16,10,SVAR.56,Y1S,1,1,3.656795245482223,-1.3746386842698408
17,10,SVAR.56,Y1T,1,1,3.2758377536398195,-1.755596176112244
18,10,SVAR.56,Y1V,1,1,3.60859373010226,-1.4228401996498037
19,10,SVAR.56,Y1W,1,1,4.177482352620395,-0.853951577131669
20,10,SVAR.56,L2A,2,1,4.428443926153614,-0.6029900035984497
21,10,SVAR.56,L2C,2,1,4.29302505727141,-0.7384088724806537
22,10,SVAR.56,L2D,2,1,0.4854268271702417,-4.546007102581822
23,10,SVAR.56,L2E,2,1,0.4518742674592151,-4.579559662292849
24,10,SVAR.56,L2F,2,1,4.2644862026456725,-0.7669477271063911
25,10,SVAR.56,L2G,2,1,2.4973955351128714,-2.5340383946391922
26,10,SVAR.56,L2H,2,1,3.0,-2.0314339297520636
27,10,SVAR.56,L2I,2,1,3.774787059601173,-1.2566468701508908
28,10,SVAR.56,L2K,2,1,2.789197424137344,-2.2422365056147195
29,10,SVAR.56,L2M,2,1,4.688175575519709,-0.3432583542323542
30,10,SVAR.56,L2N,2,1,1.6215701598613337,-3.40986376989073
31,10,SVAR.56,L2P,2,1,2.54693209328334,-2.4845018364687235
32,10,SVAR.56,L2Q,2,1,3.6112932991199824,-1.4201406306320812
33,10,SVAR.56,L2R,2,1,0.8827623247156267,-4.148671605036437
34,10,SVAR.56,L2S,2,1,4.970669029777999,-0.06076489997406487
35,10,SVAR.56,L2T,2,1,3.804574626263822,-1.2268593034882418
36,10,SVAR.56,L2V,2,1,4.100662339005199,-0.9307715907468648
37,10,SVAR.56,L2W,2,1,0.7252303384819655,-4.306203591270098
38,10,SVAR.56,L2Y,2,1,1.4982508675278254,-3.5331830622242384
39,10,SVAR.56,Q3A,3,1,1.3656494723166803,-3.6657844574353833
40,10,SVAR.56,Q3C,3,1,2.8015746755892827,-2.229859254162781
41,10,SVAR.56,Q3D,3,1,0.9965690945997266,-4.034864835152337
42,10,SVAR.56,Q3E,3,1,0.9779175019217268,-4.053516427830337
43,10,SVAR.56,Q3F,3,0,-0.0231896273718896,-5.0546235571239535
44,10,SVAR.56,Q3G,3,1,2.4218266649414826,-2.609607264810581
45,10,SVAR.56,Q3H,3,1,0.6192825739050325,-4.4121513558470316
46,10,SVAR.56,Q3I,3,1,3.2969817377571315,-1.734452191994932
47,10,SVAR.56,Q3K,3,1,0.8737713210266539,-4.15766260872541
48,10,SVAR.56,Q3L,3,1,1.9358696625802845,-3.0955642671717793
49,10,SVAR.56,Q3M,3,1,5.028854862672185,-0.0025790670798784276
50,10,SVAR.56,Q3N,3,0,-0.0125780660794696,-5.044011995831533
51,10,SVAR.56,Q3P,3,1,0.6724253419714956,-4.359008587780568
52,10,SVAR.56,Q3R,3,1,0.2825412685249225,-4.748892661227141
53,10,SVAR.56,Q3S,3,1,2.310064273096517,-2.7213696566555465
54,10,SVAR.56,Q3T,3,1,1.137184378733505,-3.8942495510185586
55,10,SVAR.56,Q3V,3,1,1.9961476745043936,-3.0352862552476703
56,10,SVAR.56,Q3W,3,1,0.468618539483688,-4.5628153902683755
57,10,SVAR.56,Q3Y,3,1,0.7023565572360646,-4.329077372515999
58,10,SVAR.56,P4A,4,1,2.77907696773054,-2.2523569620215236
59,10,SVAR.56,P4C,4,1,0.9012819490501076,-4.130151980701956
60,10,SVAR.56,P4D,4,1,0.4882473462326204,-4.543186583519443
61,10,SVAR.56,P4E,4,1,0.6723438176564461,-4.359090112095617
62,10,SVAR.56,P4F,4,1,0.6965307297669677,-4.334903199985096
63,10,SVAR.56,P4G,4,1,4.365649472316681,-0.6657844574353824
64,10,SVAR.56,P4H,4,1,0.3623999000815456,-4.669034029670518
65,10,SVAR.56,P4I,4,1,0.2049817377876286,-4.826452191964435
66,10,SVAR.56,P4K,4,1,0.0771678605224599,-4.954266069229604
67,10,SVAR.56,P4L,4,1,0.1522951074205211,-4.879138822331543
68,10,SVAR.56,P4M,4,1,0.9506119730378364,-4.080821956714227
69,10,SVAR.56,P4N,4,1,0.561878887608115,-4.4695550421439485
70,10,SVAR.56,P4Q,4,1,1.1189410727235074,-3.912492857028556
71,10,SVAR.56,P4R,4,1,0.5384199147841259,-4.493014014967938
72,10,SVAR.56,P4S,4,1,0.5635702067243182,-4.467863723027746
73,10,SVAR.56,P4T,4,0,-0.2387311581511957,-5.270165087903259
74,10,SVAR.56,P4V,4,1,0.3299817293260712,-4.701452200425992
75,10,SVAR.56,P4W,4,1,1.1703665301499326,-3.861067399602131
76,10,SVAR.56,P4Y,4,1,0.116299031763371,-4.915134897988692
77,10,SVAR.56,R5A,5,1,0.1879897172043038,-4.84344421254776
78,10,SVAR.56,R5C,5,1,0.5868397879618266,-4.444594141790237
79,10,SVAR.56,R5D,5,1,0.2286243750479624,-4.802809554704101
80,10,SVAR.56,R5E,5,1,0.2239648411552015,-4.8074690885968625
81,10,SVAR.56,R5F,5,0,-0.1237832197975916,-5.155217149549655
82,10,SVAR.56,R5G,5,1,0.3366914475591028,-4.694742482192961
83,10,SVAR.56,R5H,5,1,0.3921370971687651,-4.639296832583298
84,10,SVAR.56,R5I,5,0,-5.220013572029218,-10.251447501781282
85,10,SVAR.56,R5K,5,1,0.0467580985102941,-4.98467583124177
86,10,SVAR.56,R5L,5,1,0.1299461725718529,-4.9014877571802105
87,10,SVAR.56,R5M,5,0,-0.2415265882931632,-5.272960518045227
88,10,SVAR.56,R5N,5,1,0.3895371269849776,-4.641896802767086
89,10,SVAR.56,R5P,5,1,0.8505870240206577,-4.180846905731406
90,10,SVAR.56,R5Q,5,1,0.383193168868192,-4.648240760883872
91,10,SVAR.56,R5S,5,1,0.3617683594191533,-4.66966557033291
92,10,SVAR.56,R5T,5,1,0.3111010644030068,-4.720332865349057
93,10,SVAR.56,R5V,5,1,0.1785008956221259,-4.852933034129938
94,10,SVAR.56,R5W,5,1,0.005998740621443,-5.02543518913062
95,10,SVAR.56,R5Y,5,1,0.1004300908398776,-4.931003838912186
96,10,SVAR.56,T6A,6,1,3.3937106580786267,-1.637723271673437
97,10,SVAR.56,T6C,6,1,4.949796940223501,-0.08163698952856269
98,10,SVAR.56,T6D,6,1,1.4628971380574356,-3.568536791694628
99,10,SVAR.56,T6E,6,1,0.0883198029867864,-4.943114126765277
100,10,SVAR.56,T6F,6,0,-0.105690816979839,-5.137124746731903
101,10,SVAR.56,T6G,6,1,1.5061070800099166,-3.525326849742147
102,10,SVAR.56,T6H,6,1,1.183066101130379,-3.8483678286216847
103,10,SVAR.56,T6I,6,1,4.474834762448696,-0.5565991673033679
104,10,SVAR.56,T6K,6,1,0.0542070740792319,-4.977226855672832
105,10,SVAR.56,T6L,6,1,3.292282633138837,-1.7391512966132265
106,10,SVAR.56,T6M,6,1,2.22870619526865,-2.8027277344834136
107,10,SVAR.56,T6N,6,1,2.62369489520987,-2.4077390345421934
108,10,SVAR.56,T6P,6,1,0.4641469051809099,-4.567287024571153
109,10,SVAR.56,T6Q,6,1,1.2784133995371756,-3.7530205302148882
110,10,SVAR.56,T6R,6,1,0.050489770453693,-4.980944159298371
111,10,SVAR.56,T6S,6,1,2.2337714834669384,-2.797662446285125
112,10,SVAR.56,T6V,6,1,5.085995023825227,0.05456109407316312
113,10,SVAR.56,T6W,6,1,0.228720041308459,-4.802713888443605
114,10,SVAR.56,T6Y,6,0,-0.0410272682600547,-5.072461198012118
115,10,SVAR.56,F7A,7,1,1.5715419849588348,-3.459891944793229
116,10,SVAR.56,F7C,7,1,3.0167448437958644,-2.014689085956199
117,10,SVAR.56,F7D,7,0,-0.0918821010074792,-5.1233160307595424
118,10,SVAR.56,F7E,7,1,0.1005268759539644,-4.930907053798099
119,10,SVAR.56,F7G,7,1,0.5922305011851954,-4.439203428566868
120,10,SVAR.56,F7H,7,1,3.1404812235498305,-1.890952706202233
121,10,SVAR.56,F7I,7,1,0.3204006251407685,-4.711033304611295
122,10,SVAR.56,F7K,7,1,0.4730292220380196,-4.558404707714044
123,10,SVAR.56,F7L,7,0,-0.0695409332530771,-5.100974863005141
124,10,SVAR.56,F7M,7,1,4.213892318841848,-0.817541610910216
125,10,SVAR.56,F7N,7,1,0.6154348529454263,-4.415999076806637
126,10,SVAR.56,F7P,7,1,2.66086883358012,-2.3705650961719438
127,10,SVAR.56,F7Q,7,1,2.6228787348474394,-2.408555194904624
128,10,SVAR.56,F7R,7,1,0.1592478680622878,-4.872186061689776
129,10,SVAR.56,F7S,7,1,0.2846829691385572,-4.7467509606135065
130,10,SVAR.56,F7T,7,1,0.3926696862503893,-4.638764243501674
131,10,SVAR.56,F7V,7,1,1.4165649690254376,-3.614868960726626
132,10,SVAR.56,F7W,7,1,2.1727629580371537,-2.85867097171491
133,10,SVAR.56,F7Y,7,1,4.392820016422892,-0.6386139133291717
134,10,SVAR.56,L8A,8,1,2.777453436343742,-2.2539804934083216
135,10,SVAR.56,L8C,8,1,3.441061756630179,-1.5903721731218847
136,10,SVAR.56,L8D,8,1,0.532145802277708,-4.4992881274743555
137,10,SVAR.56,L8E,8,1,1.1659713266168743,-3.8654626031351893
138,10,SVAR.56,L8F,8,1,2.1811232080471767,-2.850310721704887
139,10,SVAR.56,L8G,8,1,3.021655195063416,-2.0097787346886475
140,10,SVAR.56,L8H,8,1,4.94335876267781,-0.08807516707425389
141,10,SVAR.56,L8I,8,1,3.60990217172749,-1.4215317580245737
142,10,SVAR.56,L8K,8,1,1.3015496414388457,-3.729884288313218
143,10,SVAR.56,L8M,8,1,4.662490363913776,-0.368943565838288
144,10,SVAR.56,L8N,8,1,5.325388040919719,0.2939541111676558
145,10,SVAR.56,L8P,8,1,0.7734689279051943,-4.25796500184687
146,10,SVAR.56,L8Q,8,1,4.465556352621447,-0.5658775771306166
147,10,SVAR.56,L8R,8,1,2.046293652273935,-2.985140277478129
148,10,SVAR.56,L8S,8,1,4.234531229035809,-0.796902700716255
149,10,SVAR.56,L8T,8,1,3.8135140007281008,-1.2179199290239628
150,10,SVAR.56,L8V,8,1,3.3973181038371267,-1.6341158259149369
151,10,SVAR.56,L8W,8,1,1.2669757838303324,-3.764458145921731
152,10,SVAR.56,L8Y,8,1,0.3325753390868709,-4.698858590665193
153,10,SVAR.56,L9A,9,1,1.1496023166432656,-3.881831613108798
154,10,SVAR.56,L9C,9,1,1.850221571669464,-3.1812123580825995
155,10,SVAR.56,L9D,9,1,0.7548875021634686,-4.276546427588595
156,10,SVAR.56,L9E,9,1,2.1098584328703343,-2.9215754968817294
157,10,SVAR.56,L9F,9,1,0.2571578394971244,-4.774276090254939
158,10,SVAR.56,L9G,9,1,0.8993528510159214,-4.132081078736142
159,10,SVAR.56,L9H,9,1,1.9295177119590237,-3.1019162177930397
160,10,SVAR.56,L9I,9,1,3.10568481554035,-1.9257491142117136
161,10,SVAR.56,L9K,9,1,0.3644726182874755,-4.666961311464588
162,10,SVAR.56,L9M,9,1,1.6511048575123684,-3.3803290722396953
163,10,SVAR.56,L9N,9,1,1.780422594270606,-3.251011335481458
164,10,SVAR.56,L9P,9,1,0.6260251573430423,-4.405408772409022
165,10,SVAR.56,L9Q,9,1,1.6528941338732996,-3.3785397958787637
166,10,SVAR.56,L9R,9,1,0.3219280948873623,-4.709505834864701
167,10,SVAR.56,L9S,9,1,0.7849871090291497,-4.246446820722914
168,10,SVAR.56,L9T,9,1,3.0777867819012994,-1.9536471478507642
169,10,SVAR.56,L9V,9,1,2.5210728812772194,-2.510361048474844
170,10,SVAR.56,L9W,9,1,0.6801197337614963,-4.351314195990567
171,10,SVAR.56,L9Y,9,1,0.176156955153827,-4.855276974598237
1,11,SVAR.57,Y1A,1,1,5.152521955180868,-0.9626224989943939
2,11,SVAR.57,Y1C,1,1,5.828136484194107,-0.28700796998115496
3,11,SVAR.57,Y1D,1,1,4.29308841200738,-1.8220560421678815
4,11,SVAR.57,Y1E,1,1,5.421546111695677,-0.6935983424795849
5,11,SVAR.57,Y1F,1,1,6.563155981538214,0.4480115273629526
6,11,SVAR.57,Y1G,1,1,5.331843563752446,-0.783300890422816
7,11,SVAR.57,Y1H,1,1,5.919516409913205,-0.19562804426205638
8,11,SVAR.57,Y1I,1,1,5.8173045824652085,-0.2978398717100532
9,11,SVAR.57,Y1K,1,1,4.417667755323516,-1.6974766988517453
10,11,SVAR.57,Y1L,1,1,6.093597203272089,-0.021547250903172888
11,11,SVAR.57,Y1M,1,1,6.142838977515197,0.027694523339935273
12,11,SVAR.57,Y1N,1,1,5.387023123109247,-0.7281213310660144
13,11,SVAR.57,Y1P,1,1,5.265919476313769,-0.8492249778614926
14,11,SVAR.57,Y1Q,1,1,6.037422158750744,-0.07772229542451736
15,11,SVAR.57,Y1R,1,1,5.345859908931909,-0.7692845452433525
16,11,SVAR.57,Y1S,1,1,5.628464139357743,-0.4866803148175185
17,11,SVAR.57,Y1T,1,1,5.636599002917537,-0.47854545125772496
18,11,SVAR.57,Y1V,1,1,5.181271408379515,-0.9338730457957469
19,11,SVAR.57,Y1W,1,1,6.075930915103201,-0.03921353907206093
20,11,SVAR.57,L2A,2,1,5.148989238666328,-0.9661552155089339
21,11,SVAR.57,L2C,2,1,4.824547122022749,-1.2905973321525126
22,11,SVAR.57,L2D,2,1,1.2463110482426674,-4.868833405932595
23,11,SVAR.57,L2E,2,1,0.5181754095099539,-5.5969690446653075
24,11,SVAR.57,L2F,2,1,5.98631611779344,-0.12882833638182145
25,11,SVAR.57,L2G,2,1,3.773103101282519,-2.3420413528927426
26,11,SVAR.57,L2H,2,1,4.942913403519924,-1.1722310506553377
27,11,SVAR.57,L2I,2,1,6.010830616419054,-0.10431383775620784
28,11,SVAR.57,L2K,2,1,3.9197674648447087,-2.195376989330553
29,11,SVAR.57,L2M,2,1,5.778020662428977,-0.3371237917462846
30,11,SVAR.57,L2N,2,1,3.712468511459357,-2.402675942715905
31,11,SVAR.57,L2P,2,1,2.5607989810938503,-3.5543454730814115
32,11,SVAR.57,L2Q,2,1,3.271765300149268,-2.843379154025994
33,11,SVAR.57,L2R,2,1,0.4501657226824456,-5.664978731492816
34,11,SVAR.57,L2S,2,1,5.119421164766478,-0.995723289408784
35,11,SVAR.57,L2T,2,1,4.864772619305777,-1.250371834869485
36,11,SVAR.57,L2V,2,1,5.9000294026758935,-0.21511505149936827
37,11,SVAR.57,L2W,2,1,2.1158679269797758,-3.999276527195486
38,11,SVAR.57,L2Y,2,1,2.55082981580201,-3.5643146383732516
39,11,SVAR.57,Q3A,3,1,2.005053227726285,-4.110091226448977
40,11,SVAR.57,Q3C,3,1,4.055099808940331,-2.060044645234931
41,11,SVAR.57,Q3D,3,1,0.1500254440046075,-5.965119010170654
42,11,SVAR.57,Q3E,3,1,0.4635673932065025,-5.6515770609687594
43,11,SVAR.57,Q3F,3,1,0.0666371930302905,-6.048507261144971
44,11,SVAR.57,Q3G,3,1,4.744708434827392,-1.3704360193478697
45,11,SVAR.57,Q3H,3,1,0.1821144104502263,-5.933030043725036
46,11,SVAR.57,Q3I,3,1,4.410638402744513,-1.7045060514307488
47,11,SVAR.57,Q3K,3,1,0.3923174227787603,-5.722827031396501
48,11,SVAR.57,Q3L,3,1,3.553906565053008,-2.561237889122254
49,11,SVAR.57,Q3M,3,1,6.249887507007779,0.1347430528325173
50,11,SVAR.57,Q3N,3,1,0.7884958948062882,-5.326648559368974
51,11,SVAR.57,Q3P,3,1,1.9347447079431483,-4.180399746232114
52,11,SVAR.57,Q3R,3,1,0.7220152527002346,-5.393129201475027
53,11,SVAR.57,Q3S,3,1,5.46157086324645,-0.6535735909288114
54,11,SVAR.57,Q3T,3,1,2.658363974080138,-3.456780480095124
55,11,SVAR.57,Q3V,3,1,4.577565164141927,-1.5375792900333352
56,11,SVAR.57,Q3W,3,1,0.0544477840223765,-6.060696670152885
57,11,SVAR.57,Q3Y,3,1,0.0868432599477572,-6.028301194227504
58,11,SVAR.57,P4A,4,1,6.237626032986109,0.12248157881084687
59,11,SVAR.57,P4C,4,1,2.7114594948352857,-3.403684959339976
60,11,SVAR.57,P4D,4,1,0.1446397050315635,-5.970504749143698
61,11,SVAR.57,P4E,4,1,3.353870987390117,-2.761273466785145
62,11,SVAR.57,P4F,4,1,0.2509615735332188,-5.864182880642043
63,11,SVAR.57,P4G,4,1,6.396919525830638,0.2817750716553764
64,11,SVAR.57,P4H,4,1,0.4531263352669318,-5.66201811890833
65,11,SVAR.57,P4I,4,1,1.455976060001078,-4.659168394174184
66,11,SVAR.57,P4K,4,1,0.0413704344198603,-6.073774019755401
67,11,SVAR.57,P4L,4,1,0.6485276294986223,-5.466616824676639
68,11,SVAR.57,P4M,4,1,1.7215355535966004,-4.393608900578661
69,11,SVAR.57,P4N,4,1,0.9559448199220644,-5.159199634253198
70,11,SVAR.57,P4Q,4,1,4.896029602976752,-1.2191148511985102
71,11,SVAR.57,P4R,4,1,0.0255350921071374,-6.089609362068124
72,11,SVAR.57,P4S,4,1,5.328507477783219,-0.7866369763920424
73,11,SVAR.57,P4T,4,1,4.849511857498406,-1.2656325966768556
74,11,SVAR.57,P4V,4,1,0.2982238342960939,-5.816920619879168
75,11,SVAR.57,P4W,4,1,4.2397689900564215,-1.8753754641188403
76,11,SVAR.57,P4Y,4,1,0.0685870852574123,-6.046557368917849
77,11,SVAR.57,R5A,5,1,0.0365258760251138,-6.078618578150148
78,11,SVAR.57,R5C,5,1,0.1216094471038728,-5.993535007071389
79,11,SVAR.57,R5D,5,1,0.0052557254514951,-6.109888728723766
80,11,SVAR.57,R5E,5,1,0.031708859727338,-6.0834355944479235
81,11,SVAR.57,R5F,5,0,-0.0724517943482903,-6.187596248523552
82,11,SVAR.57,R5G,5,0,-0.0053137998964678,-6.120458254071729
83,11,SVAR.57,R5H,5,1,0.0433925955133806,-6.071751858661881
84,11,SVAR.57,R5I,5,1,0.0266679504620801,-6.088476503713181
85,11,SVAR.57,R5K,5,0,-0.0845335102116677,-6.19967796438693
86,11,SVAR.57,R5L,5,0,-0.1218187442937626,-6.236963198469025
87,11,SVAR.57,R5M,5,0,-0.120798143971137,-6.235942598146399
88,11,SVAR.57,R5N,5,1,0.0206841541717377,-6.094460300003524
89,11,SVAR.57,R5P,5,0,-0.1192989283723444,-6.234443382547606
90,11,SVAR.57,R5Q,5,1,0.0315931246953166,-6.0835513294799455
91,11,SVAR.57,R5S,5,0,-0.1192989283723444,-6.234443382547606
92,11,SVAR.57,R5T,5,0,-0.0668315084782088,-6.18197596265347
93,11,SVAR.57,R5V,5,0,-0.1219905243786102,-6.237134978553872
94,11,SVAR.57,R5W,5,0,-0.0533295024061266,-6.168473956581388
95,11,SVAR.57,R5Y,5,0,-0.1317898725555412,-6.246934326730803
96,11,SVAR.57,T6A,6,0,-0.0473057147783566,-6.162450168953618
97,11,SVAR.57,T6C,6,0,-0.0626119772996787,-6.177756431474941
98,11,SVAR.57,T6D,6,0,-0.1446797526391911,-6.259824206814453
99,11,SVAR.57,T6E,6,0,-0.1051822366920565,-6.220326690867318
100,11,SVAR.57,T6F,6,0,-0.0434392612648973,-6.158583715440159
101,11,SVAR.57,T6G,6,1,2.154818109052104,-3.960326345123158
102,11,SVAR.57,T6H,6,0,-0.1470411107689738,-6.262185564944236
103,11,SVAR.57,T6I,6,0,-0.1418326944129594,-6.256977148588221
104,11,SVAR.57,T6K,6,0,-0.1244985421178855,-6.2396429962931474
105,11,SVAR.57,T6L,6,0,-0.1620198033569661,-6.2771642575322275
106,11,SVAR.57,T6M,6,0,-0.1145118811237056,-6.229656335298968
107,11,SVAR.57,T6N,6,1,0.9468886635404375,-5.1682557906348245
108,11,SVAR.57,T6P,6,0,-0.1347103088582545,-6.249854763033516
109,11,SVAR.57,T6Q,6,0,-0.100693999619473,-6.215838453794735
110,11,SVAR.57,T6R,6,0,-0.0859732231098528,-6.201117677285114
111,11,SVAR.57,T6S,6,1,4.2241680462263,-1.890976407948962
112,11,SVAR.57,T6V,6,0,-0.0964044839530624,-6.211548938128324
113,11,SVAR.57,T6W,6,0,-0.1136567817955672,-6.228801235970829
114,11,SVAR.57,T6Y,6,0,-0.0401571264719827,-6.155301580647245
115,11,SVAR.57,F7A,7,0,-0.1460782594879446,-6.261222713663206
116,11,SVAR.57,F7C,7,1,0.1535209210873031,-5.961623533087959
117,11,SVAR.57,F7D,7,0,-0.1620198033569661,-6.2771642575322275
118,11,SVAR.57,F7E,7,0,-0.1090427592952898,-6.224187213470551
119,11,SVAR.57,F7G,7,0,-0.163285804079277,-6.278430258254539
120,11,SVAR.57,F7H,7,1,0.168122758808327,-5.947021695366935
121,11,SVAR.57,F7I,7,1,2.5342316986002267,-3.580912755575035
122,11,SVAR.57,F7K,7,0,-0.1195816157526726,-6.234726069927935
123,11,SVAR.57,F7L,7,1,2.799375393745788,-3.315769060429474
124,11,SVAR.57,F7M,7,1,1.0053334443030408,-5.109811009872221
125,11,SVAR.57,F7N,7,0,-0.1255308820838589,-6.2406753362591205
126,11,SVAR.57,F7P,7,0,-0.1620198033569661,-6.2771642575322275
127,11,SVAR.57,F7Q,7,1,0.0728505654076813,-6.04229388876758
128,11,SVAR.57,F7R,7,0,-0.0919957840807729,-6.207140238256034
129,11,SVAR.57,F7S,7,0,-0.1200557520177078,-6.235200206192969
130,11,SVAR.57,F7T,7,0,-0.0552824355011896,-6.170426889676452
131,11,SVAR.57,F7V,7,1,1.7408003658511018,-4.37434408832416
132,11,SVAR.57,F7W,7,0,0.0,-6.115144454175262
133,11,SVAR.57,F7Y,7,1,4.526545814495834,-1.5885986396794278
134,11,SVAR.57,L8A,8,0,-0.0783049954997895,-6.193449449675051
135,11,SVAR.57,L8C,8,1,3.2290684861922694,-2.8860759679829924
136,11,SVAR.57,L8D,8,0,-0.118181426348314,-6.233325880523576
137,11,SVAR.57,L8E,8,0,-0.1364622425492717,-6.251606696724534
138,11,SVAR.57,L8F,8,1,4.432364381098317,-1.6827800730769447
139,11,SVAR.57,L8G,8,0,-0.0853914912306446,-6.200535945405907
140,11,SVAR.57,L8H,8,1,1.5831397651143384,-4.532004689060924
141,11,SVAR.57,L8I,8,1,5.475973559968431,-0.6391708942068304
142,11,SVAR.57,L8K,8,1,0.3009310135923225,-5.8142134405829395
143,11,SVAR.57,L8M,8,1,4.869285963833589,-1.2458584903416732
144,11,SVAR.57,L8N,8,1,0.0327899351176694,-6.082354519057592
145,11,SVAR.57,L8P,8,0,-0.1159414797058052,-6.231085933881067
146,11,SVAR.57,L8Q,8,1,1.1794635157979096,-4.935680938377352
147,11,SVAR.57,L8R,8,1,0.9650943850517988,-5.150050069123463
148,11,SVAR.57,L8S,8,1,0.5570565041512716,-5.558087950023991
149,11,SVAR.57,L8T,8,1,3.834400294376876,-2.280744159798386
150,11,SVAR.57,L8V,8,1,4.839898295321926,-1.275246158853336
151,11,SVAR.57,L8W,8,1,3.9550808025002206,-2.160063651675041
152,11,SVAR.57,L8Y,8,1,0.4036327360065945,-5.711511718168667
153,11,SVAR.57,L9A,9,1,0.9607876490100108,-5.154356805165251
154,11,SVAR.57,L9C,9,1,2.9472410971185328,-3.167903357056729
155,11,SVAR.57,L9D,9,1,0.9417719580785792,-5.1733724960966825
156,11,SVAR.57,L9E,9,1,3.443398635464745,-2.6717458187105168
157,11,SVAR.57,L9F,9,1,2.1957870647542785,-3.919357389420983
158,11,SVAR.57,L9G,9,1,0.8110703375565927,-5.304074116618669
159,11,SVAR.57,L9H,9,1,2.583118800737468,-3.5320256534377936
160,11,SVAR.57,L9I,9,1,3.2362202751917355,-2.8789241789835263
161,11,SVAR.57,L9K,9,1,0.6626718118188921,-5.452472642356369
162,11,SVAR.57,L9M,9,1,3.1929891912513355,-2.9221552629239262
163,11,SVAR.57,L9N,9,1,2.5931179494647,-3.5220265047105617
164,11,SVAR.57,L9P,9,1,1.377304851923736,-4.737839602251526
165,11,SVAR.57,L9Q,9,1,4.241828541932876,-1.8733159122423855
166,11,SVAR.57,L9R,9,1,0.1840001866540351,-5.931144267521226
167,11,SVAR.57,L9S,9,1,0.7259411254800698,-5.389203328695192
168,11,SVAR.57,L9T,9,1,4.378875264588901,-1.736269189586361
169,11,SVAR.57,L9V,9,1,3.5965207666845003,-2.5186236874907615
170,11,SVAR.57,L9W,9,1,0.6406719333074437,-5.474472520867818
171,11,SVAR.57,L9Y,9,1,0.3320760502634451,-5.783068403911817
1,12,SVAR.59,Y1A,1,1,3.36537835092076,-1.0330103908272092
2,12,SVAR.59,Y1C,1,1,4.164068881319047,-0.23431986042892206
3,12,SVAR.59,Y1D,1,1,2.1832218240557704,-2.215166917692199
4,12,SVAR.59,Y1E,1,1,2.960557409937831,-1.4378313318101386
5,12,SVAR.59,Y1F,1,1,4.529952886264567,0.13156414451659781
6,12,SVAR.59,Y1G,1,1,3.814090701777589,-0.5842980399703803
7,12,SVAR.59,Y1H,1,1,3.4175057548695933,-0.9808829868783762
8,12,SVAR.59,Y1I,1,1,3.971642993240107,-0.4267457485078623
9,12,SVAR.59,Y1K,1,1,3.316124596313614,-1.0822641454343556
10,12,SVAR.59,Y1L,1,1,4.300615312808755,-0.09777342893921404
11,12,SVAR.59,Y1M,1,1,4.18581111140839,-0.21257763033957922
12,12,SVAR.59,Y1N,1,1,3.1370448701009,-1.2613438716470693
13,12,SVAR.59,Y1P,1,1,2.688144510729242,-1.7102442310187276
14,12,SVAR.59,Y1Q,1,1,3.711263847464656,-0.6871248942833135
15,12,SVAR.59,Y1R,1,1,3.488389241026104,-0.9099995007218653
16,12,SVAR.59,Y1S,1,1,3.5072552947810385,-0.891133446966931
17,12,SVAR.59,Y1T,1,1,3.527325029259982,-0.8710637124879876
18,12,SVAR.59,Y1V,1,1,3.5583682907094434,-0.8400204510385261
19,12,SVAR.59,Y1W,1,1,4.335790748269108,-0.06259799347886119
20,12,SVAR.59,L2A,2,1,3.6432692113815097,-0.7551195303664597
21,12,SVAR.59,L2C,2,1,3.061111514303388,-1.3372772274445817
22,12,SVAR.59,L2D,2,1,0.6613485475215112,-3.7370401942264584
23,12,SVAR.59,L2E,2,1,0.5780761151359164,-3.8203126266120533
24,12,SVAR.59,L2F,2,1,4.199127005559076,-0.19926173618889376
25,12,SVAR.59,L2G,2,1,2.11507213668138,-2.2833166050665894
26,12,SVAR.59,L2H,2,1,2.7221685922381256,-1.6762201495098439
27,12,SVAR.59,L2I,2,1,4.135700191071533,-0.2626885506764367
28,12,SVAR.59,L2K,2,1,2.4603358462074114,-1.938052895540558
29,12,SVAR.59,L2M,2,1,4.307228199570947,-0.09116054217702274
30,12,SVAR.59,L2N,2,1,0.9244489669928232,-3.4739397747551464
31,12,SVAR.59,L2P,2,1,1.482236199166744,-2.9161525425812256
32,12,SVAR.59,L2Q,2,1,2.29891144216239,-2.0994772995855793
33,12,SVAR.59,L2R,2,1,0.5155887976804943,-3.882799944067475
34,12,SVAR.59,L2S,2,1,3.537556951870938,-0.8608317898770315
35,12,SVAR.59,L2T,2,1,3.130584109810145,-1.2678046319378247
36,12,SVAR.59,L2V,2,1,4.077829300604769,-0.32055944114320045
37,12,SVAR.59,L2W,2,1,0.6736201205415531,-3.724768621206416
38,12,SVAR.59,L2Y,2,1,0.968521768526832,-3.4298669732211375
39,12,SVAR.59,Q3A,3,1,0.805183823015977,-3.5932049187319923
40,12,SVAR.59,Q3C,3,1,0.932885804141463,-3.4655029376065065
41,12,SVAR.59,Q3D,3,1,0.3020285374496575,-4.096360204298312
42,12,SVAR.59,Q3E,3,1,0.3959286763311393,-4.00246006541683
43,12,SVAR.59,Q3F,3,1,0.2717516229349028,-4.126637118813067
44,12,SVAR.59,Q3G,3,1,1.163935317258488,-3.234453424489481
45,12,SVAR.59,Q3H,3,1,0.3520394118925388,-4.04634932985543
46,12,SVAR.59,Q3I,3,1,0.8194277543581792,-3.5789609873897903
47,12,SVAR.59,Q3K,3,1,0.3923174227787603,-4.006071318969209
48,12,SVAR.59,Q3L,3,1,0.466216223204407,-3.9321725185435623
49,12,SVAR.59,Q3M,3,1,4.175533439354894,-0.22285530239307505
50,12,SVAR.59,Q3N,3,1,0.5950161653850791,-3.8033725763628903
51,12,SVAR.59,Q3P,3,1,0.5936169660316943,-3.804771775716275
52,12,SVAR.59,Q3R,3,1,0.3268773108590957,-4.071511430888874
53,12,SVAR.59,Q3S,3,1,2.596484370616376,-1.8019043711315934
54,12,SVAR.59,Q3T,3,1,0.5660133979201659,-3.8323753438278034
55,12,SVAR.59,Q3V,3,1,0.7411262172110481,-3.6572625245369212
56,12,SVAR.59,Q3W,3,1,0.236733444403469,-4.161655297344501
57,12,SVAR.59,Q3Y,3,1,0.2942853398182336,-4.104103401929736
58,12,SVAR.59,P4A,4,1,3.589408405752348,-0.8089803359956216
59,12,SVAR.59,P4C,4,1,1.0479041571973449,-3.3504845845506246
60,12,SVAR.59,P4D,4,1,0.579706775269661,-3.8186819664783087
61,12,SVAR.59,P4E,4,1,0.3262282323209879,-4.072160509426982
62,12,SVAR.59,P4F,4,1,2.189033824390017,-2.2093549173579525
63,12,SVAR.59,P4G,4,1,4.486657593759409,0.08826885201143941
64,12,SVAR.59,P4H,4,1,3.032894608807838,-1.3654941329401313
65,12,SVAR.59,P4I,4,1,2.386883536728132,-2.0115052050198376
66,12,SVAR.59,P4K,4,1,0.2717516229349028,-4.126637118813067
67,12,SVAR.59,P4L,4,1,2.067834034501407,-2.3305547072465624
68,12,SVAR.59,P4M,4,1,0.9021077992384212,-3.4962809425095482
69,12,SVAR.59,P4N,4,1,1.9822645184609888,-2.416124223286981
70,12,SVAR.59,P4Q,4,1,2.3883863711888456,-2.010002370559124
71,12,SVAR.59,P4R,4,1,0.2885694979409315,-4.109819243807038
72,12,SVAR.59,P4S,4,1,2.410657013481694,-1.9877317282662754
73,12,SVAR.59,P4T,4,1,1.1752388013387802,-3.223149940409189
74,12,SVAR.59,P4V,4,1,1.5025003405291837,-2.8958884012187855
75,12,SVAR.59,P4W,4,1,1.4443641705483556,-2.954024571199614
76,12,SVAR.59,P4Y,4,1,1.2200748384430486,-3.178313903304921
77,12,SVAR.59,R5A,5,1,0.2110236072572506,-4.187365134490719
78,12,SVAR.59,R5C,5,1,0.1683577062953521,-4.230031035452617
79,12,SVAR.59,R5D,5,1,0.2057486652165761,-4.192640076531394
80,12,SVAR.59,R5E,5,1,0.2132032498817873,-4.185185491866182
81,12,SVAR.59,R5F,5,1,0.2630344058337938,-4.135354335914176
82,12,SVAR.59,R5G,5,1,0.2071579076412874,-4.191230834106682
83,12,SVAR.59,R5H,5,1,0.2145045119061351,-4.183884229841834
84,12,SVAR.59,R5I,5,1,0.1675304863019295,-4.23085825544604
85,12,SVAR.59,R5K,5,1,0.212303603712864,-4.186085138035105
86,12,SVAR.59,R5L,5,1,0.2215577698576346,-4.176830971890335
87,12,SVAR.59,R5M,5,1,0.2149237504325978,-4.183464991315372
88,12,SVAR.59,R5N,5,1,0.2171747120654287,-4.181214029682541
89,12,SVAR.59,R5P,5,1,0.2272912207492872,-4.171097520998682
90,12,SVAR.59,R5Q,5,1,0.1846374993410297,-4.21375124240694
91,12,SVAR.59,R5S,5,1,0.15200309344505,-4.24638564830292
92,12,SVAR.59,R5T,5,1,0.2650120552742364,-4.133376686473733
93,12,SVAR.59,R5V,5,1,0.2120104028093268,-4.186378338938643
94,12,SVAR.59,R5W,5,1,0.3312059084753731,-4.0671828332725966
95,12,SVAR.59,R5Y,5,1,0.1775381855521875,-4.220850556195782
96,12,SVAR.59,T6A,6,1,0.6080461138341975,-3.790342627913772
97,12,SVAR.59,T6C,6,1,1.0838540513186448,-3.3145346904293245
98,12,SVAR.59,T6D,6,1,0.2049817377876286,-4.193407003960341
99,12,SVAR.59,T6E,6,1,0.1898245588800172,-4.208564182867952
100,12,SVAR.59,T6F,6,1,0.5767885692754561,-3.8216001724725133
101,12,SVAR.59,T6G,6,1,2.1137421660491884,-2.284646575698781
102,12,SVAR.59,T6H,6,1,2.910613681651236,-1.4877750600967334
103,12,SVAR.59,T6I,6,1,0.9222976430067562,-3.4760910987412132
104,12,SVAR.59,T6K,6,1,0.1711866500062235,-4.227202091741746
105,12,SVAR.59,T6L,6,1,1.3930721677820523,-3.005316573965917
106,12,SVAR.59,T6M,6,1,1.022991642626229,-3.3753970991217406
107,12,SVAR.59,T6N,6,1,1.2926635003821676,-3.1057252413658016
108,12,SVAR.59,T6P,6,1,0.1486440813551352,-4.249744660392834
109,12,SVAR.59,T6Q,6,1,0.3401835045946303,-4.058205237153339
110,12,SVAR.59,T6R,6,1,0.1579523597762364,-4.240436381971733
111,12,SVAR.59,T6S,6,1,0.7729939033504203,-3.625394838397549
112,12,SVAR.59,T6V,6,1,1.7059148482072437,-2.6924738935407255
113,12,SVAR.59,T6W,6,1,0.1552782254779108,-4.243110516270058
114,12,SVAR.59,T6Y,6,1,0.8479969065549501,-3.5503918351930195
115,12,SVAR.59,F7A,7,1,0.15200309344505,-4.24638564830292
116,12,SVAR.59,F7C,7,1,1.9352943106121847,-2.4630944311357847
117,12,SVAR.59,F7D,7,1,0.0970674179601647,-4.301321323787805
118,12,SVAR.59,F7E,7,1,0.1717663482664798,-4.22662239348149
119,12,SVAR.59,F7G,7,1,0.2032531775083767,-4.195135564239592
120,12,SVAR.59,F7H,7,1,0.177708807637525,-4.220679934110445
121,12,SVAR.59,F7I,7,1,0.4498029174395205,-3.948585824308449
122,12,SVAR.59,F7K,7,1,0.1002641234734289,-4.2981246182745405
123,12,SVAR.59,F7L,7,1,1.0248508639506608,-3.3735378777973084
124,12,SVAR.59,F7M,7,1,1.0,-3.3983887417479695
125,12,SVAR.59,F7N,7,1,0.1104239896936506,-4.287964752054319
126,12,SVAR.59,F7P,7,1,0.1069152039165119,-4.2914735378314575
127,12,SVAR.59,F7Q,7,1,0.7427019637153508,-3.6556867780326185
128,12,SVAR.59,F7R,7,1,0.1631008023283805,-4.235287939419589
129,12,SVAR.59,F7S,7,1,0.2325440386120721,-4.165844703135897
130,12,SVAR.59,F7T,7,1,0.2301197833610586,-4.168268958386911
131,12,SVAR.59,F7V,7,1,0.9152773210945728,-3.4831114206533966
132,12,SVAR.59,F7W,7,1,0.1486440813551352,-4.249744660392834
133,12,SVAR.59,F7Y,7,1,3.5892498591242545,-0.8091388826237149
134,12,SVAR.59,L8A,8,1,0.221614478453813,-4.176774263294156
135,12,SVAR.59,L8C,8,1,1.2129937233341983,-3.185395018413771
136,12,SVAR.59,L8D,8,1,0.1389764131488105,-4.259412328599159
137,12,SVAR.59,L8E,8,1,0.1246625732758905,-4.273726168472079
138,12,SVAR.59,L8F,8,1,0.3462535173069493,-4.05213522444102
139,12,SVAR.59,L8G,8,1,0.1815473690590653,-4.216841372688904
140,12,SVAR.59,L8H,8,1,0.4474589769712211,-3.9509297647767485
141,12,SVAR.59,L8I,8,1,3.6066176957845713,-0.7917710459633982
142,12,SVAR.59,L8K,8,1,0.1409901007226322,-4.257398641025337
143,12,SVAR.59,L8M,8,1,3.832216194950743,-0.5661725467972265
144,12,SVAR.59,L8N,8,1,0.3899465183160133,-4.008442223431956
145,12,SVAR.59,L8P,8,1,0.1430630490918355,-4.255325692656134
146,12,SVAR.59,L8Q,8,1,1.4035526267817438,-2.9948361149662257
147,12,SVAR.59,L8R,8,1,0.2083655360641625,-4.190023205683807
148,12,SVAR.59,L8S,8,1,0.7269815055935841,-3.6714072361543852
149,12,SVAR.59,L8T,8,1,2.070901921622457,-2.3274868201255123
150,12,SVAR.59,L8V,8,1,2.548858527035908,-1.8495302147120616
151,12,SVAR.59,L8W,8,1,0.3404593777789598,-4.057929363969009
152,12,SVAR.59,L8Y,8,1,0.1093473961883609,-4.289041345559609
153,12,SVAR.59,L9A,9,1,1.120021142564884,-3.2783675991830856
154,12,SVAR.59,L9C,9,1,2.1505596765753814,-2.247829065172588
155,12,SVAR.59,L9D,9,1,0.8535661871857398,-3.54482255456223
156,12,SVAR.59,L9E,9,1,2.5525410230287786,-1.8458477187191908
157,12,SVAR.59,L9F,9,1,2.0263196985389245,-2.372069043209045
158,12,SVAR.59,L9G,9,1,0.6806737003009176,-3.717715041447052
159,12,SVAR.59,L9H,9,1,2.4719398905133207,-1.9264488512346487
160,12,SVAR.59,L9I,9,1,2.5622710131029565,-1.836117728645013
161,12,SVAR.59,L9K,9,1,0.9831917123134464,-3.4151970294345233
162,12,SVAR.59,L9M,9,1,2.367456434744734,-2.0309323070032352
163,12,SVAR.59,L9N,9,1,2.18942117706811,-2.2089675646798597
164,12,SVAR.59,L9P,9,1,2.3447461772324543,-2.053642564515515
165,12,SVAR.59,L9Q,9,1,3.0874628412503395,-1.31092590049763
166,12,SVAR.59,L9R,9,1,0.3303896736355584,-4.067999068112411
167,12,SVAR.59,L9S,9,1,1.017367131970088,-3.381021609777881
168,12,SVAR.59,L9T,9,1,3.394631288617007,-1.0037574531309623
169,12,SVAR.59,L9V,9,1,2.893084796083488,-1.5053039456644814
170,12,SVAR.59,L9W,9,1,1.0987781544781736,-3.299610587269796
171,12,SVAR.59,L9Y,9,1,0.3185295184254974,-4.079859223322472
1,13,SVAR.6,Y1A,1,1,3.8041310211833177,-0.6474464428706059
2,13,SVAR.6,Y1C,1,1,3.510093489851414,-0.9414839742025096
3,13,SVAR.6,Y1D,1,1,1.3844894326517374,-3.067088031402186
4,13,SVAR.6,Y1E,1,1,2.3010022560328145,-2.150575208021109
5,13,SVAR.6,Y1F,1,1,5.156541834590508,0.704964370536584
6,13,SVAR.6,Y1G,1,1,2.707492976092592,-1.7440844879613318
7,13,SVAR.6,Y1H,1,1,2.5800326129432136,-1.87154485111071
8,13,SVAR.6,Y1I,1,1,3.1833656835603907,-1.268211780493533
9,13,SVAR.6,Y1K,1,1,3.271274245365158,-1.1803032186887656
10,13,SVAR.6,Y1L,1,1,3.862778225111597,-0.5887992389423267
11,13,SVAR.6,Y1M,1,1,4.16794735200187,-0.28363011205205346
12,13,SVAR.6,Y1N,1,1,3.2238638085531166,-1.227713655500807
13,13,SVAR.6,Y1P,1,1,2.1857390292874257,-2.265838434766498
14,13,SVAR.6,Y1Q,1,1,3.107227652159717,-1.3443498118942068
15,13,SVAR.6,Y1R,1,1,3.203375195166076,-1.2482022688878476
16,13,SVAR.6,Y1S,1,1,3.189394865640537,-1.2621825984133865
17,13,SVAR.6,Y1T,1,1,2.957971808294503,-1.4936056557594206
18,13,SVAR.6,Y1V,1,1,2.859620111048131,-1.5919573530057924
19,13,SVAR.6,Y1W,1,1,4.0299947402978376,-0.4215827237560861
20,13,SVAR.6,L2A,2,1,3.2178860398934805,-1.233691424160443
21,13,SVAR.6,L2C,2,1,3.012383724455833,-1.4391937395980907
22,13,SVAR.6,L2D,2,1,0.3700500445055338,-4.08152741954839
23,13,SVAR.6,L2E,2,1,0.3639921544539063,-4.087585309600017
24,13,SVAR.6,L2F,2,1,3.9571869164610263,-0.49439054759289736
25,13,SVAR.6,L2G,2,1,1.2893234294554348,-3.162254034598489
26,13,SVAR.6,L2H,2,1,2.0739080980281943,-2.3776693660257293
27,13,SVAR.6,L2I,2,1,3.462618331276211,-0.9889591327777127
28,13,SVAR.6,L2K,2,1,1.943832173996656,-2.507745290057268
29,13,SVAR.6,L2M,2,1,3.7855746018674656,-0.666002862186458
30,13,SVAR.6,L2N,2,1,0.5063526660247898,-3.945224798029134
31,13,SVAR.6,L2P,2,1,1.3053452106917585,-3.1462322533621654
32,13,SVAR.6,L2Q,2,1,2.2085122388338605,-2.243065225220063
33,13,SVAR.6,L2R,2,1,0.2296059115690225,-4.221971552484901
34,13,SVAR.6,L2S,2,1,3.415973662953521,-1.0356038011004025
35,13,SVAR.6,L2T,2,1,2.7595772910665777,-1.692000172987346
36,13,SVAR.6,L2V,2,1,3.3401953281708985,-1.1113821358830251
37,13,SVAR.6,L2W,2,1,0.2051144299046123,-4.246463034149311
38,13,SVAR.6,L2Y,2,1,0.5585870852968587,-3.892990378757065
39,13,SVAR.6,Q3A,3,1,0.4396995535131128,-4.011877910540811
40,13,SVAR.6,Q3C,3,1,1.253235057656863,-3.1983424063970607
41,13,SVAR.6,Q3D,3,1,0.0669310081189867,-4.384646455934937
42,13,SVAR.6,Q3E,3,1,0.1680378918980469,-4.283539572155877
43,13,SVAR.6,Q3F,3,0,-0.0040019305574962,-4.45557939461142
44,13,SVAR.6,Q3G,3,1,0.839535327806754,-3.6120421362471697
45,13,SVAR.6,Q3H,3,1,0.0690027876204353,-4.382574676433489
46,13,SVAR.6,Q3I,3,1,0.3341175038952763,-4.117459960158647
47,13,SVAR.6,Q3K,3,1,0.0696341878370525,-4.381943276216871
48,13,SVAR.6,Q3L,3,1,0.3251305269257062,-4.126446937128217
49,13,SVAR.6,Q3M,3,1,4.218423519133502,-0.23315394492042163
50,13,SVAR.6,Q3N,3,1,0.1894777988637128,-4.2620996651902106
51,13,SVAR.6,Q3P,3,1,0.0769619818148841,-4.374615482239039
52,13,SVAR.6,Q3R,3,1,0.09515723304034,-4.356420231013583
53,13,SVAR.6,Q3S,3,1,1.2457564144019582,-3.2058210496519655
54,13,SVAR.6,Q3T,3,1,0.1569693463383994,-4.294608117715525
55,13,SVAR.6,Q3V,3,1,0.2687311360033179,-4.182846328050606
56,13,SVAR.6,Q3W,3,1,0.0719498418790147,-4.379627622174909
57,13,SVAR.6,Q3Y,3,1,0.1498673491010589,-4.301710114952865
58,13,SVAR.6,P4A,4,1,2.482439065921802,-1.9691383981321215
59,13,SVAR.6,P4C,4,1,0.685786870240643,-3.7657905938132807
60,13,SVAR.6,P4D,4,1,2.460872152996512,-1.9907053110574116
61,13,SVAR.6,P4E,4,1,2.2561429595013456,-2.195434504552578
62,13,SVAR.6,P4F,4,1,0.2047575732344341,-4.24681989081949
63,13,SVAR.6,P4G,4,1,4.761789308488707,0.3102118444347832
64,13,SVAR.6,P4H,4,1,2.30296767210541,-2.1486097919485134
65,13,SVAR.6,P4I,4,1,0.2012582082471039,-4.2503192558068195
66,13,SVAR.6,P4K,4,1,0.1201214455216984,-4.331456018532225
67,13,SVAR.6,P4L,4,1,0.1937245355616965,-4.257852928492227
68,13,SVAR.6,P4M,4,1,0.5820450173388619,-3.869532446715062
69,13,SVAR.6,P4N,4,1,0.4522072918693847,-3.999370172184539
70,13,SVAR.6,P4Q,4,1,2.003027692697568,-2.4485497713563555
71,13,SVAR.6,P4R,4,1,0.1035376041084106,-4.348039859945513
72,13,SVAR.6,P4S,4,1,0.8682472428672336,-3.58333022118669
73,13,SVAR.6,P4T,4,1,0.1110313123887439,-4.34054615166518
74,13,SVAR.6,P4V,4,1,0.1317898725555411,-4.3197875914983825
75,13,SVAR.6,P4W,4,1,2.9980114469065464,-1.4535660171473772
76,13,SVAR.6,P4Y,4,1,0.2296059115690225,-4.221971552484901
77,13,SVAR.6,R5A,5,1,0.1421523839730534,-4.30942508008087
78,13,SVAR.6,R5C,5,0,0.0,-4.451577464053924
79,13,SVAR.6,R5D,5,1,0.1174228617349053,-4.3341546023190185
80,13,SVAR.6,R5E,5,1,0.1312445332782527,-4.320332930775671
81,13,SVAR.6,R5F,5,1,0.0554131203186067,-4.396164343735317
82,13,SVAR.6,R5G,5,0,-0.027480736422107,-4.479058200476031
83,13,SVAR.6,R5H,5,1,0.0650338854174896,-4.386543578636434
84,13,SVAR.6,R5I,5,0,-0.1020512714696972,-4.5536287355236205
85,13,SVAR.6,R5K,5,1,0.0255350921071374,-4.426042371946786
86,13,SVAR.6,R5L,5,1,0.0740005814437767,-4.377576882610147
87,13,SVAR.6,R5M,5,1,0.016488122788569,-4.435089341265354
88,13,SVAR.6,R5N,5,1,0.0237812259560418,-4.427796238097882
89,13,SVAR.6,R5P,5,1,0.0701878482400839,-4.3813896158138395
90,13,SVAR.6,R5Q,5,1,0.128786306648826,-4.3227911574050975
91,13,SVAR.6,R5S,5,1,0.0936591072142452,-4.357918356839678
92,13,SVAR.6,R5T,5,1,0.1474303636552257,-4.304147100398698
93,13,SVAR.6,R5V,5,1,0.0959244199985356,-4.355653044055388
94,13,SVAR.6,R5W,5,1,0.1510925884978899,-4.300484875556034
95,13,SVAR.6,R5Y,5,1,0.1908643391346754,-4.260713124919248
96,13,SVAR.6,T6A,6,1,0.2064508774674262,-4.2451265865864976
97,13,SVAR.6,T6C,6,1,0.480481852180228,-3.9710956118736958
98,13,SVAR.6,T6D,6,1,0.0384741478146356,-4.413103316239288
99,13,SVAR.6,T6E,6,1,0.1195816157526724,-4.3319958483012515
100,13,SVAR.6,T6F,6,1,0.2293384869493112,-4.222238977104612
101,13,SVAR.6,T6G,6,1,0.1285147405226804,-4.323062723531243
102,13,SVAR.6,T6H,6,1,0.0995356735509143,-4.3520417905030095
103,13,SVAR.6,T6I,6,1,0.163024499536302,-4.2885529645176215
104,13,SVAR.6,T6K,6,1,0.2318527505855143,-4.219724713468409
105,13,SVAR.6,T6L,6,1,0.2002121864876698,-4.251365277566254
106,13,SVAR.6,T6M,6,1,0.1990094938984972,-4.252567970155426
107,13,SVAR.6,T6N,6,1,0.6558842866517736,-3.79569317740215
108,13,SVAR.6,T6P,6,1,0.0326046654319276,-4.418972798621996
109,13,SVAR.6,T6Q,6,1,0.137503523749935,-4.314073940303989
110,13,SVAR.6,T6R,6,1,0.1699250014423123,-4.2816524626116115
111,13,SVAR.6,T6S,6,1,0.1012833358371817,-4.350294128216742
112,13,SVAR.6,T6V,6,1,0.1023617176296777,-4.349215746424246
113,13,SVAR.6,T6W,6,1,0.0817243974344539,-4.36985306661947
114,13,SVAR.6,T6Y,6,1,0.1233096421671805,-4.328267821886743
115,13,SVAR.6,F7A,7,1,0.1048228249552718,-4.346754639098652
116,13,SVAR.6,F7C,7,1,2.156227679306775,-2.2953497847471485
117,13,SVAR.6,F7D,7,1,0.0603005102678142,-4.391276953786109
118,13,SVAR.6,F7E,7,1,0.1745564501739582,-4.277021013879965
119,13,SVAR.6,F7G,7,0,0.0,-4.451577464053924
120,13,SVAR.6,F7H,7,1,0.377197693253174,-4.07437977080075
121,13,SVAR.6,F7I,7,1,0.7306399559167913,-3.7209375081371325
122,13,SVAR.6,F7K,7,1,0.0084122398162,-4.443165224237724
123,13,SVAR.6,F7L,7,1,0.1327552088517716,-4.318822255202152
124,13,SVAR.6,F7M,7,1,3.4681740998601644,-0.9834033641937592
125,13,SVAR.6,F7N,7,1,1.7162070339994089,-2.7353704300545147
126,13,SVAR.6,F7P,7,1,0.4495613746132361,-4.002016089440687
127,13,SVAR.6,F7Q,7,1,0.5590838688955507,-3.892493595158373
128,13,SVAR.6,F7R,7,1,0.0960759715550473,-4.355501492498877
129,13,SVAR.6,F7S,7,1,2.842480882695891,-1.6090965813580325
130,13,SVAR.6,F7T,7,1,0.0914230277635946,-4.360154436290329
131,13,SVAR.6,F7V,7,1,1.304854581528421,-3.146722882525503
132,13,SVAR.6,F7W,7,1,2.185761549493021,-2.2658159145609025
133,13,SVAR.6,F7Y,7,1,4.458800932270581,0.007223468216657203
134,13,SVAR.6,L8A,8,1,0.409831087851077,-4.0417463762028465
135,13,SVAR.6,L8C,8,1,2.755203640006497,-1.6963738240474266
136,13,SVAR.6,L8D,8,1,0.1595298300799338,-4.29204763397399
137,13,SVAR.6,L8E,8,1,0.9530607770414444,-3.4985166870124793
138,13,SVAR.6,L8F,8,1,3.5100709542709,-0.9415065097830237
139,13,SVAR.6,L8G,8,1,0.7083964419694353,-3.7431810220844883
140,13,SVAR.6,L8H,8,1,0.1714804679443536,-4.28009699610957
141,13,SVAR.6,L8I,8,1,3.3339007365534385,-1.117676727500485
142,13,SVAR.6,L8K,8,1,0.1986839944237363,-4.252893469630187
143,13,SVAR.6,L8M,8,1,3.661681818614096,-0.7898956454398278
144,13,SVAR.6,L8N,8,1,0.8314003960242551,-3.6201770680296685
145,13,SVAR.6,L8P,8,1,3.4697281408122542,-0.9818493232416694
146,13,SVAR.6,L8Q,8,1,2.141049512044924,-2.3105279520089996
147,13,SVAR.6,L8R,8,1,0.1418819642605091,-4.309695499793414
148,13,SVAR.6,L8S,8,1,0.8132314883942734,-3.63834597565965
149,13,SVAR.6,L8T,8,1,1.5393457008085183,-2.9122317632454053
150,13,SVAR.6,L8V,8,1,2.262650250581653,-2.1889272134722706
151,13,SVAR.6,L8W,8,1,0.1931947807651595,-4.258382683288764
152,13,SVAR.6,L8Y,8,1,0.4506614090095652,-4.0009160550443585
153,13,SVAR.6,L9A,9,1,2.249213911246952,-2.202363552806972
154,13,SVAR.6,L9C,9,1,1.9777471931528725,-2.4738302709010513
155,13,SVAR.6,L9D,9,1,0.6745997132058327,-3.776977750848091
156,13,SVAR.6,L9E,9,1,2.0846312504671767,-2.366946213586747
157,13,SVAR.6,L9F,9,1,1.111546652648158,-3.3400308114057653
158,13,SVAR.6,L9G,9,1,1.742012023509553,-2.7095654405443703
159,13,SVAR.6,L9H,9,1,2.699068986407678,-1.7525084776462458
160,13,SVAR.6,L9I,9,1,2.9658550900431173,-1.4857223740108063
161,13,SVAR.6,L9K,9,1,1.7746932154010733,-2.6768842486528506
162,13,SVAR.6,L9M,9,1,3.448997617367877,-1.0025798466860465
163,13,SVAR.6,L9N,9,1,2.0973678368682043,-2.3542096271857194
164,13,SVAR.6,L9P,9,1,0.1443899093351749,-4.307187554718749
165,13,SVAR.6,L9Q,9,1,3.12988028254691,-1.3216971815070138
166,13,SVAR.6,L9R,9,1,0.1797480839279543,-4.271829380125969
167,13,SVAR.6,L9S,9,1,3.191490351277246,-1.2600871127766777
168,13,SVAR.6,L9T,9,1,3.1357215773835923,-1.3158558866703314
169,13,SVAR.6,L9V,9,1,2.9011898457205434,-1.5503876183333802
170,13,SVAR.6,L9W,9,1,0.3852901558847916,-4.066287308169132
171,13,SVAR.6,L9Y,9,1,0.3907899530321665,-4.060787511021757
1,14,SVAR.7,Y1A,1,1,2.4039803403043405,-1.0278654466610573
2,14,SVAR.7,Y1C,1,1,2.560650434672098,-0.8711953522932996
3,14,SVAR.7,Y1D,1,1,1.0040927546338831,-2.4277530323315144
4,14,SVAR.7,Y1E,1,1,1.32883646422954,-2.1030093227358577
5,14,SVAR.7,Y1F,1,1,3.6740699745551417,0.24222418758974396
6,14,SVAR.7,Y1G,1,1,1.9919850069358804,-1.4398607800295173
7,14,SVAR.7,Y1H,1,1,1.5377973926424762,-1.8940483943229216
8,14,SVAR.7,Y1I,1,1,2.058580025601765,-1.373265761363633
9,14,SVAR.7,Y1K,1,1,3.411996275839545,-0.01984951112585298
10,14,SVAR.7,Y1L,1,1,2.4039803403043405,-1.0278654466610573
11,14,SVAR.7,Y1M,1,1,3.0196288067489325,-0.41221698021646525
12,14,SVAR.7,Y1N,1,1,1.9289547525515485,-1.5028910344138493
13,14,SVAR.7,Y1P,1,1,1.6343877177339987,-1.797458069231399
14,14,SVAR.7,Y1Q,1,1,2.181544084709146,-1.2503017022562517
15,14,SVAR.7,Y1R,1,1,3.853829351857105,0.4219835648917072
16,14,SVAR.7,Y1S,1,1,2.1812062833055856,-1.2506395036598121
17,14,SVAR.7,Y1T,1,1,1.850016074191602,-1.5818297127737957
18,14,SVAR.7,Y1V,1,1,2.0390998196889405,-1.3927459672764573
19,14,SVAR.7,Y1W,1,1,3.3503387614154154,-0.08150702554998235
20,14,SVAR.7,L2A,2,1,2.3388964203491027,-1.092949366616295
21,14,SVAR.7,L2C,2,1,2.3033308760100324,-1.1285149109553654
22,14,SVAR.7,L2D,2,1,0.2474834022992783,-3.1843623846661195
23,14,SVAR.7,L2E,2,1,0.3935364300679216,-3.038309356897476
24,14,SVAR.7,L2F,2,1,3.0899421253127985,-0.3419036616525992
25,14,SVAR.7,L2G,2,1,1.4601641370794824,-1.9716816498859153
26,14,SVAR.7,L2H,2,1,2.3555656915876497,-1.076280095377748
27,14,SVAR.7,L2I,2,1,3.028951373696129,-0.4028944132692689
28,14,SVAR.7,L2K,2,1,1.3060419849212848,-2.1258038020441132
29,14,SVAR.7,L2M,2,1,3.263984143768675,-0.1678616431967228
30,14,SVAR.7,L2N,2,1,0.7229627347672317,-2.708883052198166
31,14,SVAR.7,L2P,2,1,1.187224802158143,-2.2446209848072547
32,14,SVAR.7,L2Q,2,1,1.87482069463066,-1.5570250923347377
33,14,SVAR.7,L2R,2,1,0.1482015232851938,-3.283644263680204
34,14,SVAR.7,L2S,2,1,2.091235252641193,-1.3406105343242047
35,14,SVAR.7,L2T,2,1,1.7341885094956324,-1.6976572774697654
36,14,SVAR.7,L2V,2,1,3.1174740274838832,-0.3143717594815145
37,14,SVAR.7,L2W,2,1,0.4623432140572004,-2.969502572908197
38,14,SVAR.7,L2Y,2,1,1.0966578694504736,-2.335187917514924
39,14,SVAR.7,Q3A,3,1,0.4579233121320203,-2.9739224748333775
40,14,SVAR.7,Q3C,3,1,0.732108030516904,-2.699737756448494
41,14,SVAR.7,Q3D,3,0,-0.0701878482400839,-3.5020336352054815
42,14,SVAR.7,Q3E,3,1,0.1102453167055109,-3.3216004702598867
43,14,SVAR.7,Q3F,3,0,-0.0040019305574962,-3.435847717522894
44,14,SVAR.7,Q3G,3,1,0.8582718903883397,-2.573573896577058
45,14,SVAR.7,Q3H,3,0,-0.0768480788430194,-3.508693865808417
46,14,SVAR.7,Q3I,3,1,0.6280312226130421,-2.8038145643523555
47,14,SVAR.7,Q3K,3,1,0.0582593979723955,-3.3735863889930022
48,14,SVAR.7,Q3L,3,1,0.2730184944064158,-3.158827292558982
49,14,SVAR.7,Q3M,3,1,3.2928656292849,-0.13898015768049765
50,14,SVAR.7,Q3N,3,1,0.0415791037513993,-3.3902666832139983
51,14,SVAR.7,Q3P,3,1,0.3368702866619584,-3.0949755003034394
52,14,SVAR.7,Q3R,3,1,0.0122435957547471,-3.4196021912106507
53,14,SVAR.7,Q3S,3,1,1.422233000683048,-2.00961278628235
54,14,SVAR.7,Q3T,3,1,0.204514930606192,-3.2273308563592056
55,14,SVAR.7,Q3V,3,1,0.50426202679889,-2.927583760166508
56,14,SVAR.7,Q3W,3,0,-0.0843921872903724,-3.51623797425577
57,14,SVAR.7,Q3Y,3,0,-0.0215010692109221,-3.45334685617632
58,14,SVAR.7,P4A,4,1,1.3805402550024066,-2.051305531962991
59,14,SVAR.7,P4C,4,1,0.3698575159747238,-3.061988270990674
60,14,SVAR.7,P4D,4,1,0.1468413883292711,-3.2850043986361266
61,14,SVAR.7,P4E,4,1,0.0458036896131247,-3.386042097352273
62,14,SVAR.7,P4F,4,1,0.1638008990115761,-3.2680448879538218
63,14,SVAR.7,P4G,4,1,1.7850403361700693,-1.6468054507953285
64,14,SVAR.7,P4H,4,1,0.6559632696222951,-2.7758825173431028
65,14,SVAR.7,P4I,4,1,0.9337083212908172,-2.4981374656745805
66,14,SVAR.7,P4K,4,0,0.0,-3.4318457869653978
67,14,SVAR.7,P4L,4,1,0.151571084146751,-3.2802747028186467
68,14,SVAR.7,P4M,4,1,0.1414724259528804,-3.2903733610125174
69,14,SVAR.7,P4N,4,1,0.955729733072484,-2.476116053892914
70,14,SVAR.7,P4Q,4,1,0.2549293561967385,-3.1769164307686593
71,14,SVAR.7,P4R,4,0,0.0,-3.4318457869653978
72,14,SVAR.7,P4S,4,1,1.80001916875626,-1.6318266182091379
73,14,SVAR.7,P4T,4,1,0.9938037340360942,-2.4380420529293034
74,14,SVAR.7,P4V,4,1,0.4943599519402496,-2.9374858350251483
75,14,SVAR.7,P4W,4,1,0.596836601009448,-2.8350091859559496
76,14,SVAR.7,P4Y,4,1,0.1328942704973454,-3.2989515164680525
77,14,SVAR.7,R5A,5,1,0.0253853184199137,-3.4064604685454842
78,14,SVAR.7,R5C,5,0,-0.0784266469568162,-3.5102724339222138
79,14,SVAR.7,R5D,5,0,-0.0255350921071376,-3.4573808790725353
80,14,SVAR.7,R5E,5,0,-0.0172779914318354,-3.449123778397233
81,14,SVAR.7,R5F,5,0,-0.0130956576116832,-3.444941444577081
82,14,SVAR.7,R5G,5,0,-0.1558970095495411,-3.587742796514939
83,14,SVAR.7,R5H,5,0,-0.0294009164405591,-3.461246703405957
84,14,SVAR.7,R5I,5,0,-0.1756543615096953,-3.607500148475093
85,14,SVAR.7,R5K,5,1,0.0339473319233375,-3.39789845504206
86,14,SVAR.7,R5L,5,0,-0.0384741478146356,-3.4703199347800333
87,14,SVAR.7,R5M,5,0,-0.0335525597110265,-3.4653983466764244
88,14,SVAR.7,R5N,5,0,-0.05706317430891,-3.4889089612743076
89,14,SVAR.7,R5P,5,0,-0.0170231478423139,-3.4488689348077117
90,14,SVAR.7,R5Q,5,0,0.0,-3.4318457869653978
91,14,SVAR.7,R5S,5,0,-0.0177020017334589,-3.449547788698857
92,14,SVAR.7,R5T,5,1,0.0537712564409807,-3.378074530524417
93,14,SVAR.7,R5V,5,1,0.1043366598147355,-3.3275091271506625
94,14,SVAR.7,R5W,5,1,0.1469881901651534,-3.2848575968002445
95,14,SVAR.7,R5Y,5,1,0.1443899093351749,-3.2874558776302227
96,14,SVAR.7,T6A,6,1,0.404595752557197,-3.0272500344082007
97,14,SVAR.7,T6C,6,1,0.6162957075259479,-2.8155500794394497
98,14,SVAR.7,T6D,6,0,-0.0174345933360205,-3.4492803803014183
99,14,SVAR.7,T6E,6,1,0.0438542895894273,-3.3879914973759706
100,14,SVAR.7,T6F,6,1,0.3755091350922064,-3.0563366518731914
101,14,SVAR.7,T6G,6,1,1.0614005446641437,-2.370445242301254
102,14,SVAR.7,T6H,6,1,0.3491495636223866,-3.082696223343011
103,14,SVAR.7,T6I,6,1,1.659700467839503,-1.7721453191258947
104,14,SVAR.7,T6K,6,1,0.1699250014423123,-3.2619207855230856
105,14,SVAR.7,T6L,6,1,0.5423181633126626,-2.889527623652735
106,14,SVAR.7,T6M,6,1,0.5425964699156327,-2.889249317049765
107,14,SVAR.7,T6N,6,1,0.2637332167173473,-3.1681125702480504
108,14,SVAR.7,T6P,6,0,-0.0124192592540678,-3.4442650462194657
109,14,SVAR.7,T6Q,6,1,0.0789513413948218,-3.352894445570576
110,14,SVAR.7,T6R,6,1,0.1443899093351749,-3.2874558776302227
111,14,SVAR.7,T6S,6,1,0.222392421336448,-3.2094533656289497
112,14,SVAR.7,T6V,6,1,1.534588978206037,-1.8972568087593609
113,14,SVAR.7,T6W,6,1,0.1188773958519198,-3.312968391113478
114,14,SVAR.7,T6Y,6,1,0.1674567458515627,-3.264389041113835
115,14,SVAR.7,F7A,7,1,0.0654024752216396,-3.366443311743758
116,14,SVAR.7,F7C,7,1,0.8031179291711334,-2.6287278577942645
117,14,SVAR.7,F7D,7,1,0.1222282594110159,-3.3096175275543818
118,14,SVAR.7,F7E,7,1,0.1786608485066947,-3.2531849384587033
119,14,SVAR.7,F7G,7,0,-0.0040019305574962,-3.435847717522894
120,14,SVAR.7,F7H,7,1,0.2064508774674262,-3.2253949094979717
121,14,SVAR.7,F7I,7,1,0.5204222485264456,-2.911423538438952
122,14,SVAR.7,F7K,7,1,0.0619277491432017,-3.3699180378221962
123,14,SVAR.7,F7L,7,1,0.6473283816815297,-2.784517405283868
124,14,SVAR.7,F7M,7,1,0.7783063895471055,-2.6535393974182924
125,14,SVAR.7,F7N,7,1,0.1299093225944331,-3.3019364643709648
126,14,SVAR.7,F7P,7,1,0.1699250014423123,-3.2619207855230856
127,14,SVAR.7,F7Q,7,1,0.6780719051126378,-2.75377388185276
128,14,SVAR.7,F7R,7,1,0.0839012576089452,-3.3479445293564525
129,14,SVAR.7,F7S,7,1,0.1611922648997105,-3.2706535220656874
130,14,SVAR.7,F7T,7,1,0.2166023331329347,-3.2152434538324632
131,14,SVAR.7,F7V,7,1,0.6313554062056075,-2.8004903807597903
132,14,SVAR.7,F7W,7,1,0.3238376848959937,-3.108008102069404
133,14,SVAR.7,F7Y,7,1,2.4314172424677007,-1.000428544497697
134,14,SVAR.7,L8A,8,1,0.4499513963199982,-2.9818943906453996
135,14,SVAR.7,L8C,8,1,2.339744608207229,-1.0921011787581687
136,14,SVAR.7,L8D,8,1,0.1151357107214803,-3.3167100762439174
137,14,SVAR.7,L8E,8,1,0.1100535454649138,-3.321792241500484
138,14,SVAR.7,L8F,8,1,1.078225167305502,-2.3536206196598957
139,14,SVAR.7,L8G,8,1,0.4150374992788437,-3.016808287686554
140,14,SVAR.7,L8H,8,1,1.56616490526703,-1.8656808816983679
141,14,SVAR.7,L8I,8,1,4.159871336778389,0.7280255498129913
142,14,SVAR.7,L8K,8,1,0.4426095773098256,-2.989236209655572
143,14,SVAR.7,L8M,8,1,2.595484306422959,-0.8363614805424389
144,14,SVAR.7,L8N,8,1,0.9125371587496608,-2.519308628215737
145,14,SVAR.7,L8P,8,1,0.2298675418985943,-3.2019782450668033
146,14,SVAR.7,L8Q,8,1,1.2445380622164044,-2.1873077247489934
147,14,SVAR.7,L8R,8,1,0.3175363257702044,-3.1143094611951936
148,14,SVAR.7,L8S,8,1,1.281804209853634,-2.1500415771117636
149,14,SVAR.7,L8T,8,1,3.4610109237111453,0.0291651367457475
150,14,SVAR.7,L8V,8,1,3.985232696537708,0.5533869095723101
151,14,SVAR.7,L8W,8,1,1.0,-2.4318457869653978
152,14,SVAR.7,L8Y,8,1,0.8792304920098664,-2.5526152949555314
153,14,SVAR.7,L9A,9,1,0.9247118726957628,-2.5071339142696347
154,14,SVAR.7,L9C,9,1,1.0,-2.4318457869653978
155,14,SVAR.7,L9D,9,1,0.6094155444456951,-2.8224302425197028
156,14,SVAR.7,L9E,9,1,1.9026095982806424,-1.5292361886847554
157,14,SVAR.7,L9F,9,1,1.2290042341963343,-2.2028415527690637
158,14,SVAR.7,L9G,9,1,0.5468736647330682,-2.8849721222323295
159,14,SVAR.7,L9H,9,1,1.556482401025317,-1.8753633859400807
160,14,SVAR.7,L9I,9,1,1.4359066913264429,-1.9959390956389549
161,14,SVAR.7,L9K,9,1,0.8956119612418701,-2.5362338257235275
162,14,SVAR.7,L9M,9,1,1.656468465696851,-1.7753773212685469
163,14,SVAR.7,L9N,9,1,1.2948139010744213,-2.1370318858909765
164,14,SVAR.7,L9P,9,1,1.167814254846505,-2.264031532118893
165,14,SVAR.7,L9Q,9,1,2.0340931986684083,-1.3977525882969895
166,14,SVAR.7,L9R,9,1,0.2831258237732628,-3.1487199631921348
167,14,SVAR.7,L9S,9,1,0.7645119210518688,-2.667333865913529
168,14,SVAR.7,L9T,9,1,2.3744284376153533,-1.0574173493500445
169,14,SVAR.7,L9V,9,1,1.957731527121936,-1.4741142598434618
170,14,SVAR.7,L9W,9,1,0.3663816933347272,-3.0654640936306707
171,14,SVAR.7,L9Y,9,1,0.3378696387563838,-3.093976148209014
1,15,SVAR.73,Y1A,1,1,4.824489487660092,-0.733945346488901
2,15,SVAR.73,Y1C,1,1,5.482471860035366,-0.07596297411362674
3,15,SVAR.73,Y1D,1,1,3.2442316778318285,-2.314203156317164
4,15,SVAR.73,Y1E,1,1,3.827679842229397,-1.7307549919195955
5,15,SVAR.73,Y1F,1,1,5.695938936472383,0.1375041023233905
6,15,SVAR.73,Y1G,1,1,4.968567492163343,-0.5898673419856495
7,15,SVAR.73,Y1H,1,1,4.694918344699679,-0.8635164894493137
8,15,SVAR.73,Y1I,1,1,5.125855847068292,-0.4325789870807011
9,15,SVAR.73,Y1K,1,1,4.247650365226253,-1.3107844689227397
10,15,SVAR.73,Y1L,1,1,5.396317335977373,-0.1621174981716198
11,15,SVAR.73,Y1M,1,1,5.047142983399144,-0.5112918507498483
12,15,SVAR.73,Y1N,1,1,4.209180670222999,-1.3492541639259938
13,15,SVAR.73,Y1P,1,1,3.888981522919293,-1.6694533112296996
14,15,SVAR.73,Y1Q,1,1,4.742503777707636,-0.8159310564413564
15,15,SVAR.73,Y1R,1,1,4.373162469755722,-1.1852723643932705
16,15,SVAR.73,Y1S,1,1,4.761234608929352,-0.7972002252196404
17,15,SVAR.73,Y1T,1,1,4.716622560756827,-0.8418122733921658
18,15,SVAR.73,Y1V,1,1,4.782796303178728,-0.7756385309702649
19,15,SVAR.73,Y1W,1,1,5.19703023160491,-0.36140460254408246
20,15,SVAR.73,L2A,2,1,4.949772315994247,-0.6086625181547456
21,15,SVAR.73,L2C,2,1,4.566772584705605,-0.9916622494433875
22,15,SVAR.73,L2D,2,1,0.8434422222955167,-4.714992611853476
23,15,SVAR.73,L2E,2,1,0.7286979781826057,-4.829736855966387
24,15,SVAR.73,L2F,2,1,5.2656150464844576,-0.2928197876645351
25,15,SVAR.73,L2G,2,1,3.011145620394748,-2.5472892137542447
26,15,SVAR.73,L2H,2,1,4.626478869963843,-0.9319559641851498
27,15,SVAR.73,L2I,2,1,5.120191911291989,-0.43824292285700395
28,15,SVAR.73,L2K,2,1,3.732231766280787,-1.8262030678682057
29,15,SVAR.73,L2M,2,1,5.268266657065351,-0.2901681770836415
30,15,SVAR.73,L2N,2,1,2.417795120457832,-3.1406397136911606
31,15,SVAR.73,L2P,2,1,2.168271482589798,-3.3901633515591945
32,15,SVAR.73,L2Q,2,1,4.127205701912358,-1.431229132236635
33,15,SVAR.73,L2R,2,1,0.4501657226824456,-5.108269111466547
34,15,SVAR.73,L2S,2,1,4.920177997739747,-0.638256836409246
35,15,SVAR.73,L2T,2,1,4.313805933865915,-1.244628900283078
36,15,SVAR.73,L2V,2,1,4.886386375840612,-0.6720484583083808
37,15,SVAR.73,L2W,2,1,1.2187593420030096,-4.339675492145983
38,15,SVAR.73,L2Y,2,1,1.3322700391088214,-4.226164795040171
39,15,SVAR.73,Q3A,3,1,2.3046135095851934,-3.2538213245637992
40,15,SVAR.73,Q3C,3,1,4.453679414871762,-1.1047554192772306
41,15,SVAR.73,Q3D,3,1,0.1410923192345997,-5.417342514914393
42,15,SVAR.73,Q3E,3,1,0.4413716470923063,-5.1170631870566865
43,15,SVAR.73,Q3F,3,1,0.0815875344962618,-5.47684729965273
44,15,SVAR.73,Q3G,3,1,5.1138304393713865,-0.44460439477760616
45,15,SVAR.73,Q3H,3,1,0.2804164840620303,-5.278018350086962
46,15,SVAR.73,Q3I,3,1,2.606024116248986,-2.9524107179000065
47,15,SVAR.73,Q3K,3,1,0.3513290113279214,-5.207105822821071
48,15,SVAR.73,Q3L,3,1,2.693022246578609,-2.8654125875703835
49,15,SVAR.73,Q3M,3,1,5.201084037059316,-0.3573507970896763
50,15,SVAR.73,Q3N,3,1,1.483984852996335,-4.074449981152657
51,15,SVAR.73,Q3P,3,1,0.2261078368354363,-5.332326997313556
52,15,SVAR.73,Q3R,3,1,0.2827302071747134,-5.275704626974279
53,15,SVAR.73,Q3S,3,1,4.389245092101465,-1.1691897420475277
54,15,SVAR.73,Q3T,3,1,1.797788431747459,-3.760646402401534
55,15,SVAR.73,Q3V,3,1,2.66186811471035,-2.896566719438643
56,15,SVAR.73,Q3W,3,1,0.0299532221016279,-5.528481612047365
57,15,SVAR.73,Q3Y,3,1,0.1065390612886769,-5.451895772860316
58,15,SVAR.73,P4A,4,1,0.7529071380352278,-4.8055276961137645
59,15,SVAR.73,P4C,4,1,0.4196689480104896,-5.138765886138503
60,15,SVAR.73,P4D,4,1,0.04645931109266,-5.511975523056333
61,15,SVAR.73,P4E,4,1,0.0937821463206171,-5.464652687828376
62,15,SVAR.73,P4F,4,1,0.1462207408510439,-5.412214093297949
63,15,SVAR.73,P4G,4,1,5.752429842475931,0.1939950083269384
64,15,SVAR.73,P4H,4,1,0.3895261730381729,-5.1689086611108195
65,15,SVAR.73,P4I,4,1,0.1096244911744982,-5.448810342974494
66,15,SVAR.73,P4K,4,1,0.0259952085329443,-5.532439625616048
67,15,SVAR.73,P4L,4,1,0.0479344770637019,-5.510500357085291
68,15,SVAR.73,P4M,4,1,0.2354880789481311,-5.322946755200862
69,15,SVAR.73,P4N,4,1,0.7029407792255353,-4.855494054923457
70,15,SVAR.73,P4Q,4,1,1.070389327891398,-4.488045506257595
71,15,SVAR.73,P4R,4,1,0.070389327891398,-5.488045506257595
72,15,SVAR.73,P4S,4,1,0.0937821463206171,-5.464652687828376
73,15,SVAR.73,P4T,4,0,-0.0432300520615692,-5.601664886210562
74,15,SVAR.73,P4V,4,0,-0.0433925955133806,-5.601827429662373
75,15,SVAR.73,P4W,4,0,-0.0958600154075161,-5.654294849556509
76,15,SVAR.73,P4Y,4,0,-0.0834160081876375,-5.6418508423366305
77,15,SVAR.73,R5A,5,0,-0.1212135869690805,-5.679648421118073
78,15,SVAR.73,R5C,5,0,0.0,-5.558434834148993
79,15,SVAR.73,R5D,5,0,-0.0868048275372726,-5.645239661686265
80,15,SVAR.73,R5E,5,0,-0.0215331615496413,-5.579967995698634
81,15,SVAR.73,R5F,5,1,0.0175583713843045,-5.540876462764688
82,15,SVAR.73,R5G,5,0,-0.1044692665560292,-5.662904100705022
83,15,SVAR.73,R5H,5,0,-0.079226691150575,-5.637661525299568
84,15,SVAR.73,R5I,5,0,-0.0945456365070004,-5.652980470655993
85,15,SVAR.73,R5K,5,1,0.1018796140192136,-5.456555220129779
86,15,SVAR.73,R5L,5,0,-0.035477895354716,-5.5939127295037085
87,15,SVAR.73,R5M,5,0,0.0,-5.558434834148993
88,15,SVAR.73,R5N,5,0,-0.1137421660491882,-5.672177000198181
89,15,SVAR.73,R5P,5,1,0.0170735133589414,-5.541361320790052
90,15,SVAR.73,R5Q,5,0,-0.0934643545817057,-5.651899188730698
91,15,SVAR.73,R5S,5,0,0.0,-5.558434834148993
92,15,SVAR.73,R5T,5,1,0.069540933253077,-5.488893900895915
93,15,SVAR.73,R5V,5,0,-0.0684410561018762,-5.626875890250869
94,15,SVAR.73,R5W,5,0,-0.0473057147783566,-5.605740548927349
95,15,SVAR.73,R5Y,5,0,-0.0584166862253219,-5.616851520374315
96,15,SVAR.73,T6A,6,1,1.1385608305329773,-4.419874003616015
97,15,SVAR.73,T6C,6,1,2.881793099717384,-2.6766417344316085
98,15,SVAR.73,T6D,6,0,-0.0504294268431401,-5.608864260992132
99,15,SVAR.73,T6E,6,0,-0.0574854946607601,-5.615920328809753
100,15,SVAR.73,T6F,6,0,-0.0371529984174661,-5.5955878325664585
101,15,SVAR.73,T6G,6,1,3.5372184005385963,-2.0212164336103964
102,15,SVAR.73,T6H,6,0,-0.0339473319233377,-5.592382166072331
103,15,SVAR.73,T6I,6,0,-0.0606959316875539,-5.619130765836546
104,15,SVAR.73,T6K,6,0,-0.0698214494975713,-5.628256283646564
105,15,SVAR.73,T6L,6,1,0.4425182357009509,-5.115916598448042
106,15,SVAR.73,T6M,6,1,0.0399980679319189,-5.518436766217074
107,15,SVAR.73,T6N,6,1,2.785672391934053,-2.7727624422149395
108,15,SVAR.73,T6P,6,0,-0.1164094921153106,-5.674844326264303
109,15,SVAR.73,T6Q,6,1,0.6535495859785688,-4.904885248170424
110,15,SVAR.73,T6R,6,0,-0.0059739010446328,-5.564408735193625
111,15,SVAR.73,T6S,6,1,1.8744691179161408,-3.683965716232852
112,15,SVAR.73,T6V,6,1,0.120952347486087,-5.437482486662906
113,15,SVAR.73,T6W,6,0,-0.0331668639351992,-5.591601698084192
114,15,SVAR.73,T6Y,6,0,-0.0695409332530771,-5.62797576740207
115,15,SVAR.73,F7A,7,0,-0.0938220223565208,-5.652256856505513
116,15,SVAR.73,F7C,7,1,1.3843407020559275,-4.174094132093066
117,15,SVAR.73,F7D,7,0,-0.0984037040609945,-5.656838538209987
118,15,SVAR.73,F7E,7,0,-0.0449124218755744,-5.603347256024567
119,15,SVAR.73,F7G,7,0,-0.0268666058526819,-5.5853014400016745
120,15,SVAR.73,F7H,7,1,1.0026991496009552,-4.555735684548037
121,15,SVAR.73,F7I,7,1,0.93400244122576,-4.624432392923232
122,15,SVAR.73,F7K,7,0,-0.0960268877737758,-5.654461721922768
123,15,SVAR.73,F7L,7,1,2.242934976004228,-3.3154998581447646
124,15,SVAR.73,F7M,7,1,1.4270101409449198,-4.131424693204073
125,15,SVAR.73,F7N,7,0,-0.0671141958585369,-5.625549030007529
126,15,SVAR.73,F7P,7,0,-0.1154772174199359,-5.673912051568928
127,15,SVAR.73,F7Q,7,1,0.2379098116781778,-5.3205250224708145
128,15,SVAR.73,F7R,7,0,-0.0801703486839833,-5.6386051828329755
129,15,SVAR.73,F7S,7,0,-0.0673754353415302,-5.625810269490523
130,15,SVAR.73,F7T,7,1,0.0791438847197366,-5.479290949429256
131,15,SVAR.73,F7V,7,1,0.938360934207614,-4.620073899941379
132,15,SVAR.73,F7W,7,1,1.0249463571302309,-4.533488477018762
133,15,SVAR.73,F7Y,7,1,4.520821320494936,-1.0376135136540565
134,15,SVAR.73,L8A,8,1,4.032300491903309,-1.5261343422456832
135,15,SVAR.73,L8C,8,1,4.442297271855442,-1.1161375622935505
136,15,SVAR.73,L8D,8,1,0.2702209464270631,-5.28821388772193
137,15,SVAR.73,L8E,8,1,1.9002783042657465,-3.658156529883246
138,15,SVAR.73,L8F,8,1,4.051632768415322,-1.5068020657336705
139,15,SVAR.73,L8G,8,1,3.0226229089606704,-2.535811925188322
140,15,SVAR.73,L8H,8,1,5.022031481277104,-0.536403352871889
141,15,SVAR.73,L8I,8,1,5.440730772959616,-0.11770406118937693
142,15,SVAR.73,L8K,8,1,3.081966853495488,-2.4764679806535046
143,15,SVAR.73,L8M,8,1,4.781459447031381,-0.7769753871176119
144,15,SVAR.73,L8N,8,1,4.171459620288097,-1.3869752138608957
145,15,SVAR.73,L8P,8,1,0.2263656957863971,-5.332069138362596
146,15,SVAR.73,L8Q,8,1,4.244523591201756,-1.3139112429472366
147,15,SVAR.73,L8R,8,1,3.887991232431881,-1.6704436017171118
148,15,SVAR.73,L8S,8,1,4.557995453120888,-1.0004393810281043
149,15,SVAR.73,L8T,8,1,5.111641776575499,-0.44679305757349397
150,15,SVAR.73,L8V,8,1,5.320418784230917,-0.2380160499180759
151,15,SVAR.73,L8W,8,1,5.109557592885976,-0.4488772412630162
152,15,SVAR.73,L8Y,8,1,3.2029914595802618,-2.355443374568731
153,15,SVAR.73,L9A,9,1,2.537151020804968,-3.0212838133440245
154,15,SVAR.73,L9C,9,1,3.3810316152322453,-2.1774032189167474
155,15,SVAR.73,L9D,9,1,1.4938807776766574,-4.0645540564723355
156,15,SVAR.73,L9E,9,1,3.7361167003253626,-1.82231813382363
157,15,SVAR.73,L9F,9,1,2.793710416628654,-2.7647244175203385
158,15,SVAR.73,L9G,9,1,1.8243671601700504,-3.7340676739789425
159,15,SVAR.73,L9H,9,1,3.368698784611974,-2.189736049537019
160,15,SVAR.73,L9I,9,1,3.6288653225979712,-1.9295695115510214
161,15,SVAR.73,L9K,9,1,1.9271716266571848,-3.631263207491808
162,15,SVAR.73,L9M,9,1,3.638560270554414,-1.9198745635945786
163,15,SVAR.73,L9N,9,1,3.296182682050807,-2.2622521520981858
164,15,SVAR.73,L9P,9,1,3.106401731164266,-2.4520331029847267
165,15,SVAR.73,L9Q,9,1,4.406148194739004,-1.1522866394099882
166,15,SVAR.73,L9R,9,1,0.6971720043071812,-4.861262829841811
167,15,SVAR.73,L9S,9,1,2.658755066154063,-2.8996797679949298
168,15,SVAR.73,L9T,9,1,4.37288950946294,-1.1855453246860526
169,15,SVAR.73,L9V,9,1,4.094653452171168,-1.4637813819778245
170,15,SVAR.73,L9W,9,1,1.5562797460170714,-4.0021550881319214
171,15,SVAR.73,L9Y,9,1,0.7060862812822342,-4.852348552866759
1,16,SVAR.74,Y1A,1,1,4.2443723916499705,-0.9683864479498121
2,16,SVAR.74,Y1C,1,1,5.019590728357881,-0.19316811124190192
3,16,SVAR.74,Y1D,1,1,2.341827652325067,-2.8709311872747154
4,16,SVAR.74,Y1E,1,1,3.1128143649075355,-2.099944474692247
5,16,SVAR.74,Y1F,1,1,5.403042037514581,0.1902831979147983
6,16,SVAR.74,Y1G,1,1,4.195130341331991,-1.0176284982677917
7,16,SVAR.74,Y1H,1,1,3.980100442562296,-1.2326583970374867
8,16,SVAR.74,Y1I,1,1,4.323175561494173,-0.8895832781056097
9,16,SVAR.74,Y1K,1,1,3.925375760179692,-1.2873830794200907
10,16,SVAR.74,Y1L,1,1,4.599544908300947,-0.6132139312988354
11,16,SVAR.74,Y1M,1,1,4.513879402659674,-0.6988794369401088
12,16,SVAR.74,Y1N,1,1,3.78740031568196,-1.4253585239178226
13,16,SVAR.74,Y1P,1,1,3.215407771236321,-1.9973510683634617
14,16,SVAR.74,Y1Q,1,1,4.092202706017795,-1.1205561335819878
15,16,SVAR.74,Y1R,1,1,4.092034605002888,-1.1207242345968949
16,16,SVAR.74,Y1S,1,1,3.940837927531856,-1.2719209120679267
17,16,SVAR.74,Y1T,1,1,3.720688401984898,-1.4920704376148848
18,16,SVAR.74,Y1V,1,1,3.816150797620365,-1.3966080419794178
19,16,SVAR.74,Y1W,1,1,4.77519589020162,-0.43756294939816254
20,16,SVAR.74,L2A,2,1,4.633253864947491,-0.5795049746522913
21,16,SVAR.74,L2C,2,1,4.080323717201535,-1.1324351223982472
22,16,SVAR.74,L2D,2,1,0.6613485475215112,-4.5514102920782715
23,16,SVAR.74,L2E,2,1,0.7836063192849954,-4.429152520314787
24,16,SVAR.74,L2F,2,1,4.550746785383243,-0.6620120542165395
25,16,SVAR.74,L2G,2,1,3.040879635182217,-2.1718792044175657
26,16,SVAR.74,L2H,2,1,3.7299559381881977,-1.4828029014115849
27,16,SVAR.74,L2I,2,1,4.393534989768819,-0.8192238498309639
28,16,SVAR.74,L2K,2,1,3.240051087832955,-1.9727077517668277
29,16,SVAR.74,L2M,2,1,4.916607968656991,-0.2961508709427916
30,16,SVAR.74,L2N,2,1,1.726623649944747,-3.4861351896550357
31,16,SVAR.74,L2P,2,1,1.87582058877927,-3.3369382508205128
32,16,SVAR.74,L2Q,2,1,3.65254839677709,-1.5602104428226924
33,16,SVAR.74,L2R,2,1,0.7082338756228901,-4.504524963976893
34,16,SVAR.74,L2S,2,1,4.533572215451602,-0.6791866241481808
35,16,SVAR.74,L2T,2,1,3.8274624955061793,-1.3852963440936032
36,16,SVAR.74,L2V,2,1,4.054252759346055,-1.1585060802537273
37,16,SVAR.74,L2W,2,1,1.1076407231879697,-4.105118116411813
38,16,SVAR.74,L2Y,2,1,0.8526024812272647,-4.360156358372518
39,16,SVAR.74,Q3A,3,1,1.3490076289436466,-3.863751210656136
40,16,SVAR.74,Q3C,3,1,2.918180608827744,-2.2945782307720384
41,16,SVAR.74,Q3D,3,1,0.3454508177407862,-4.867308021858997
42,16,SVAR.74,Q3E,3,1,0.3804572675686993,-4.832301572031083
43,16,SVAR.74,Q3F,3,1,0.1681752194923525,-5.04458362010743
44,16,SVAR.74,Q3G,3,1,3.051047605590393,-2.1617112340093896
45,16,SVAR.74,Q3H,3,1,0.2186402864753403,-4.9941185531244425
46,16,SVAR.74,Q3I,3,1,1.8269222909051035,-3.3858365486946793
47,16,SVAR.74,Q3K,3,1,0.4163628967454112,-4.796395942854371
48,16,SVAR.74,Q3L,3,1,0.7078192485066896,-4.504939591093093
49,16,SVAR.74,Q3M,3,1,4.960878242240676,-0.25188059735910695
50,16,SVAR.74,Q3N,3,1,0.2995602818589079,-4.913198557740874
51,16,SVAR.74,Q3P,3,1,0.2261078368354363,-4.986651002764346
52,16,SVAR.74,Q3R,3,1,0.3773670813127888,-4.835391758286994
53,16,SVAR.74,Q3S,3,1,2.6668736985077737,-2.545885141092009
54,16,SVAR.74,Q3T,3,1,0.7235546749066462,-4.489204164693136
55,16,SVAR.74,Q3V,3,1,1.5373095251297402,-3.6754493144700424
56,16,SVAR.74,Q3W,3,1,0.1530116185059659,-5.059747221093817
57,16,SVAR.74,Q3Y,3,1,0.1873701359017215,-5.025388703698061
58,16,SVAR.74,P4A,4,1,1.6079330233707951,-3.6048258162289875
59,16,SVAR.74,P4C,4,1,0.507131789260829,-4.705627050338953
60,16,SVAR.74,P4D,4,1,0.2186402864753403,-4.9941185531244425
61,16,SVAR.74,P4E,4,1,0.1675304863019295,-5.045228353297853
62,16,SVAR.74,P4F,4,1,0.4888577325705152,-4.723901107029268
63,16,SVAR.74,P4G,4,1,4.545305213478406,-0.6674536261213762
64,16,SVAR.74,P4H,4,1,0.7602013020599364,-4.452557537539846
65,16,SVAR.74,P4I,4,1,0.3257196740497367,-4.887039165550046
66,16,SVAR.74,P4K,4,1,0.1110313123887439,-5.101727527211039
67,16,SVAR.74,P4L,4,1,0.2499782530083475,-4.962780586591435
68,16,SVAR.74,P4M,4,1,0.4491632831834701,-4.763595556416313
69,16,SVAR.74,P4N,4,1,0.2845675673834352,-4.928191272216347
70,16,SVAR.74,P4Q,4,1,0.8537105577493437,-4.359048281850439
71,16,SVAR.74,P4R,4,1,0.1744977312321364,-5.038261108367646
72,16,SVAR.74,P4S,4,1,0.3727026621204883,-4.840056177479294
73,16,SVAR.74,P4T,4,1,0.0777222954245177,-5.135036544175265
74,16,SVAR.74,P4V,4,1,0.1711119163927547,-5.041646923207028
75,16,SVAR.74,P4W,4,1,0.4556794837761897,-4.757079355823593
76,16,SVAR.74,P4Y,4,1,0.1142297508131248,-5.098529088786658
77,16,SVAR.74,R5A,5,1,0.126411379542309,-5.086347460057474
78,16,SVAR.74,R5C,5,1,0.4173852541352666,-4.795373585464516
79,16,SVAR.74,R5D,5,1,0.116287037840239,-5.096471801759543
80,16,SVAR.74,R5E,5,1,0.1946474308535435,-5.018111408746239
81,16,SVAR.74,R5F,5,1,0.3065360444703803,-4.906222795129402
82,16,SVAR.74,R5G,5,1,0.0418201756946269,-5.170938663905155
83,16,SVAR.74,R5H,5,1,0.0855180711860573,-5.127240768413725
84,16,SVAR.74,R5I,5,1,0.0476529755914158,-5.165105864008367
85,16,SVAR.74,R5K,5,1,0.2571578394971244,-4.955601000102658
86,16,SVAR.74,R5L,5,1,0.2115041051937118,-5.0012547344060705
87,16,SVAR.74,R5M,5,1,0.2973859106245708,-4.915372928975212
88,16,SVAR.74,R5N,5,1,0.1246625732758905,-5.088096266323892
89,16,SVAR.74,R5P,5,1,0.2848149218702628,-4.92794391772952
90,16,SVAR.74,R5Q,5,1,0.1514706354058305,-5.061288204193952
91,16,SVAR.74,R5S,5,1,0.2075954194083673,-5.0051634201914155
92,16,SVAR.74,R5T,5,1,0.2797586406434226,-4.93300019895636
93,16,SVAR.74,R5V,5,1,0.3407437169315297,-4.872015122668253
94,16,SVAR.74,R5W,5,1,0.2842084289382037,-4.928550410661579
95,16,SVAR.74,R5Y,5,1,0.2611248158251624,-4.95163402377462
96,16,SVAR.74,T6A,6,1,0.2649722100752864,-4.947786629524496
97,16,SVAR.74,T6C,6,1,0.5606205403491947,-4.652138299250588
98,16,SVAR.74,T6D,6,1,0.2049817377876286,-5.007777101812154
99,16,SVAR.74,T6E,6,1,0.1137421660491883,-5.099016673550595
100,16,SVAR.74,T6F,6,1,0.2258814074163277,-4.986877432183455
101,16,SVAR.74,T6G,6,1,0.5313814605163121,-4.681377379083471
102,16,SVAR.74,T6H,6,1,0.1884450894131103,-5.024313750186672
103,16,SVAR.74,T6I,6,1,0.233924817204073,-4.978834022395709
104,16,SVAR.74,T6K,6,1,0.2544892967007852,-4.958269542898997
105,16,SVAR.74,T6L,6,1,0.3870231231092473,-4.825735716490535
106,16,SVAR.74,T6M,6,1,0.2396704127682835,-4.973088426831499
107,16,SVAR.74,T6N,6,1,1.3686729952598664,-3.844085844339916
108,16,SVAR.74,T6P,6,1,0.1884450894131103,-5.024313750186672
109,16,SVAR.74,T6Q,6,1,0.3655688230145441,-4.847190016585238
110,16,SVAR.74,T6R,6,1,0.1896612195035745,-5.023097620096208
111,16,SVAR.74,T6S,6,1,0.6445193454016112,-4.568239494198171
112,16,SVAR.74,T6V,6,1,0.1108281302123795,-5.101930709387403
113,16,SVAR.74,T6W,6,1,0.222392421336448,-4.990366418263335
114,16,SVAR.74,T6Y,6,1,0.1451979155399357,-5.067560924059847
115,16,SVAR.74,F7A,7,1,0.1946474308535435,-5.018111408746239
116,16,SVAR.74,F7C,7,1,1.4131379663633623,-3.79962087323642
117,16,SVAR.74,F7D,7,1,0.2515387669959644,-4.961220072603818
118,16,SVAR.74,F7E,7,1,0.2388805441250168,-4.973878295474766
119,16,SVAR.74,F7G,7,1,0.2124717075377555,-5.000287132062027
120,16,SVAR.74,F7H,7,1,2.5157884151092977,-2.696970424490485
121,16,SVAR.74,F7I,7,1,0.5888669551770723,-4.623891884422711
122,16,SVAR.74,F7K,7,1,0.1552782254779108,-5.0574806141218716
123,16,SVAR.74,F7L,7,1,0.3755091350922064,-4.837249704507576
124,16,SVAR.74,F7M,7,1,2.968261454884109,-2.2444973847156735
125,16,SVAR.74,F7N,7,1,0.1552782254779108,-5.0574806141218716
126,16,SVAR.74,F7P,7,1,0.220125814364503,-4.992633025235279
127,16,SVAR.74,F7Q,7,1,0.5792032314324712,-4.6335556081673115
128,16,SVAR.74,F7R,7,1,0.1926450779423958,-5.020113761657387
129,16,SVAR.74,F7S,7,1,0.1947006874673995,-5.018058152132383
130,16,SVAR.74,F7T,7,1,0.2890134724146272,-4.923745367185155
131,16,SVAR.74,F7V,7,1,1.2716937923672258,-3.9410650472325566
132,16,SVAR.74,F7W,7,1,1.8436411278369824,-3.3691177117628
133,16,SVAR.74,F7Y,7,1,4.075288127304238,-1.1374707122955448
134,16,SVAR.74,L8A,8,1,0.5867760710930875,-4.625982768506695
135,16,SVAR.74,L8C,8,1,3.170965531628701,-2.0417933079710817
136,16,SVAR.74,L8D,8,1,0.1824780517853971,-5.030280787814386
137,16,SVAR.74,L8E,8,1,0.2785752567295718,-4.934183582870211
138,16,SVAR.74,L8F,8,1,4.56140777274226,-0.6513510668575222
139,16,SVAR.74,L8G,8,1,0.4518742674592151,-4.760884572140568
140,16,SVAR.74,L8H,8,1,2.20945336562895,-3.0033054739708325
141,16,SVAR.74,L8I,8,1,3.841302253980942,-1.3714565856188408
142,16,SVAR.74,L8K,8,1,0.4408612747367973,-4.771897564862985
143,16,SVAR.74,L8M,8,1,4.582217123982339,-0.6305417156174435
144,16,SVAR.74,L8N,8,1,0.9378782880922024,-4.2748805515075805
145,16,SVAR.74,L8P,8,1,2.330813080881581,-2.8819457587182016
146,16,SVAR.74,L8Q,8,1,3.435747994444524,-1.7770108451552584
147,16,SVAR.74,L8R,8,1,0.4034958773961527,-4.80926296220363
148,16,SVAR.74,L8S,8,1,0.9720940034301154,-4.2406648361696675
149,16,SVAR.74,L8T,8,1,2.4515801976760394,-2.761178641923743
150,16,SVAR.74,L8V,8,1,4.5469824603984685,-0.665776379201314
151,16,SVAR.74,L8W,8,1,0.9326245646584698,-4.280134274941313
152,16,SVAR.74,L8Y,8,1,3.372710846393723,-1.8400479932060594
153,16,SVAR.74,L9A,9,1,2.1095134847464907,-3.103245354853292
154,16,SVAR.74,L9C,9,1,2.9356311808802804,-2.277127658719502
155,16,SVAR.74,L9D,9,1,1.5275264956249477,-3.685232343974835
156,16,SVAR.74,L9E,9,1,2.945225777455835,-2.2675330621439476
157,16,SVAR.74,L9F,9,1,1.5756125325385726,-3.63714630706121
158,16,SVAR.74,L9G,9,1,1.5137917184236038,-3.698967121176179
159,16,SVAR.74,L9H,9,1,2.665580960929441,-2.5471778786703414
160,16,SVAR.74,L9I,9,1,3.2476430984518534,-1.9651157411479292
161,16,SVAR.74,L9K,9,1,1.0838540513186448,-4.128904788281138
162,16,SVAR.74,L9M,9,1,2.9294730037998105,-2.283285835799972
163,16,SVAR.74,L9N,9,1,2.4002404973507634,-2.812518342249019
164,16,SVAR.74,L9P,9,1,2.9595820190806044,-2.2531768205191782
165,16,SVAR.74,L9Q,9,1,3.14025413476597,-2.0725047048338125
166,16,SVAR.74,L9R,9,1,0.4861843462429825,-4.7265744933568
167,16,SVAR.74,L9S,9,1,2.0670574671936497,-3.145701372406133
168,16,SVAR.74,L9T,9,1,3.6757059996307366,-1.537052839969046
169,16,SVAR.74,L9V,9,1,3.38567088452841,-1.8270879550713728
170,16,SVAR.74,L9W,9,1,1.0638833640319876,-4.148875475567795
171,16,SVAR.74,L9Y,9,1,0.336563441255759,-4.876195398344024
1,17,SVAR.75,Y1A,1,1,4.379160171271345,-0.5817180709693304
2,17,SVAR.75,Y1C,1,1,5.0605458307623925,0.09966758852171687
3,17,SVAR.75,Y1D,1,1,3.1738159170298883,-1.7870623252107873
4,17,SVAR.75,Y1E,1,1,3.968469544724018,-0.9924086975166575
5,17,SVAR.75,Y1F,1,1,5.356064434414913,0.3951861921742372
6,17,SVAR.75,Y1G,1,1,4.476292290179618,-0.4845859520610576
7,17,SVAR.75,Y1H,1,1,4.114811964927254,-0.8460662773134215
8,17,SVAR.75,Y1I,1,1,5.067206375181695,0.1063281329410195
9,17,SVAR.75,Y1K,1,1,4.359092248580278,-0.601785993660398
10,17,SVAR.75,Y1L,1,1,5.285010022301211,0.32413178006053567
11,17,SVAR.75,Y1M,1,1,4.918279470956261,-0.042598771284414916
12,17,SVAR.75,Y1N,1,1,4.097811143930377,-0.8630670983102986
13,17,SVAR.75,Y1P,1,1,3.9242419301196456,-1.03663631212103
14,17,SVAR.75,Y1Q,1,1,4.466978427690646,-0.49389981455002996
15,17,SVAR.75,Y1R,1,1,4.513826982005238,-0.44705126023543773
16,17,SVAR.75,Y1S,1,1,4.151819064483657,-0.8090591777570184
17,17,SVAR.75,Y1T,1,1,4.517342475886599,-0.4435357663540769
18,17,SVAR.75,Y1V,1,1,4.519259253670326,-0.4416189885703492
19,17,SVAR.75,Y1W,1,1,4.833762524043703,-0.12711571819697287
20,17,SVAR.75,L2A,2,1,3.9593929471630687,-1.001485295077607
21,17,SVAR.75,L2C,2,1,3.6116181327222088,-1.3492601095184669
22,17,SVAR.75,L2D,2,1,1.0353743301018854,-3.9255039121387902
23,17,SVAR.75,L2E,2,1,0.6553518286125541,-4.3055264136281215
24,17,SVAR.75,L2F,2,1,4.503825737995752,-0.45705250424492405
25,17,SVAR.75,L2G,2,1,2.5249348618299834,-2.4359433804106922
26,17,SVAR.75,L2H,2,1,3.636378010221706,-1.3245002320189698
27,17,SVAR.75,L2I,2,1,4.645696753546661,-0.31518148869401497
28,17,SVAR.75,L2K,2,1,2.4311157072924177,-2.529762534948258
29,17,SVAR.75,L2M,2,1,4.471326037286269,-0.489552204954407
30,17,SVAR.75,L2N,2,1,1.3336573874694695,-3.627220854771206
31,17,SVAR.75,L2P,2,1,1.7414206518728277,-3.219457590367848
32,17,SVAR.75,L2Q,2,1,2.6624186408011523,-2.2984596014395233
33,17,SVAR.75,L2R,2,1,0.5506925986364102,-4.410185643604265
34,17,SVAR.75,L2S,2,1,3.977035419636796,-0.9838428226038798
35,17,SVAR.75,L2T,2,1,3.7924535434082447,-1.168424698832431
36,17,SVAR.75,L2V,2,1,4.189103103126177,-0.7717751391144985
37,17,SVAR.75,L2W,2,1,1.1263772857695558,-3.83450095647112
38,17,SVAR.75,L2Y,2,1,1.1848396754535957,-3.77603856678708
39,17,SVAR.75,Q3A,3,1,1.6133662157248223,-3.3475120265158536
40,17,SVAR.75,Q3C,3,1,2.0157013149048684,-2.9451769273358073
41,17,SVAR.75,Q3D,3,1,0.3988900767022465,-4.561988165538429
42,17,SVAR.75,Q3E,3,1,0.7000502742081323,-4.260827968032544
43,17,SVAR.75,Q3F,3,1,0.3885652879176527,-4.5723129543230225
44,17,SVAR.75,Q3G,3,1,1.65651576174619,-3.3043624804944853
45,17,SVAR.75,Q3H,3,1,0.4005379295837288,-4.560340312656947
46,17,SVAR.75,Q3I,3,1,1.6624065861465045,-3.298471656094171
47,17,SVAR.75,Q3K,3,1,0.6438561897747247,-4.317022052465951
48,17,SVAR.75,Q3L,3,1,1.0343200731838764,-3.926558169056799
49,17,SVAR.75,Q3M,3,1,4.861281519029727,-0.09959672321094892
50,17,SVAR.75,Q3N,3,1,0.4288432988038744,-4.532034943436801
51,17,SVAR.75,Q3P,3,1,0.7159805690368704,-4.2448976732038055
52,17,SVAR.75,Q3R,3,1,0.4804605742768922,-4.480417667963783
53,17,SVAR.75,Q3S,3,1,2.936010499879506,-2.02486774236117
54,17,SVAR.75,Q3T,3,1,0.9819176410165424,-3.9789606012241334
55,17,SVAR.75,Q3V,3,1,1.3019996022409022,-3.6588786399997737
56,17,SVAR.75,Q3W,3,1,0.3199089272507104,-4.640969314989965
57,17,SVAR.75,Q3Y,3,1,0.3407597696177342,-4.620118472622941
58,17,SVAR.75,P4A,4,1,2.6872266202557564,-2.273651621984919
59,17,SVAR.75,P4C,4,1,1.5217455949906205,-3.439132647250055
60,17,SVAR.75,P4D,4,1,0.3683874059800225,-4.592490836260653
61,17,SVAR.75,P4E,4,1,0.4055860239342719,-4.555292218306404
62,17,SVAR.75,P4F,4,1,0.5558161550616396,-4.4050620871790365
63,17,SVAR.75,P4G,4,1,4.580535694422188,-0.3803425478184872
64,17,SVAR.75,P4H,4,1,4.433550796930171,-0.5273274453105046
65,17,SVAR.75,P4I,4,1,0.7062687969432897,-4.254609445297386
66,17,SVAR.75,P4K,4,1,1.9107326619029128,-3.050145580337763
67,17,SVAR.75,P4L,4,1,0.6853643976789938,-4.275513844561682
68,17,SVAR.75,P4M,4,1,0.6483512069926379,-4.312527035248038
69,17,SVAR.75,P4N,4,1,2.345597000780995,-2.6152812414596807
70,17,SVAR.75,P4Q,4,1,1.5037121801979916,-3.457166062042684
71,17,SVAR.75,P4R,4,1,3.946864511077539,-1.0140137311631365
72,17,SVAR.75,P4S,4,1,1.262585736870175,-3.6982925053705005
73,17,SVAR.75,P4T,4,1,0.7316321498631655,-4.22924609237751
74,17,SVAR.75,P4V,4,1,0.3907899530321665,-4.570088289208509
75,17,SVAR.75,P4W,4,1,0.3625700793847084,-4.598308162855967
76,17,SVAR.75,P4Y,4,1,0.3571565831983439,-4.603721659042332
77,17,SVAR.75,R5A,5,1,0.3625700793847084,-4.598308162855967
78,17,SVAR.75,R5C,5,1,0.356290656888427,-4.604587585352249
79,17,SVAR.75,R5D,5,1,0.3282326717415712,-4.632645570499104
80,17,SVAR.75,R5E,5,1,0.3197891841310276,-4.641089058109648
81,17,SVAR.75,R5F,5,1,0.4253058347326708,-4.535572407508004
82,17,SVAR.75,R5G,5,1,0.2788593729954762,-4.6820188692452
83,17,SVAR.75,R5H,5,1,0.3416164298094744,-4.619261812431201
84,17,SVAR.75,R5I,5,1,0.3262282323209879,-4.634650009919688
85,17,SVAR.75,R5K,5,1,0.4540902758426186,-4.506787966398057
86,17,SVAR.75,R5L,5,1,0.4310111354865844,-4.529867106754091
87,17,SVAR.75,R5M,5,1,0.4323154907106792,-4.528562751529996
88,17,SVAR.75,R5N,5,1,0.3250496865290726,-4.635828555711603
89,17,SVAR.75,R5P,5,1,0.3977595078470083,-4.563118734393667
90,17,SVAR.75,R5Q,5,1,0.331478887670301,-4.629399354570374
91,17,SVAR.75,R5S,5,1,0.3977595078470083,-4.563118734393667
92,17,SVAR.75,R5T,5,1,0.4545658634654813,-4.506312378775195
93,17,SVAR.75,R5V,5,1,0.3051198072008084,-4.655758435039867
94,17,SVAR.75,R5W,5,1,0.4251820566843869,-4.535696185556288
95,17,SVAR.75,R5Y,5,1,0.4064243689741357,-4.55445387326654
96,17,SVAR.75,T6A,6,1,0.7600492072792475,-4.200829034961428
97,17,SVAR.75,T6C,6,1,1.6034115378209326,-3.357466704419743
98,17,SVAR.75,T6D,6,1,0.426008617099847,-4.5348696251408285
99,17,SVAR.75,T6E,6,1,0.3663222142458158,-4.59455602799486
100,17,SVAR.75,T6F,6,1,2.834176411968108,-2.1267018302725678
101,17,SVAR.75,T6G,6,1,1.0056245491938782,-3.9552536930467976
102,17,SVAR.75,T6H,6,1,0.4725885218410023,-4.488289720399673
103,17,SVAR.75,T6I,6,1,1.390515180144775,-3.5703630620959004
104,17,SVAR.75,T6K,6,1,0.3776375274736498,-4.583240714767026
105,17,SVAR.75,T6L,6,1,1.3930721677820523,-3.5678060744586233
106,17,SVAR.75,T6M,6,1,1.0172779914318355,-3.9436002508088404
107,17,SVAR.75,T6N,6,1,0.6136452554252411,-4.347232986815435
108,17,SVAR.75,T6P,6,1,0.3375008988078234,-4.6233773434328524
109,17,SVAR.75,T6Q,6,1,0.4069096183954434,-4.553968623845233
110,17,SVAR.75,T6R,6,1,0.3665389815876538,-4.594339260653022
111,17,SVAR.75,T6S,6,1,0.7729939033504203,-4.187884338890255
112,17,SVAR.75,T6V,6,1,2.3619604469898823,-2.5989177952507934
113,17,SVAR.75,T6W,6,1,0.427281095033591,-4.533597147207084
114,17,SVAR.75,T6Y,6,1,3.37851162325373,-1.5823666189869456
115,17,SVAR.75,F7A,7,1,0.2851281766844106,-4.675750065556265
116,17,SVAR.75,F7C,7,1,0.9273309323017676,-4.033547309938908
117,17,SVAR.75,F7D,7,1,0.2909471515541998,-4.669931090686476
118,17,SVAR.75,F7E,7,1,0.3471334347770403,-4.613744807463635
119,17,SVAR.75,F7G,7,1,0.4216766966418792,-4.539201545598797
120,17,SVAR.75,F7H,7,1,2.246504877453256,-2.7143733647874195
121,17,SVAR.75,F7I,7,1,0.7404800783424429,-4.220398163898233
122,17,SVAR.75,F7K,7,1,0.3175496543767879,-4.643328587863888
123,17,SVAR.75,F7L,7,1,0.7414149270401711,-4.219463315200505
124,17,SVAR.75,F7M,7,1,2.5525410230287786,-2.408337219211897
125,17,SVAR.75,F7N,7,1,0.3479233034203068,-4.612954938820369
126,17,SVAR.75,F7P,7,1,0.3666744777174449,-4.594203764523231
127,17,SVAR.75,F7Q,7,1,0.4463089609351258,-4.51456928130555
128,17,SVAR.75,F7R,7,1,0.3319198665445236,-4.628958375696152
129,17,SVAR.75,F7S,7,1,0.2919978888223146,-4.668880353418361
130,17,SVAR.75,F7T,7,1,0.3835094170770712,-4.577368825163605
131,17,SVAR.75,F7V,7,1,0.8799442479822922,-4.080933994258383
132,17,SVAR.75,F7W,7,1,2.676148428014213,-2.2847298142264627
133,17,SVAR.75,F7Y,7,1,4.011049725731172,-0.9498285165095037
134,17,SVAR.75,L8A,8,1,1.5294673881294525,-3.431410854111223
135,17,SVAR.75,L8C,8,1,3.3698380798487477,-1.591040162391928
136,17,SVAR.75,L8D,8,1,0.4745794449332494,-4.486298797307426
137,17,SVAR.75,L8E,8,1,0.8578013879015837,-4.103076854339092
138,17,SVAR.75,L8F,8,1,0.9002557088446602,-4.060622533396016
139,17,SVAR.75,L8G,8,1,0.5978028464945807,-4.363075395746095
140,17,SVAR.75,L8H,8,1,0.6560455987826387,-4.304832643458037
141,17,SVAR.75,L8I,8,1,4.790463142658831,-0.1704150995818443
142,17,SVAR.75,L8K,8,1,0.4327562250997422,-4.528122017140934
143,17,SVAR.75,L8M,8,1,3.85551986526996,-1.1053583769707158
144,17,SVAR.75,L8N,8,1,1.159446076630612,-3.8014321656100636
145,17,SVAR.75,L8P,8,1,0.3451354860486875,-4.615742756191988
146,17,SVAR.75,L8Q,8,1,3.0020172854010005,-1.958860956839675
147,17,SVAR.75,L8R,8,1,0.5714882663044658,-4.38938997593621
148,17,SVAR.75,L8S,8,1,2.7419318470595555,-2.21894639518112
149,17,SVAR.75,L8T,8,1,3.7580740192863855,-1.2028042229542901
150,17,SVAR.75,L8V,8,1,4.377086791266964,-0.5837914509737114
151,17,SVAR.75,L8W,8,1,0.4529341070373723,-4.507944135203303
152,17,SVAR.75,L8Y,8,1,0.4666425335323948,-4.494235708708281
153,17,SVAR.75,L9A,9,1,2.004543925144948,-2.9563343170957275
154,17,SVAR.75,L9C,9,1,2.8244901536703204,-2.1363880885703552
155,17,SVAR.75,L9D,9,1,1.3109290959381052,-3.6499491463025704
156,17,SVAR.75,L9E,9,1,2.8105842351930503,-2.1502940070476253
157,17,SVAR.75,L9F,9,1,2.178597303456763,-2.7822809387839125
158,17,SVAR.75,L9G,9,1,1.3781109302804866,-3.582767311960189
159,17,SVAR.75,L9H,9,1,2.606905053601833,-2.3539731886388426
160,17,SVAR.75,L9I,9,1,3.312169128425034,-1.6487091138156416
161,17,SVAR.75,L9K,9,1,1.3755091350922066,-3.585369107148469
162,17,SVAR.75,L9M,9,1,3.357283371335325,-1.6035948709053507
163,17,SVAR.75,L9N,9,1,2.45853913791543,-2.5023391043252454
164,17,SVAR.75,L9P,9,1,3.25287107638772,-1.7080071658529556
165,17,SVAR.75,L9Q,9,1,3.08162064862426,-1.8792575936164155
166,17,SVAR.75,L9R,9,1,0.5849625007211562,-4.37591574151952
167,17,SVAR.75,L9S,9,1,2.032088637676854,-2.9287896045638218
168,17,SVAR.75,L9T,9,1,3.7988388546951,-1.1620393875455757
169,17,SVAR.75,L9V,9,1,3.479046739200617,-1.4818315030400586
170,17,SVAR.75,L9W,9,1,1.4396754859321257,-3.5212027563085497
171,17,SVAR.75,L9Y,9,1,0.7301604162610918,-4.230717825979584
1,18,SVAR.76,Y1A,1,1,2.155613525416876,-1.2619616966638683
2,18,SVAR.76,Y1C,1,1,1.7589919004962054,-1.658583321584539
3,18,SVAR.76,Y1D,1,1,0.5503534637910147,-2.8672217582897295
4,18,SVAR.76,Y1E,1,1,1.1610512187549031,-2.256524003325841
5,18,SVAR.76,Y1F,1,1,3.2357765770657982,-0.18179864501494603
6,18,SVAR.76,Y1G,1,1,1.7097977728393263,-1.707777449241418
7,18,SVAR.76,Y1H,1,1,1.2717423377191457,-2.1458328843615986
8,18,SVAR.76,Y1I,1,1,2.5911410756502806,-0.8264341464304636
9,18,SVAR.76,Y1K,1,1,3.0004061069811163,-0.41716911509962795
10,18,SVAR.76,Y1L,1,1,3.327349219315507,-0.09022600276523729
11,18,SVAR.76,Y1M,1,1,2.8228512583807723,-0.5947239636999719
12,18,SVAR.76,Y1N,1,1,1.195724470874368,-2.221850751206376
13,18,SVAR.76,Y1P,1,1,1.191603496032386,-2.2259717260483582
14,18,SVAR.76,Y1Q,1,1,1.846127800180822,-1.5714474218999224
15,18,SVAR.76,Y1R,1,1,3.305256492243808,-0.11231872983693636
16,18,SVAR.76,Y1S,1,1,1.669006096674294,-1.7485691254064504
17,18,SVAR.76,Y1T,1,1,1.6177524358388258,-1.7998227862419185
18,18,SVAR.76,Y1V,1,1,2.1337348015160518,-1.2838404205646925
19,18,SVAR.76,Y1W,1,1,2.700439718141092,-0.7171355039396521
20,18,SVAR.76,L2A,2,1,2.366322214245816,-1.0512530078349283
21,18,SVAR.76,L2C,2,1,1.956056652412403,-1.4615185696683413
22,18,SVAR.76,L2D,2,1,0.130946517362942,-3.286628704717802
23,18,SVAR.76,L2E,2,1,0.1420190048724278,-3.2755562172083166
24,18,SVAR.76,L2F,2,1,2.724365557386573,-0.6932096646941712
25,18,SVAR.76,L2G,2,1,0.8615057276423594,-2.556069494438385
26,18,SVAR.76,L2H,2,1,0.8956633401852644,-2.52191188189548
27,18,SVAR.76,L2I,2,1,2.9694175219714034,-0.44815770010934086
28,18,SVAR.76,L2K,2,1,0.6788803641087949,-2.7386948579719492
29,18,SVAR.76,L2M,2,1,2.9068905956085187,-0.5106846264722256
30,18,SVAR.76,L2N,2,1,0.1348122066946034,-3.282763015386141
31,18,SVAR.76,L2P,2,1,0.1298374376425816,-3.287737784438163
32,18,SVAR.76,L2Q,2,1,0.8387190929669394,-2.578856129113805
33,18,SVAR.76,L2R,2,0,-0.0131453760569222,-3.4307205981376665
34,18,SVAR.76,L2S,2,1,1.705787283324461,-1.7117879387562833
35,18,SVAR.76,L2T,2,1,1.2713978787684208,-2.1461773433123232
36,18,SVAR.76,L2V,2,1,3.036028309184214,-0.3815469128965301
37,18,SVAR.76,L2W,2,0,-0.0579732255227114,-3.4755484476034555
38,18,SVAR.76,L2Y,2,1,0.2935508323568581,-3.1240243897238864
39,18,SVAR.76,Q3A,3,1,0.0339473319233375,-3.3836278901574066
40,18,SVAR.76,Q3C,3,0,-0.0245571042439788,-3.442132326324723
41,18,SVAR.76,Q3D,3,0,-0.081900253645088,-3.4994754757258324
42,18,SVAR.76,Q3E,3,0,-0.0236789964695105,-3.4412542185502546
43,18,SVAR.76,Q3F,3,0,-0.0073233408058588,-3.424898562886603
44,18,SVAR.76,Q3G,3,1,0.1784147242758457,-3.2391604978048987
45,18,SVAR.76,Q3H,3,1,0.0501234794258362,-3.367451742654908
46,18,SVAR.76,Q3I,3,1,0.0900851292323176,-3.327490092848427
47,18,SVAR.76,Q3K,3,1,0.0138057995250304,-3.403769422555714
48,18,SVAR.76,Q3L,3,1,0.0580056034355656,-3.3595696186451787
49,18,SVAR.76,Q3M,3,1,2.7427458406345275,-0.6748293814462167
50,18,SVAR.76,Q3N,3,1,0.0212164859096958,-3.3963587361710483
51,18,SVAR.76,Q3P,3,1,0.0105178719139993,-3.407057350166745
52,18,SVAR.76,Q3R,3,0,-0.0335525597110265,-3.451127781791771
53,18,SVAR.76,Q3S,3,1,0.4518451241654896,-2.9657300979152548
54,18,SVAR.76,Q3T,3,0,-0.0489096004809464,-3.4664848225616907
55,18,SVAR.76,Q3V,3,1,0.0584462723835569,-3.3591289496971872
56,18,SVAR.76,Q3W,3,1,0.0070547575339504,-3.410520464546794
57,18,SVAR.76,Q3Y,3,1,0.0143196713170668,-3.4032555507636775
58,18,SVAR.76,P4A,4,1,0.8037526853774085,-2.613822536703336
59,18,SVAR.76,P4C,4,1,0.1402281610864708,-3.2773470609942734
60,18,SVAR.76,P4D,4,1,0.0654230749980486,-3.3521521470826956
61,18,SVAR.76,P4E,4,0,-0.0036477770151442,-3.4212229990958885
62,18,SVAR.76,P4F,4,0,-0.0033357125632563,-3.4209109346440005
63,18,SVAR.76,P4G,4,1,3.194498972644628,-0.22307624943611648
64,18,SVAR.76,P4H,4,1,0.1650592462704962,-3.252515975810248
65,18,SVAR.76,P4I,4,1,0.112005025513131,-3.305570196567613
66,18,SVAR.76,P4K,4,0,-0.0587437908726565,-3.4763190129534007
67,18,SVAR.76,P4L,4,1,0.0838606045701438,-3.3337146175106005
68,18,SVAR.76,P4M,4,0,-0.0377420939915512,-3.4553173160722954
69,18,SVAR.76,P4N,4,1,0.2451124978365313,-3.172462724244213
70,18,SVAR.76,P4Q,4,1,0.4076579689132462,-3.0099172531674983
71,18,SVAR.76,P4R,4,1,0.0037230860427174,-3.413852136038027
72,18,SVAR.76,P4S,4,1,0.5630477242927155,-2.8545274977880286
73,18,SVAR.76,P4T,4,1,0.1005268759539644,-3.31704834612678
74,18,SVAR.76,P4V,4,1,0.0114956388378294,-3.406079583242915
75,18,SVAR.76,P4W,4,1,0.4644672085345956,-2.9531080135461485
76,18,SVAR.76,P4Y,4,0,-0.0073233408058588,-3.424898562886603
77,18,SVAR.76,R5A,5,0,-0.0075931493222303,-3.4251683714029744
78,18,SVAR.76,R5C,5,0,-0.1758498353994177,-3.593425057480162
79,18,SVAR.76,R5D,5,0,-0.0223678130284544,-3.4399430351091986
80,18,SVAR.76,R5E,5,0,-0.011285807546515,-3.4288610296272592
81,18,SVAR.76,R5F,5,0,-0.2707027715321891,-3.6882779936129335
82,18,SVAR.76,R5G,5,1,0.0386804681640597,-3.3788947539166845
83,18,SVAR.76,R5H,5,0,-0.0317088597273381,-3.4492840818080825
84,18,SVAR.76,R5I,5,1,0.0150674480889417,-3.4025077739918026
85,18,SVAR.76,R5K,5,0,-0.2138506850706454,-3.6314259071513897
86,18,SVAR.76,R5L,5,0,-0.1963972128035035,-3.6139724348842477
87,18,SVAR.76,R5M,5,0,-0.1349295800861085,-3.552504802166853
88,18,SVAR.76,R5N,5,0,-0.0588936890535685,-3.4764689111343126
89,18,SVAR.76,R5P,5,0,-0.2751072381343689,-3.692682460215113
90,18,SVAR.76,R5Q,5,1,0.0543013844037122,-3.363273837677032
91,18,SVAR.76,R5S,5,0,-0.2050643371964637,-3.622639559277208
92,18,SVAR.76,R5T,5,0,-0.3746351452182068,-3.792210367298951
93,18,SVAR.76,R5V,5,0,-0.2910487820033904,-3.7086240040841347
94,18,SVAR.76,R5W,5,0,-0.2872819520804711,-3.7048571741612153
95,18,SVAR.76,R5Y,5,0,-0.2616478655628312,-3.6792230876435754
96,18,SVAR.76,T6A,6,0,-0.3347142498432056,-3.75228947192395
97,18,SVAR.76,T6C,6,0,-0.1941144670093831,-3.6116896890901273
98,18,SVAR.76,T6D,6,0,-0.1566631020333899,-3.574238324114134
99,18,SVAR.76,T6E,6,0,-0.3050542763229661,-3.7226294984037103
100,18,SVAR.76,T6F,6,0,-0.1765493917535643,-3.5941246138343086
101,18,SVAR.76,T6G,6,0,-0.0149503414659714,-3.4325255635467156
102,18,SVAR.76,T6H,6,0,-0.1926450779423959,-3.61022030002314
103,18,SVAR.76,T6I,6,0,-0.389114154213369,-3.806689376294113
104,18,SVAR.76,T6K,6,0,-0.231005551641156,-3.6485807737219003
105,18,SVAR.76,T6L,6,0,-0.222392421336448,-3.6399676434171924
106,18,SVAR.76,T6M,6,0,-0.2460012086743516,-3.663576430755096
107,18,SVAR.76,T6N,6,0,-0.1755715645834545,-3.5931467866641986
108,18,SVAR.76,T6P,6,0,-0.0840642647884744,-3.5016394868692187
109,18,SVAR.76,T6Q,6,0,-0.2693666546575105,-3.686941876738255
110,18,SVAR.76,T6R,6,0,-0.1023617176296779,-3.5199369397104223
111,18,SVAR.76,T6S,6,0,-0.1991788064174264,-3.6167540284981707
112,18,SVAR.76,T6V,6,0,-0.1746446028111583,-3.5922198248919024
113,18,SVAR.76,T6W,6,0,-0.256441728523365,-3.674016950604109
114,18,SVAR.76,T6Y,6,0,-0.1795936496803456,-3.59716887176109
115,18,SVAR.76,F7A,7,0,-0.4203788420735225,-3.8379540641542667
116,18,SVAR.76,F7C,7,1,0.2599351671749073,-3.157640054905837
117,18,SVAR.76,F7D,7,0,-0.4150374992788438,-3.832612721359588
118,18,SVAR.76,F7E,7,0,-0.3104715794523608,-3.728046801533105
119,18,SVAR.76,F7G,7,0,-0.2531189369687111,-3.6706941590494555
120,18,SVAR.76,F7H,7,0,-0.3050448730331337,-3.722620095113878
121,18,SVAR.76,F7I,7,0,-0.1754420064098781,-3.5930172284906225
122,18,SVAR.76,F7K,7,0,-0.319593006639433,-3.7371682287201775
123,18,SVAR.76,F7L,7,1,0.0217495833904551,-3.395825638690289
124,18,SVAR.76,F7M,7,1,0.0531929391655934,-3.364382282915151
125,18,SVAR.76,F7N,7,0,-0.2954558835261713,-3.7130311056069156
126,18,SVAR.76,F7P,7,0,-0.2078563281785675,-3.6254315502593117
127,18,SVAR.76,F7Q,7,0,-0.1520030934450499,-3.5695783155257943
128,18,SVAR.76,F7R,7,0,-0.2713020218173942,-3.6888772438981383
129,18,SVAR.76,F7S,7,0,-0.1953103198622259,-3.61288554194297
130,18,SVAR.76,F7T,7,0,-0.213675204235339,-3.6312504263160834
131,18,SVAR.76,F7V,7,0,-0.01547140876244,-3.4330466308431844
132,18,SVAR.76,F7W,7,0,-0.1584293626044829,-3.576004584685227
133,18,SVAR.76,F7Y,7,1,2.716625145882031,-0.7009500761987133
134,18,SVAR.76,L8A,8,0,-0.1541420042013848,-3.571717226282129
135,18,SVAR.76,L8C,8,0,-0.2092470452795257,-3.62682226736027
136,18,SVAR.76,L8D,8,0,-0.2825872032551944,-3.7001624253359386
137,18,SVAR.76,L8E,8,0,-0.2801079191927353,-3.6976831412734796
138,18,SVAR.76,L8F,8,0,-0.1151478725855211,-3.5327230946662653
139,18,SVAR.76,L8G,8,0,-0.1606726882041159,-3.57824791028486
140,18,SVAR.76,L8H,8,0,-0.1677274457380664,-3.5853026678188105
141,18,SVAR.76,L8I,8,1,3.112442602378119,-0.3051326197026252
142,18,SVAR.76,L8K,8,0,-0.1328942704973453,-3.5504694925780895
143,18,SVAR.76,L8M,8,1,1.9086848332540545,-1.5088903888266898
144,18,SVAR.76,L8N,8,0,-0.1174228617349054,-3.53499808381565
145,18,SVAR.76,L8P,8,0,-0.1269571748751544,-3.5445323969558986
146,18,SVAR.76,L8Q,8,0,-0.2413096346790778,-3.6588848567598222
147,18,SVAR.76,L8R,8,0,-0.2543171887326849,-3.671892410813429
148,18,SVAR.76,L8S,8,0,-0.1280483612933273,-3.5456235833740717
149,18,SVAR.76,L8T,8,0,-0.0923640181486596,-3.509939240229404
150,18,SVAR.76,L8V,8,1,1.7177704227966244,-1.6998047992841199
151,18,SVAR.76,L8W,8,0,-0.2296059115690225,-3.6471811336497666
152,18,SVAR.76,L8Y,8,0,-0.1230314716613543,-3.5406066937420984
153,18,SVAR.76,L9A,9,0,-0.0293620596313432,-3.4469372817120876
154,18,SVAR.76,L9C,9,1,1.0079051980853462,-2.409670023995398
155,18,SVAR.76,L9D,9,0,-0.1390828288237825,-3.556658050904527
156,18,SVAR.76,L9E,9,1,2.032100843167024,-1.3854743789137203
157,18,SVAR.76,L9F,9,1,1.1547537044610847,-2.2628215176196598
158,18,SVAR.76,L9G,9,0,-0.1426435932540236,-3.560218815334768
159,18,SVAR.76,L9H,9,1,1.7464499982255106,-1.6711252238552337
160,18,SVAR.76,L9I,9,1,1.5781733350585172,-1.839401887022227
161,18,SVAR.76,L9K,9,1,0.2697602690221072,-3.1478149530586372
162,18,SVAR.76,L9M,9,1,1.530091079919671,-1.8874841421610733
163,18,SVAR.76,L9N,9,1,0.9146679462002378,-2.5029072758805064
164,18,SVAR.76,L9P,9,1,0.5929363585931321,-2.8246388634876123
165,18,SVAR.76,L9Q,9,1,2.752748591407134,-0.6648266306736104
166,18,SVAR.76,L9R,9,0,-0.2549293561967385,-3.672504578277483
167,18,SVAR.76,L9S,9,0,-0.1827996094027809,-3.600374831483525
168,18,SVAR.76,L9T,9,1,2.7376507972381647,-0.6799244248425795
169,18,SVAR.76,L9V,9,1,2.3567967064274966,-1.0607785156532477
170,18,SVAR.76,L9W,9,1,0.0658525472946258,-3.3517226747861186
171,18,SVAR.76,L9Y,9,0,-0.1044374101929942,-3.5220126322737384
1,19,SVAR.82,Y1A,1,1,1.0733097641941112,-1.4750425933928337
2,19,SVAR.82,Y1C,1,1,2.7899618143248186,0.2416094567378737
3,19,SVAR.82,Y1D,1,1,0.5219527031953558,-2.026399654391589
4,19,SVAR.82,Y1E,1,1,0.3934813559123963,-2.1548710016745485
5,19,SVAR.82,Y1F,1,1,2.3338732002640663,-0.2144791573228786
6,19,SVAR.82,Y1G,1,1,1.3952503269010528,-1.1531020306858921
7,19,SVAR.82,Y1H,1,1,1.4304346042373466,-1.1179177533495983
8,19,SVAR.82,Y1I,1,1,1.5984773071956375,-0.9498750503913074
9,19,SVAR.82,Y1K,1,1,0.4259023868703661,-2.1224499707165787
10,19,SVAR.82,Y1L,1,1,2.414428124384509,-0.13392423320243596
11,19,SVAR.82,Y1M,1,1,1.8472563033349445,-0.7010960542520004
12,19,SVAR.82,Y1N,1,1,1.124328135002202,-1.4240242225847428
13,19,SVAR.82,Y1P,1,1,0.6034658216492268,-1.944886535937718
14,19,SVAR.82,Y1Q,1,1,1.065762191726105,-1.4825901658608398
15,19,SVAR.82,Y1R,1,1,0.8091153799220415,-1.7392369776649033
16,19,SVAR.82,Y1S,1,1,1.394999746042299,-1.153352611544646
17,19,SVAR.82,Y1T,1,1,1.2411319519347324,-1.3072204056522125
18,19,SVAR.82,Y1V,1,1,1.1129979333574769,-1.435354424229468
19,19,SVAR.82,Y1W,1,1,3.6571705430556056,1.1088181854686607
20,19,SVAR.82,L2A,2,1,1.2935159621771295,-1.2548363954098154
21,19,SVAR.82,L2C,2,1,1.412814890549474,-1.135537467037471
22,19,SVAR.82,L2D,2,0,-0.0064262691594329,-2.5547786267463777
23,19,SVAR.82,L2E,2,1,0.0841951274164282,-2.4641572301705166
24,19,SVAR.82,L2F,2,1,2.671790939322476,0.12343858173553102
25,19,SVAR.82,L2G,2,1,0.3097988731697154,-2.2385534844172295
26,19,SVAR.82,L2H,2,1,0.5838716159501712,-1.9644807416367738
27,19,SVAR.82,L2I,2,1,1.792491222871432,-0.7558611347155129
28,19,SVAR.82,L2K,2,1,0.5161969153094221,-2.0321554422775225
29,19,SVAR.82,L2M,2,1,2.261933532036852,-0.286418825550093
30,19,SVAR.82,L2N,2,1,0.146509721587884,-2.401842635999061
31,19,SVAR.82,L2P,2,1,0.1776429146031493,-2.3707094429837956
32,19,SVAR.82,L2Q,2,1,0.2919056117879108,-2.256446745799034
33,19,SVAR.82,L2R,2,0,-0.0950825458536753,-2.64343490344062
34,19,SVAR.82,L2S,2,1,1.0543235155317627,-1.4940288420551822
35,19,SVAR.82,L2T,2,1,0.3927683354378111,-2.155584022149134
36,19,SVAR.82,L2V,2,1,1.849903972319609,-0.698448385267336
37,19,SVAR.82,L2W,2,1,0.5231149090955607,-2.025237448491384
38,19,SVAR.82,L2Y,2,1,0.3357907482691081,-2.2125616093178366
39,19,SVAR.82,Q3A,3,1,0.1177714586257507,-2.4305808989611943
40,19,SVAR.82,Q3C,3,1,0.0364419959680604,-2.5119103616188845
41,19,SVAR.82,Q3D,3,0,-0.0878433489779542,-2.636195706564899
42,19,SVAR.82,Q3E,3,0,-0.0612556884924377,-2.6096080460793827
43,19,SVAR.82,Q3F,3,0,-0.0795672573183184,-2.6279196149052635
44,19,SVAR.82,Q3G,3,1,0.5405683813627028,-2.007783976224242
45,19,SVAR.82,Q3H,3,1,0.0184726600714787,-2.529879697515466
46,19,SVAR.82,Q3I,3,1,0.100028818331272,-2.448323539255673
47,19,SVAR.82,Q3K,3,1,0.0312509339844398,-2.517101423602505
48,19,SVAR.82,Q3L,3,0,-0.0857298740258839,-2.6340822316128287
49,19,SVAR.82,Q3M,3,1,1.827561790946158,-0.720790566640787
50,19,SVAR.82,Q3N,3,0,-0.1091217223801125,-2.6574740799670575
51,19,SVAR.82,Q3P,3,1,0.0069194139397905,-2.5414329436471546
52,19,SVAR.82,Q3R,3,1,0.069540933253077,-2.478811424333868
53,19,SVAR.82,Q3S,3,1,0.367903523687749,-2.180448833899196
54,19,SVAR.82,Q3T,3,1,0.0245421842627914,-2.5238101733241534
55,19,SVAR.82,Q3V,3,0,-0.0475455842677925,-2.595897941854737
56,19,SVAR.82,Q3W,3,1,0.0355361572267626,-2.512816200360182
57,19,SVAR.82,Q3Y,3,1,0.0832903433610357,-2.465062014225909
58,19,SVAR.82,P4A,4,1,0.8426020964338505,-1.7057502611530944
59,19,SVAR.82,P4C,4,1,0.3593280666925563,-2.1890242908943884
60,19,SVAR.82,P4D,4,0,-0.4584092765317621,-3.006761634118707
61,19,SVAR.82,P4E,4,1,0.0291463456595165,-2.5192060119274284
62,19,SVAR.82,P4F,4,1,0.0463699631380341,-2.501982394448911
63,19,SVAR.82,P4G,4,1,0.1421328494209888,-2.406219508165956
64,19,SVAR.82,P4H,4,1,0.149747119504682,-2.398605238082263
65,19,SVAR.82,P4I,4,0,-0.0475455842677925,-2.595897941854737
66,19,SVAR.82,P4K,4,0,-0.1347967780387104,-2.6831491356256554
67,19,SVAR.82,P4L,4,1,0.0355361572267626,-2.512816200360182
68,19,SVAR.82,P4M,4,0,-0.0612556884924377,-2.6096080460793827
69,19,SVAR.82,P4N,4,1,0.0147970019280804,-2.5335553556588644
70,19,SVAR.82,P4Q,4,0,-0.0036022366801955,-2.55195459426714
71,19,SVAR.82,P4R,4,1,0.1172376752843733,-2.4311146823025718
72,19,SVAR.82,P4S,4,1,0.1879897172043038,-2.360362640382641
73,19,SVAR.82,P4T,4,0,-0.1117250825588283,-2.6600774401457734
74,19,SVAR.82,P4V,4,1,0.0262656546938057,-2.522086702893139
75,19,SVAR.82,P4W,4,1,0.2691089202434782,-2.2792434373434665
76,19,SVAR.82,P4Y,4,1,0.0749620576812219,-2.473390299905723
77,19,SVAR.82,R5A,5,0,-0.0291463456595165,-2.5774987032464614
78,19,SVAR.82,R5C,5,1,0.2186402864753403,-2.3297120711116044
79,19,SVAR.82,R5D,5,0,-0.3123518353042799,-2.860704192891225
80,19,SVAR.82,R5E,5,1,0.1535832634177967,-2.394769094169148
81,19,SVAR.82,R5F,5,0,-0.2196121255426653,-2.76796448312961
82,19,SVAR.82,R5G,5,1,0.0614005446641432,-2.486951812922802
83,19,SVAR.82,R5H,5,0,-0.0500852314363091,-2.598437589023254
84,19,SVAR.82,R5I,5,0,-0.1686555820547466,-2.7170079396416913
85,19,SVAR.82,R5K,5,0,-0.0524674198941355,-2.6008197774810804
86,19,SVAR.82,R5L,5,0,-0.1824010464455927,-2.7307534040325376
87,19,SVAR.82,R5M,5,0,-0.1616921496134839,-2.7100445072004287
88,19,SVAR.82,R5N,5,1,0.0073795303655974,-2.5409728272213474
89,19,SVAR.82,R5P,5,0,-0.0291463456595165,-2.5774987032464614
90,19,SVAR.82,R5Q,5,1,0.0763508861301148,-2.47200147145683
91,19,SVAR.82,R5S,5,0,-0.2891472461529251,-2.83749960373987
92,19,SVAR.82,R5T,5,0,-0.1812403146701465,-2.7295926722570916
93,19,SVAR.82,R5V,5,0,-0.2394659346953894,-2.7878182922823345
94,19,SVAR.82,R5W,5,0,-0.1651643415202888,-2.7135166991072337
95,19,SVAR.82,R5Y,5,0,-0.1381972939200195,-2.6865496515069642
96,19,SVAR.82,T6A,6,1,1.0332117790218576,-1.5151405785650873
97,19,SVAR.82,T6C,6,1,1.9794874026742877,-0.5688649549126572
98,19,SVAR.82,T6D,6,0,-0.1029665789511879,-2.6513189365381327
99,19,SVAR.82,T6E,6,1,0.0243645483991999,-2.523987809187745
100,19,SVAR.82,T6F,6,1,0.1994342436050349,-2.34891811398191
101,19,SVAR.82,T6G,6,1,0.8725390908177415,-1.6758132667692034
102,19,SVAR.82,T6H,6,0,-0.0121235590824894,-2.5604759166694344
103,19,SVAR.82,T6I,6,1,1.218394649354305,-1.32995770823264
104,19,SVAR.82,T6K,6,0,-0.144029235573074,-2.692381593160019
105,19,SVAR.82,T6L,6,1,0.2339130963141297,-2.314439261272815
106,19,SVAR.82,T6M,6,1,0.1538902029893153,-2.3944621545976297
107,19,SVAR.82,T6N,6,1,0.3587584654346893,-2.1895938921522555
108,19,SVAR.82,T6P,6,0,-0.2235629650443857,-2.7719153226313304
109,19,SVAR.82,T6Q,6,1,0.0257960008773375,-2.5225563567096074
110,19,SVAR.82,T6R,6,0,-0.0732098469537765,-2.621562204540721
111,19,SVAR.82,T6S,6,1,0.3531580516921655,-2.1951943058947796
112,19,SVAR.82,T6V,6,1,2.819640997288268,0.2712886397013232
113,19,SVAR.82,T6W,6,0,-0.1145597642628558,-2.662912121849801
114,19,SVAR.82,T6Y,6,0,-0.0702179966114758,-2.618570354198421
115,19,SVAR.82,F7A,7,0,-0.1520030934450499,-2.700355451031995
116,19,SVAR.82,F7C,7,0,-0.0433675093095199,-2.5917198668964647
117,19,SVAR.82,F7D,7,0,-0.1847060451488341,-2.733058402735779
118,19,SVAR.82,F7E,7,0,-0.1356550993575663,-2.6840074569445114
119,19,SVAR.82,F7G,7,0,-0.2501531145370615,-2.7985054721240066
120,19,SVAR.82,F7H,7,1,0.0469504149265697,-2.501401942660375
121,19,SVAR.82,F7I,7,1,0.0747308750766269,-2.473621482510318
122,19,SVAR.82,F7K,7,0,-0.1610624327325161,-2.709414790319461
123,19,SVAR.82,F7L,7,0,-0.2401585391450282,-2.788510896731973
124,19,SVAR.82,F7M,7,1,0.0885366746016572,-2.4598156829852877
125,19,SVAR.82,F7N,7,0,-0.3072342097443289,-2.8555865673312737
126,19,SVAR.82,F7P,7,0,-0.1164094921153106,-2.6647618497022556
127,19,SVAR.82,F7Q,7,0,-0.2730184944064159,-2.8213708519933607
128,19,SVAR.82,F7R,7,0,-0.2510617641677178,-2.799414121754663
129,19,SVAR.82,F7S,7,0,-0.1499227830040028,-2.6982751405909475
130,19,SVAR.82,F7T,7,0,-0.1078032895345148,-2.6561556471214596
131,19,SVAR.82,F7V,7,1,0.0786098346963664,-2.4697425228905785
132,19,SVAR.82,F7W,7,0,-0.1119549328049823,-2.6603072903919274
133,19,SVAR.82,F7Y,7,1,1.850132650898941,-0.6982197066880038
134,19,SVAR.82,L8A,8,1,0.0359792971055666,-2.5123730604813783
135,19,SVAR.82,L8C,8,1,1.0418201756946268,-1.506532181892318
136,19,SVAR.82,L8D,8,0,-0.2597368157332188,-2.808089173320164
137,19,SVAR.82,L8E,8,0,-0.285091326706991,-2.833443684293936
138,19,SVAR.82,L8F,8,1,0.1021468870074524,-2.4462054705794927
139,19,SVAR.82,L8G,8,0,-0.0428554789617972,-2.591207836548742
140,19,SVAR.82,L8H,8,1,0.4572492594342826,-2.0911030981526624
141,19,SVAR.82,L8I,8,1,3.859439535341851,1.311087177754906
142,19,SVAR.82,L8K,8,1,0.2074764293434817,-2.340875928243463
143,19,SVAR.82,L8M,8,1,0.8523820012406722,-1.6959703563462727
144,19,SVAR.82,L8N,8,0,-0.020959618635646,-2.569311976222591
145,19,SVAR.82,L8P,8,0,-0.0813001021018481,-2.629652459688793
146,19,SVAR.82,L8Q,8,1,0.6674246609131291,-1.8809276966738158
147,19,SVAR.82,L8R,8,1,1.8419351537677489,-0.706417203819196
148,19,SVAR.82,L8S,8,1,0.3286227474613706,-2.219729610125574
149,19,SVAR.82,L8T,8,1,2.47924604638827,-0.06910631119867494
150,19,SVAR.82,L8V,8,1,3.393575111848812,0.8452227542618673
151,19,SVAR.82,L8W,8,1,0.080276589343915,-2.46807576824303
152,19,SVAR.82,L8Y,8,0,-0.0587437908726565,-2.6070961484596014
153,19,SVAR.82,L9A,9,1,0.2310746644362488,-2.317277693150696
154,19,SVAR.82,L9C,9,1,0.2809563138310563,-2.2673960437558884
155,19,SVAR.82,L9D,9,0,-0.1643868179008823,-2.7127391754878274
156,19,SVAR.82,L9E,9,1,0.4029646669782687,-2.1453876906086764
157,19,SVAR.82,L9F,9,0,-0.055898325294409,-2.604250682881354
158,19,SVAR.82,L9G,9,0,-0.1418073263391615,-2.6901596839261064
159,19,SVAR.82,L9H,9,1,0.3764260500088688,-2.171926307578076
160,19,SVAR.82,L9I,9,1,0.4284580150411653,-2.1198943425457797
161,19,SVAR.82,L9K,9,1,0.0362505262693607,-2.512101831317584
162,19,SVAR.82,L9M,9,1,0.434182548545547,-2.114169809041398
163,19,SVAR.82,L9N,9,1,0.1807579326284841,-2.367594424958461
164,19,SVAR.82,L9P,9,1,0.2749085061220857,-2.273443851464859
165,19,SVAR.82,L9Q,9,1,1.1131536623341862,-1.4351986952527587
166,19,SVAR.82,L9R,9,0,-0.2321734421290334,-2.7805257997159782
167,19,SVAR.82,L9S,9,1,0.2130609144964903,-2.3352914430904548
168,19,SVAR.82,L9T,9,1,1.1360615495760285,-1.4122908080109164
169,19,SVAR.82,L9V,9,1,1.1794696891946626,-1.3688826683922823
170,19,SVAR.82,L9W,9,0,-0.0162102271812589,-2.5645625847682036
171,19,SVAR.82,L9Y,9,0,-0.4804818521802279,-3.0288342097671728
1,20,SVAR.85,Y1A,1,1,3.586496466884693,-0.8541409846474517
2,20,SVAR.85,Y1C,1,1,4.453920160084121,0.013282708551976441
3,20,SVAR.85,Y1D,1,1,2.8895234636384304,-1.5511139878937144
4,20,SVAR.85,Y1E,1,1,2.8418708037581086,-1.598766647774036
5,20,SVAR.85,Y1F,1,1,4.308202385908832,-0.1324350656233131
6,20,SVAR.85,Y1G,1,1,3.5867596119574,-0.8538778395747446
7,20,SVAR.85,Y1H,1,1,3.721715305036491,-0.7189221464956539
8,20,SVAR.85,Y1I,1,1,4.024611710059335,-0.4160257414728097
9,20,SVAR.85,Y1K,1,1,2.4771681651014146,-1.9634692864307302
10,20,SVAR.85,Y1L,1,1,4.506365663218864,0.06572821168671883
11,20,SVAR.85,Y1M,1,1,4.149981738399165,-0.29065571313297944
12,20,SVAR.85,Y1N,1,1,3.7311832415722,-0.7094542099599446
13,20,SVAR.85,Y1P,1,1,2.6067066205579947,-1.83393083097415
14,20,SVAR.85,Y1Q,1,1,3.579213663029182,-0.8614237885029628
15,20,SVAR.85,Y1R,1,1,3.3757820550524604,-1.0648553964796843
16,20,SVAR.85,Y1S,1,1,3.627714165539377,-0.8129232859927678
17,20,SVAR.85,Y1T,1,1,3.4328401319223207,-1.007797319609824
18,20,SVAR.85,Y1V,1,1,3.368506461507692,-1.0721309900244527
19,20,SVAR.85,Y1W,1,1,4.875879854463285,0.4352424029311406
20,20,SVAR.85,L2A,2,1,3.3793292458547524,-1.0613082056773924
21,20,SVAR.85,L2C,2,1,3.4929581864188592,-0.9476792651132855
22,20,SVAR.85,L2D,2,1,0.6208470364196875,-3.819790415112457
23,20,SVAR.85,L2E,2,1,0.1883035307571669,-4.252333920774978
24,20,SVAR.85,L2F,2,1,4.294826768718743,-0.14581068281340137
25,20,SVAR.85,L2G,2,1,1.8517199925976675,-2.5889174589344774
26,20,SVAR.85,L2H,2,1,2.699684578086747,-1.7409528734453978
27,20,SVAR.85,L2I,2,1,3.861100818798176,-0.5795366327339688
28,20,SVAR.85,L2K,2,1,2.145163347964587,-2.2954741035675577
29,20,SVAR.85,L2M,2,1,4.001855821790673,-0.43878162974147195
30,20,SVAR.85,L2N,2,1,0.9494351190086316,-3.491202332523513
31,20,SVAR.85,L2P,2,1,0.9799622467634548,-3.46067520476869
32,20,SVAR.85,L2Q,2,1,2.0510813614495698,-2.389556090082575
33,20,SVAR.85,L2R,2,0,-0.0198539148086332,-4.460491366340778
34,20,SVAR.85,L2S,2,1,3.386554319079556,-1.0540831324525888
35,20,SVAR.85,L2T,2,1,2.64221367652365,-1.7984237750084948
36,20,SVAR.85,L2V,2,1,3.889380827320069,-0.5512566242120758
37,20,SVAR.85,L2W,2,1,1.6530109837408216,-2.7876264677913234
38,20,SVAR.85,L2Y,2,1,1.6360078455460936,-2.804629605986051
39,20,SVAR.85,Q3A,3,1,0.8087755967572314,-3.6318618547749133
40,20,SVAR.85,Q3C,3,1,0.8140495746316125,-3.6265878769005324
41,20,SVAR.85,Q3D,3,0,-0.191775722663972,-4.632413174196117
42,20,SVAR.85,Q3E,3,1,0.0555579764903121,-4.385079475041833
43,20,SVAR.85,Q3F,3,0,-0.0501234794258364,-4.490760930957981
44,20,SVAR.85,Q3G,3,1,2.2984213420027326,-2.142216109529412
45,20,SVAR.85,Q3H,3,1,0.0184726600714787,-4.422164791460666
46,20,SVAR.85,Q3I,3,1,0.2064508774674262,-4.234186574064719
47,20,SVAR.85,Q3K,3,1,0.0584724027194641,-4.382165048812681
48,20,SVAR.85,Q3L,3,0,-0.0280143761695966,-4.468651827701741
49,20,SVAR.85,Q3M,3,1,4.012953322795189,-0.4276841287369555
50,20,SVAR.85,Q3N,3,0,-0.1091217223801125,-4.549759173912257
51,20,SVAR.85,Q3P,3,0,-0.003472191906805,-4.444109643438949
52,20,SVAR.85,Q3R,3,1,0.0558983252944088,-4.3847391262377355
53,20,SVAR.85,Q3S,3,1,1.645504042656207,-2.7951334088759374
54,20,SVAR.85,Q3T,3,1,0.1154772174199358,-4.325160234112209
55,20,SVAR.85,Q3V,3,1,0.1695251968004606,-4.271112254731684
56,20,SVAR.85,Q3W,3,0,-0.0181018063753106,-4.458739257907455
57,20,SVAR.85,Q3Y,3,0,-0.0074751205621466,-4.448112572094291
58,20,SVAR.85,P4A,4,1,3.11676706555314,-1.3238703859790046
59,20,SVAR.85,P4C,4,1,0.5229282222269723,-3.9177092293051725
60,20,SVAR.85,P4D,4,0,-0.3676438126085798,-4.808281264140724
61,20,SVAR.85,P4E,4,0,0.0,-4.440637451532145
62,20,SVAR.85,P4F,4,1,0.0878892325763009,-4.352748218955844
63,20,SVAR.85,P4G,4,1,0.6698513983076692,-3.7707860532244757
64,20,SVAR.85,P4H,4,1,0.0149503414659716,-4.425687110066173
65,20,SVAR.85,P4I,4,0,-0.096711641071677,-4.537349092603821
66,20,SVAR.85,P4K,4,0,-0.1724671960047655,-4.61310464753691
67,20,SVAR.85,P4L,4,0,-0.0852160022338476,-4.5258534537659925
68,20,SVAR.85,P4M,4,0,-0.1398377124681185,-4.580475164000263
69,20,SVAR.85,P4N,4,1,0.0970546840471593,-4.343582767484985
70,20,SVAR.85,P4Q,4,0,-0.0928695747772829,-4.533507026309428
71,20,SVAR.85,P4R,4,1,0.0376704179660551,-4.40296703356609
72,20,SVAR.85,P4S,4,1,0.6168330160081783,-3.823804435523966
73,20,SVAR.85,P4T,4,0,-0.1117250825588283,-4.552362534090973
74,20,SVAR.85,P4V,4,0,-0.0075931493222303,-4.448230600854375
75,20,SVAR.85,P4W,4,1,1.3005871517166463,-3.140050299815498
76,20,SVAR.85,P4Y,4,1,0.0639630587319648,-4.37667439280018
77,20,SVAR.85,R5A,5,0,-0.0551415541924609,-4.495779005724605
78,20,SVAR.85,R5C,5,1,0.0907654639231822,-4.349871987608963
79,20,SVAR.85,R5D,5,0,-0.4071753815058735,-4.847812833038018
80,20,SVAR.85,R5E,5,1,0.0428361979102577,-4.397801253621887
81,20,SVAR.85,R5F,5,0,-0.2995602818589078,-4.740197733391053
82,20,SVAR.85,R5G,5,0,-0.0157673158583166,-4.456404767390461
83,20,SVAR.85,R5H,5,0,-0.0500852314363091,-4.490722682968454
84,20,SVAR.85,R5I,5,0,-1.34430787299198,-5.7849453245241245
85,20,SVAR.85,R5K,5,0,-0.1349295800861085,-4.575567031618253
86,20,SVAR.85,R5L,5,0,-0.2872238714008648,-4.727861322933009
87,20,SVAR.85,R5M,5,0,-0.2665149745687556,-4.7071524261009
88,20,SVAR.85,R5N,5,0,-0.0074174715624829,-4.448054923094627
89,20,SVAR.85,R5P,5,0,-0.140030451778974,-4.580667903311118
90,20,SVAR.85,R5Q,5,0,-0.0157673158583166,-4.456404767390461
91,20,SVAR.85,R5S,5,0,-0.3455726796157439,-4.786210131147889
92,20,SVAR.85,R5T,5,0,-0.2630344058337938,-4.703671857365938
93,20,SVAR.85,R5V,5,0,-0.3008664793595327,-4.741503930891677
94,20,SVAR.85,R5W,5,0,-0.2699871664755606,-4.710624618007706
95,20,SVAR.85,R5Y,5,0,-0.2410080995037949,-4.68164555103594
96,20,SVAR.85,T6A,6,1,2.709230197314397,-1.7314072542177477
97,20,SVAR.85,T6C,6,1,3.790281408698663,-0.6503560428334816
98,20,SVAR.85,T6D,6,1,0.282323576933604,-4.158313874598541
99,20,SVAR.85,T6E,6,1,0.0139729425526041,-4.426664508979541
100,20,SVAR.85,T6F,6,0,0.0,-4.440637451532145
101,20,SVAR.85,T6G,6,1,2.6129768768907526,-1.827660574641392
102,20,SVAR.85,T6H,6,0,-0.1935076758998657,-4.63414512743201
103,20,SVAR.85,T6I,6,1,1.4936374100537728,-2.947000041478372
104,20,SVAR.85,T6K,6,0,-0.2998239081804981,-4.740461359712643
105,20,SVAR.85,T6L,6,1,1.1468413883292712,-3.2937960632028735
106,20,SVAR.85,T6M,6,1,0.3767674823511266,-4.0638699691810185
107,20,SVAR.85,T6N,6,1,1.4479664321438432,-2.9926710193883013
108,20,SVAR.85,T6P,6,0,-0.2317834718493542,-4.672420923381499
109,20,SVAR.85,T6Q,6,1,0.1005268759539644,-4.34011057557818
110,20,SVAR.85,T6R,6,0,-0.0303736490435188,-4.471011100575663
111,20,SVAR.85,T6S,6,1,0.5739073122121603,-3.8667301393199844
112,20,SVAR.85,T6V,6,1,3.3647898155534266,-1.0758476359787181
113,20,SVAR.85,T6W,6,0,-0.1066328484912268,-4.547270300023372
114,20,SVAR.85,T6Y,6,0,-0.1103461093167854,-4.55098356084893
115,20,SVAR.85,F7A,7,0,-0.2183904907789515,-4.659027942311096
116,20,SVAR.85,F7C,7,1,0.2387311581511956,-4.201906293380949
117,20,SVAR.85,F7D,7,0,-0.3723330483246056,-4.812970499856751
118,20,SVAR.85,F7E,7,0,-0.1561192019172818,-4.596756653449426
119,20,SVAR.85,F7G,7,0,-0.321119635891205,-4.76175708742335
120,20,SVAR.85,F7H,7,1,0.5160408179623197,-3.9245966335698252
121,20,SVAR.85,F7I,7,1,0.7318431615536185,-3.7087942899785262
122,20,SVAR.85,F7K,7,0,-0.2630344058337938,-4.703671857365938
123,20,SVAR.85,F7L,7,1,0.27441463368473,-4.166222817847415
124,20,SVAR.85,F7M,7,1,1.1944701193507226,-3.246167332181422
125,20,SVAR.85,F7N,7,0,-0.3863057807355277,-4.826943232267673
126,20,SVAR.85,F7P,7,0,-0.1003347292572394,-4.540972180789384
127,20,SVAR.85,F7Q,7,0,-0.3136604789037618,-4.754297930435906
128,20,SVAR.85,F7R,7,0,-0.3160956495852077,-4.756733101117352
129,20,SVAR.85,F7S,7,0,-0.1750867065580913,-4.615724158090236
130,20,SVAR.85,F7T,7,0,-0.1413558492455415,-4.581993300777686
131,20,SVAR.85,F7V,7,1,0.520715577173381,-3.9199218743587636
132,20,SVAR.85,F7W,7,1,0.0676387168753633,-4.372998734656782
133,20,SVAR.85,F7Y,7,1,4.128953220386006,-0.3116842311461383
134,20,SVAR.85,L8A,8,1,1.3550618387215283,-3.0855756128106164
135,20,SVAR.85,L8C,8,1,3.005294299669513,-1.4353431518626318
136,20,SVAR.85,L8D,8,0,-0.2092470452795257,-4.64988449681167
137,20,SVAR.85,L8E,8,1,0.4050534107062217,-4.035584040825923
138,20,SVAR.85,L8F,8,1,2.4335400855052733,-2.0070973660268714
139,20,SVAR.85,L8G,8,1,1.017487426728841,-3.423150024803304
140,20,SVAR.85,L8H,8,1,2.8602244138205744,-1.5804130377115704
141,20,SVAR.85,L8I,8,1,4.755884576329258,0.31524712479711336
142,20,SVAR.85,L8K,8,1,1.1873454742372471,-3.2532919772948974
143,20,SVAR.85,L8M,8,1,3.195174985850024,-1.2454624656821207
144,20,SVAR.85,L8N,8,1,2.414603932020618,-2.0260335195115267
145,20,SVAR.85,L8P,8,0,-0.0605415419350508,-4.501178993467196
146,20,SVAR.85,L8Q,8,1,3.2044752490688118,-1.236162202463333
147,20,SVAR.85,L8R,8,1,3.130948626182376,-1.309688825349769
148,20,SVAR.85,L8S,8,1,2.1908965684072066,-2.249740883124938
149,20,SVAR.85,L8T,8,1,3.692391576429704,-0.7482458751024406
150,20,SVAR.85,L8V,8,1,4.131847540618647,-0.3087899109134975
151,20,SVAR.85,L8W,8,1,3.615110915825803,-0.8255265357063419
152,20,SVAR.85,L8Y,8,1,3.0302612151860884,-1.4103762363460564
153,20,SVAR.85,L9A,9,1,1.4314534624202753,-3.0091839891118695
154,20,SVAR.85,L9C,9,1,2.072963271555224,-2.3676741799769205
155,20,SVAR.85,L9D,9,1,0.2814129351486483,-4.159224516383496
156,20,SVAR.85,L9E,9,1,2.1199094637351967,-2.320727987796948
157,20,SVAR.85,L9F,9,1,1.7881351308531983,-2.6525023206789466
158,20,SVAR.85,L9G,9,1,0.6626418645430318,-3.777995586989113
159,20,SVAR.85,L9H,9,1,2.602912281766669,-1.8377251697654757
160,20,SVAR.85,L9I,9,1,2.584962500721156,-1.8556749508109887
161,20,SVAR.85,L9K,9,1,1.3372644052697673,-3.1033730462623774
162,20,SVAR.85,L9M,9,1,2.643121806943449,-1.797515644588696
163,20,SVAR.85,L9N,9,1,2.021153116450096,-2.4194843350820485
164,20,SVAR.85,L9P,9,1,2.6418517171998843,-1.7987857343322604
165,20,SVAR.85,L9Q,9,1,3.110709895195429,-1.3299275563367159
166,20,SVAR.85,L9R,9,0,-0.1219905243786102,-4.562627975910755
167,20,SVAR.85,L9S,9,1,1.7999929650674158,-2.640644486464729
168,20,SVAR.85,L9T,9,1,3.456907217221751,-0.9837302343103937
169,20,SVAR.85,L9V,9,1,3.0345013146000217,-1.406136136932123
170,20,SVAR.85,L9W,9,1,0.4469215602986297,-3.993715891233515
171,20,SVAR.85,L9Y,9,0,-0.4337335929887489,-4.874371044520894
1,21,SVAR.90,Y1A,1,1,0.4215952153010062,-0.7232784140859388
2,21,SVAR.90,Y1C,1,1,0.2995602818589079,-0.8453133475280372
3,21,SVAR.90,Y1D,1,1,0.0810365720909063,-1.0638370572960387
4,21,SVAR.90,Y1E,1,1,0.1709861968126228,-0.9738874325743222
5,21,SVAR.90,Y1F,1,1,0.470595475769156,-0.6742781536177891
6,21,SVAR.90,Y1G,1,1,0.3087239949335048,-0.8361496344534403
7,21,SVAR.90,Y1H,1,1,0.5219527031953558,-0.6229209261915892
8,21,SVAR.90,Y1I,1,1,0.2880986976523016,-0.8567749317346434
9,21,SVAR.90,Y1K,1,1,0.2770464962065182,-0.8678271331804268
10,21,SVAR.90,Y1L,1,1,0.4031072891958619,-0.7417663401910831
11,21,SVAR.90,Y1M,1,1,0.3667187380045685,-0.7781548913823766
12,21,SVAR.90,Y1N,1,1,0.4402480620761237,-0.7046255673108213
13,21,SVAR.90,Y1P,1,1,0.1546661215032368,-0.9902075078837083
14,21,SVAR.90,Y1Q,1,1,0.2696417929447407,-0.8752318364422043
15,21,SVAR.90,Y1R,1,1,0.335371347981004,-0.809502281405941
16,21,SVAR.90,Y1S,1,1,0.3225852094698404,-0.8222884199171047
17,21,SVAR.90,Y1T,1,1,0.3065907718205334,-0.8382828575664116
18,21,SVAR.90,Y1V,1,1,0.3059157768987315,-0.8389578524882135
19,21,SVAR.90,Y1W,1,1,1.3650725865878783,0.2201989572009333
20,21,SVAR.90,L2A,2,1,0.8544231757143829,-0.29045045367256217
21,21,SVAR.90,L2C,2,1,1.082551212692905,-0.06232241669403993
22,21,SVAR.90,L2D,2,1,0.1403045720611759,-1.004569057325769
23,21,SVAR.90,L2E,2,1,0.1225666422062552,-1.0223069871806898
24,21,SVAR.90,L2F,2,1,1.037474705418663,-0.10739892396828199
25,21,SVAR.90,L2G,2,1,1.2369391525699824,0.0920655231830374
26,21,SVAR.90,L2H,2,1,1.505654635397943,0.36078100601099794
27,21,SVAR.90,L2I,2,1,1.1651918652015902,0.020318235814645202
28,21,SVAR.90,L2K,2,1,1.3539182091317992,0.20904457974485413
29,21,SVAR.90,L2M,2,1,0.7034359706010117,-0.44143765878593333
30,21,SVAR.90,L2N,2,1,1.97346692955374,0.8285933001667949
31,21,SVAR.90,L2P,2,1,0.1298374376425816,-1.0150361917443633
32,21,SVAR.90,L2Q,2,1,0.7692020990984241,-0.37567153028852096
33,21,SVAR.90,L2R,2,1,0.0733461495700514,-1.0715274798168937
34,21,SVAR.90,L2S,2,1,0.9916847317879962,-0.15318889759894883
35,21,SVAR.90,L2T,2,1,0.9660526680766623,-0.1788209613102827
36,21,SVAR.90,L2V,2,1,1.4360270143023537,0.29115338491540865
37,21,SVAR.90,L2W,2,1,0.3212965803047731,-0.8235770490821719
38,21,SVAR.90,L2Y,2,1,0.7621038409627037,-0.38276978842424136
39,21,SVAR.90,Q3A,3,1,1.229734396677616,0.08486076729067094
40,21,SVAR.90,Q3C,3,1,1.4001228252675606,0.25524919588061556
41,21,SVAR.90,Q3D,3,1,0.3590271133582939,-0.7858465160286512
42,21,SVAR.90,Q3E,3,1,1.2074570579389137,0.06258342855196863
43,21,SVAR.90,Q3F,3,1,2.266833973584087,1.1219603441971417
44,21,SVAR.90,Q3G,3,1,0.5993287898913587,-0.5455448394955863
45,21,SVAR.90,Q3H,3,1,0.7800343160580921,-0.3648393133288529
46,21,SVAR.90,Q3I,3,1,1.5662502404589858,0.4213766110720407
47,21,SVAR.90,Q3K,3,1,1.19589268576885,0.05101905638190507
48,21,SVAR.90,Q3L,3,1,1.9103390743842013,0.7654654449972562
49,21,SVAR.90,Q3M,3,1,1.8991473979770948,0.7542737685901497
50,21,SVAR.90,Q3N,3,1,0.1261244616194446,-1.0187491677675005
51,21,SVAR.90,Q3P,3,1,0.8063492091964587,-0.33852442019048634
52,21,SVAR.90,Q3R,3,1,0.257496222292364,-0.887377407094581
53,21,SVAR.90,Q3S,3,1,0.5331799586186099,-0.6116936707683351
54,21,SVAR.90,Q3T,3,1,0.5145731728297582,-0.6303004565571868
55,21,SVAR.90,Q3V,3,1,1.2772543563709662,0.13238072698402115
56,21,SVAR.90,Q3W,3,1,2.3077142356676617,1.1628406062807166
57,21,SVAR.90,Q3Y,3,1,1.0035932647240084,-0.1412803646629366
58,21,SVAR.90,P4A,4,1,0.8623165778720168,-0.28255705151492827
59,21,SVAR.90,P4C,4,1,0.5151185121070471,-0.629755117279898
60,21,SVAR.90,P4D,4,1,0.1945030241629782,-0.9503706052239669
61,21,SVAR.90,P4E,4,1,0.0676109061546775,-1.0772627232322676
62,21,SVAR.90,P4F,4,1,0.201778717341356,-0.943094912045589
63,21,SVAR.90,P4G,4,1,1.5361769550182982,0.39130332563135317
64,21,SVAR.90,P4H,4,1,0.0848888975865129,-1.059984731800432
65,21,SVAR.90,P4I,4,1,0.0696735278068113,-1.0752001015801338
66,21,SVAR.90,P4K,4,1,0.0529812916861718,-1.0918923377007732
67,21,SVAR.90,P4L,4,1,0.0667870912112024,-1.0780865381757427
68,21,SVAR.90,P4M,4,1,0.2019283187767322,-0.9429453106102128
69,21,SVAR.90,P4N,4,1,0.1381972939200194,-1.0066763354669257
70,21,SVAR.90,P4Q,4,1,0.0470682536567788,-1.0978053757301662
71,21,SVAR.90,P4R,4,1,0.0868048275372727,-1.0580688018496724
72,21,SVAR.90,P4S,4,1,0.4797193406938195,-0.6651542886931255
73,21,SVAR.90,P4T,4,1,0.3009539657936209,-0.8439196635933242
74,21,SVAR.90,P4V,4,1,0.1110313123887439,-1.0338423169982012
75,21,SVAR.90,P4W,4,1,1.6886538037633818,0.5437801743764368
76,21,SVAR.90,P4Y,4,1,0.238477301589815,-0.9063963277971301
77,21,SVAR.90,R5A,5,1,2.1610624327325163,1.0161888033455713
78,21,SVAR.90,R5C,5,1,1.112289946031661,-0.03258368335528394
79,21,SVAR.90,R5D,5,1,0.0220263063299988,-1.1228473230569462
80,21,SVAR.90,R5E,5,1,0.1695085791444612,-0.9753650502424838
81,21,SVAR.90,R5F,5,1,3.074521943266312,1.929648313879367
82,21,SVAR.90,R5G,5,1,0.1768777620840791,-0.9679958673028659
83,21,SVAR.90,R5H,5,1,0.493246331629541,-0.651627297757404
84,21,SVAR.90,R5I,5,1,0.2497200525529131,-0.895153576834032
85,21,SVAR.90,R5K,5,1,0.1588405234986035,-0.9860331058883416
86,21,SVAR.90,R5L,5,1,0.1893624939530945,-0.9555111354338506
87,21,SVAR.90,R5M,5,1,1.17645304443981,0.03157941505286499
88,21,SVAR.90,R5N,5,1,0.269033146455237,-0.875840482931708
89,21,SVAR.90,R5P,5,1,0.0620961210919122,-1.0827775082950328
90,21,SVAR.90,R5Q,5,1,0.6175303631775868,-0.5273432662093582
91,21,SVAR.90,R5S,5,1,3.2916772231760216,2.146803593789077
92,21,SVAR.90,R5T,5,1,0.8608781978516823,-0.28399543153526274
93,21,SVAR.90,R5V,5,1,0.4518451241654896,-0.6930285052214554
94,21,SVAR.90,R5W,5,1,1.293599371828868,0.14872574244192305
95,21,SVAR.90,R5Y,5,1,1.3079889039294883,0.16311527454254326
96,21,SVAR.90,T6A,6,1,0.092048209021171,-1.052825420365774
97,21,SVAR.90,T6C,6,1,0.1403045720611759,-1.004569057325769
98,21,SVAR.90,T6D,6,1,0.077802151603633,-1.0670714777833121
99,21,SVAR.90,T6E,6,1,0.0533158145324564,-1.0915578148544887
100,21,SVAR.90,T6F,6,1,0.029901485713862,-1.114972143673083
101,21,SVAR.90,T6G,6,1,0.1583103725395973,-0.9865632568473477
102,21,SVAR.90,T6H,6,1,0.0857978727552293,-1.0590757566317157
103,21,SVAR.90,T6I,6,1,0.076413115519168,-1.068460513867777
104,21,SVAR.90,T6K,6,0,-0.0147970019280805,-1.1596706313150256
105,21,SVAR.90,T6L,6,1,0.044711648806393,-1.100161980580552
106,21,SVAR.90,T6M,6,1,0.130946517362942,-1.013927112024003
107,21,SVAR.90,T6N,6,1,0.0980320829605267,-1.0468415464264182
108,21,SVAR.90,T6P,6,1,0.1265027211511838,-1.0183709082357613
109,21,SVAR.90,T6Q,6,1,0.0584724027194641,-1.086401226667481
110,21,SVAR.90,T6R,6,1,0.0732098469537764,-1.0716637824331687
111,21,SVAR.90,T6S,6,1,0.0174451344594094,-1.1274284949275357
112,21,SVAR.90,T6V,6,1,0.0832234768539086,-1.0616501525330364
113,21,SVAR.90,T6W,6,1,0.0610945972468397,-1.0837790321401053
114,21,SVAR.90,T6Y,6,1,0.0820542158824855,-1.0628194135044595
115,21,SVAR.90,F7A,7,1,1.0625996263574025,-0.08227400302954258
116,21,SVAR.90,F7C,7,1,1.536693291627904,0.3918196622409589
117,21,SVAR.90,F7D,7,1,1.7185033516692794,0.5736297222823343
118,21,SVAR.90,F7E,7,1,0.1467353740704227,-0.9981382553165223
119,21,SVAR.90,F7G,7,1,0.5343364276511882,-0.6105372017357569
120,21,SVAR.90,F7H,7,1,1.863547384627667,0.7186737552407219
121,21,SVAR.90,F7I,7,1,0.920773308849425,-0.22410032053752005
122,21,SVAR.90,F7K,7,1,0.2165939792963877,-0.9282796500905574
123,21,SVAR.90,F7L,7,1,0.1912747801909158,-0.9535988491960292
124,21,SVAR.90,F7M,7,1,1.367266050723393,0.22239242133644788
125,21,SVAR.90,F7N,7,1,1.7157713718970828,0.5708977425101378
126,21,SVAR.90,F7P,7,1,0.0642891283549801,-1.080584501031965
127,21,SVAR.90,F7Q,7,1,0.979509474212216,-0.16536415517472902
128,21,SVAR.90,F7R,7,1,0.1437354774614495,-1.0011381519254956
129,21,SVAR.90,F7S,7,1,1.8046896801377743,0.6598160507508293
130,21,SVAR.90,F7T,7,1,3.587146747983032,2.442273118596087
131,21,SVAR.90,F7V,7,1,1.3873625408359955,0.2424889114490505
132,21,SVAR.90,F7W,7,1,0.7183798937661746,-0.4264937356207704
133,21,SVAR.90,F7Y,7,1,1.0876891286072286,-0.057184500779716485
134,21,SVAR.90,L8A,8,1,0.0342157153379129,-1.1106579140490322
135,21,SVAR.90,L8C,8,1,0.545923144264271,-0.598950485122674
136,21,SVAR.90,L8D,8,0,-0.0386616203691051,-1.18353524975605
137,21,SVAR.90,L8E,8,0,-0.0285691521967709,-1.1734427815837158
138,21,SVAR.90,L8F,8,0,-0.0198995574377049,-1.16477318682465
139,21,SVAR.90,L8G,8,1,0.0070547575339504,-1.1378188718529947
140,21,SVAR.90,L8H,8,0,-0.0356239097307213,-1.1804975391176664
141,21,SVAR.90,L8I,8,1,0.146509721587884,-0.998363907799061
142,21,SVAR.90,L8K,8,1,0.0229004021100788,-1.1219732272768663
143,21,SVAR.90,L8M,8,1,0.139251186036202,-1.005622443350743
144,21,SVAR.90,L8N,8,1,0.0383718108725187,-1.1065018185144264
145,21,SVAR.90,L8P,8,1,0.0500852314363091,-1.0947883979506359
146,21,SVAR.90,L8Q,8,0,-0.0506260730699679,-1.195499702456913
147,21,SVAR.90,L8R,8,1,0.0324214776923774,-1.1124521516945676
148,21,SVAR.90,L8S,8,1,0.0078835990758331,-1.136990030311112
149,21,SVAR.90,L8T,8,1,0.0221957461141961,-1.1226778832727489
150,21,SVAR.90,L8V,8,1,0.1759088135913147,-0.9689648157956303
151,21,SVAR.90,L8W,8,1,0.0495090997793668,-1.0953645296075782
152,21,SVAR.90,L8Y,8,0,-0.039855988814113,-1.184729618201058
153,21,SVAR.90,L9A,9,1,0.2757493205878391,-0.869124308799106
154,21,SVAR.90,L9C,9,1,0.5101272677985661,-0.6347463615883789
155,21,SVAR.90,L9D,9,0,-0.0286954330004656,-1.1735690623874107
156,21,SVAR.90,L9E,9,1,0.269033146455237,-0.875840482931708
157,21,SVAR.90,L9F,9,1,0.2049817377876286,-0.9398918915993164
158,21,SVAR.90,L9G,9,1,0.1047577412131296,-1.0401158881738155
159,21,SVAR.90,L9H,9,1,0.2476043652641879,-0.8972692641227571
160,21,SVAR.90,L9I,9,1,0.7349321970136778,-0.4099414323732672
161,21,SVAR.90,L9K,9,1,0.1350499601638528,-1.0098236692230922
162,21,SVAR.90,L9M,9,1,0.2176648527994631,-0.9272087765874819
163,21,SVAR.90,L9N,9,1,0.205584133649894,-0.939289495737051
164,21,SVAR.90,L9P,9,1,0.6573630082805286,-0.4875106211064164
165,21,SVAR.90,L9Q,9,1,0.3206451290038891,-0.824228500383056
166,21,SVAR.90,L9R,9,1,1.2151170905332729,0.07024346114632785
167,21,SVAR.90,L9S,9,1,0.3099554532212865,-0.8349181761656586
168,21,SVAR.90,L9T,9,1,0.5278762831892859,-0.6169973461976591
169,21,SVAR.90,L9V,9,1,1.1554045837036004,0.010530954316655405
170,21,SVAR.90,L9W,9,1,0.0696341878370525,-1.0752394415498925
171,21,SVAR.90,L9Y,9,1,0.027936876503123,-1.116936752883822
