Model,Mutation,Mutation_Position,WT_Residue,Mutant_Residue,AUC01,N_TCR_x,N_Positive,N_Negative,Mean_Delta_log2FC,Experimental_Disruption,Binder_Fraction,Binder_Loss_Fraction,Mean_Mutant_log2FC,Mean_Reference_log2FC,N_TCR_y,Position,R5_Status
ERGO,L2D,2,L,D,0.6952908587257618,21,19,2,-3.512786014203991,3.512786014203991,0.9047619047619048,0.09523809523809523,0.6326855209598218,4.145471535163813,21,P2,non-R5
ERGO,L2R,2,L,R,0.628482972136223,21,17,4,-3.7084811415836145,3.7084811415836145,0.8095238095238095,0.19047619047619047,0.4369903935801985,4.145471535163813,21,P2,non-R5
ERGO,L2W,2,L,W,0.868421052631579,21,20,1,-3.145789955266732,3.145789955266732,0.9523809523809523,0.04761904761904767,0.9996815798970803,4.145471535163813,21,P2,non-R5
ERGO,Q3C,3,Q,C,0.868421052631579,21,20,1,-2.2753923267526823,2.2753923267526823,0.9523809523809523,0.04761904761904767,1.8700792084111308,4.145471535163813,21,P3,non-R5
ERGO,Q3D,3,Q,D,0.611336032388664,21,13,8,-3.9984814275044895,3.9984814275044895,0.6190476190476191,0.38095238095238093,0.14699010765932335,4.145471535163813,21,P3,non-R5
ERGO,Q3E,3,Q,E,0.7523219814241486,21,17,4,-3.6195073795810324,3.6195073795810324,0.8095238095238095,0.19047619047619047,0.5259641555827804,4.145471535163813,21,P3,non-R5
ERGO,Q3F,3,Q,F,0.5215311004784688,21,11,10,-3.969896643708333,3.969896643708333,0.5238095238095238,0.47619047619047616,0.17557489145547947,4.145471535163813,21,P3,non-R5
ERGO,Q3H,3,Q,H,0.8245614035087718,21,18,3,-3.8413641329636286,3.8413641329636286,0.8571428571428571,0.1428571428571429,0.3041074022001853,4.145471535163813,21,P3,non-R5
ERGO,Q3K,3,Q,K,0.7783933518005541,21,19,2,-3.629642693980698,3.629642693980698,0.9047619047619048,0.09523809523809523,0.5158288411831159,4.145471535163813,21,P3,non-R5
ERGO,Q3L,3,Q,L,0.667590027700831,21,19,2,-2.9907938363198436,2.9907938363198436,0.9047619047619048,0.09523809523809523,1.1546776988439693,4.145471535163813,21,P3,non-R5
ERGO,Q3N,3,Q,N,0.6710526315789473,21,16,5,-3.4553142096753673,3.4553142096753673,0.7619047619047619,0.23809523809523814,0.6901573254884452,4.145471535163813,21,P3,non-R5
ERGO,Q3P,3,Q,P,0.7076023391812866,21,18,3,-3.5460180956702123,3.5460180956702123,0.8571428571428571,0.1428571428571429,0.5994534394936002,4.145471535163813,21,P3,non-R5
ERGO,Q3R,3,Q,R,0.5723684210526316,21,16,5,-3.8734750537760854,3.8734750537760854,0.7619047619047619,0.23809523809523814,0.2719964813877268,4.145471535163813,21,P3,non-R5
ERGO,Q3T,3,Q,T,0.8614958448753463,21,19,2,-3.3184904208104085,3.3184904208104085,0.9047619047619048,0.09523809523809523,0.8269811143534037,4.145471535163813,21,P3,non-R5
ERGO,Q3V,3,Q,V,0.7229916897506925,21,19,2,-2.935175399257961,2.935175399257961,0.9047619047619048,0.09523809523809523,1.2102961359058515,4.145471535163813,21,P3,non-R5
ERGO,Q3W,3,Q,W,0.543859649122807,21,15,6,-3.9591914665435968,3.9591914665435968,0.7142857142857143,0.2857142857142857,0.18628006862021576,4.145471535163813,21,P3,non-R5
ERGO,Q3Y,3,Q,Y,0.5805921052631579,21,16,5,-3.9762518127010886,3.9762518127010886,0.7619047619047619,0.23809523809523814,0.16921972246272415,4.145471535163813,21,P3,non-R5
ERGO,P4C,4,P,C,0.7953216374269005,21,18,3,-3.160701385577715,3.160701385577715,0.8571428571428571,0.1428571428571429,0.9847701495860974,4.145471535163813,21,P4,non-R5
ERGO,P4D,4,P,D,0.6398891966759003,21,19,2,-3.7777094352921807,3.7777094352921807,0.9047619047619048,0.09523809523809523,0.36776209987163166,4.145471535163813,21,P4,non-R5
ERGO,P4E,4,P,E,0.7523219814241486,21,17,4,-3.5296476268619936,3.5296476268619936,0.8095238095238095,0.19047619047619047,0.6158239083018188,4.145471535163813,21,P4,non-R5
ERGO,P4F,4,P,F,0.8830409356725146,21,18,3,-3.7124933907660034,3.7124933907660034,0.8571428571428571,0.1428571428571429,0.43297814439780924,4.145471535163813,21,P4,non-R5
ERGO,P4H,4,P,H,0.8337950138504155,21,19,2,-2.673637483035744,2.673637483035744,0.9047619047619048,0.09523809523809523,1.4718340521280686,4.145471535163813,21,P4,non-R5
ERGO,P4I,4,P,I,0.47368421052631576,21,17,4,-3.4770534039534717,3.4770534039534717,0.8095238095238095,0.19047619047619047,0.6684181312103404,4.145471535163813,21,P4,non-R5
ERGO,P4K,4,P,K,0.5112781954887218,21,14,7,-3.893210117440949,3.893210117440949,0.6666666666666666,0.33333333333333337,0.2522614177228646,4.145471535163813,21,P4,non-R5
ERGO,P4L,4,P,L,0.7076023391812866,21,18,3,-3.8282562275505834,3.8282562275505834,0.8571428571428571,0.1428571428571429,0.31721530761322886,4.145471535163813,21,P4,non-R5
ERGO,P4M,4,P,M,0.638157894736842,21,16,5,-3.358864930534401,3.358864930534401,0.7619047619047619,0.23809523809523814,0.786606604629412,4.145471535163813,21,P4,non-R5
ERGO,P4N,4,P,N,0.7894736842105263,21,20,1,-3.0642225395539517,3.0642225395539517,0.9523809523809523,0.04761904761904767,1.081248995609861,4.145471535163813,21,P4,non-R5
ERGO,P4Q,4,P,Q,0.56656346749226,21,17,4,-2.692403826929383,2.692403826929383,0.8095238095238095,0.19047619047619047,1.45306770823443,4.145471535163813,21,P4,non-R5
ERGO,P4R,4,P,R,0.8830409356725146,21,18,3,-3.4375064394076396,3.4375064394076396,0.8571428571428571,0.1428571428571429,0.7079650957561732,4.145471535163813,21,P4,non-R5
ERGO,P4S,4,P,S,0.7368421052631579,21,20,1,-2.7008827080294187,2.7008827080294187,0.9523809523809523,0.04761904761904767,1.4445888271343943,4.145471535163813,21,P4,non-R5
ERGO,P4T,4,P,T,0.5112781954887218,21,14,7,-3.4375396657783077,3.4375396657783077,0.6666666666666666,0.33333333333333337,0.7079318693855052,4.145471535163813,21,P4,non-R5
ERGO,P4V,4,P,V,0.7832817337461301,21,17,4,-3.697780088418393,3.697780088418393,0.8095238095238095,0.19047619047619047,0.44769144674541944,4.145471535163813,21,P4,non-R5
ERGO,P4W,4,P,W,0.9210526315789473,21,20,1,-3.002547261825028,3.002547261825028,0.9523809523809523,0.04761904761904767,1.1429242733387848,4.145471535163813,21,P4,non-R5
ERGO,P4Y,4,P,Y,0.9071207430340558,21,17,4,-3.900733454621152,3.900733454621152,0.8095238095238095,0.19047619047619047,0.24473808054266036,4.145471535163813,21,P4,non-R5
ERGO,R5A,5,R,A,0.5112781954887218,21,14,7,-3.9862401823770135,3.9862401823770135,0.6666666666666666,0.33333333333333337,0.15923135278679967,4.145471535163813,21,P5,R5
ERGO,R5C,5,R,C,0.5215311004784688,21,11,10,-4.0258428624928895,4.0258428624928895,0.5238095238095238,0.47619047619047616,0.1196286726709235,4.145471535163813,21,P5,R5
ERGO,R5D,5,R,D,0.5263157894736842,21,10,11,-4.169190874571867,4.169190874571867,0.47619047619047616,0.5238095238095238,-0.023719339408054468,4.145471535163813,21,P5,R5
ERGO,R5E,5,R,E,0.519298245614035,21,15,6,-4.064428742892594,4.064428742892594,0.7142857142857143,0.2857142857142857,0.08104279227121902,4.145471535163813,21,P5,R5
ERGO,R5F,5,R,F,0.6172248803827751,21,11,10,-3.9905648057039724,3.9905648057039724,0.5238095238095238,0.47619047619047616,0.1549067294598395,4.145471535163813,21,P5,R5
ERGO,R5G,5,R,G,0.6491228070175439,21,12,9,-4.096260434122478,4.096260434122478,0.5714285714285714,0.4285714285714286,0.049211101041333846,4.145471535163813,21,P5,R5
ERGO,R5H,5,R,H,0.5864661654135338,21,14,7,-4.056120074072591,4.056120074072591,0.6666666666666666,0.33333333333333337,0.08935146109122186,4.145471535163813,21,P5,R5
ERGO,R5I,5,R,I,0.5419103313840156,21,9,12,-4.816045917171094,4.816045917171094,0.42857142857142855,0.5714285714285714,-0.6705743820072806,4.145471535163813,21,P5,R5
ERGO,R5K,5,R,K,0.47368421052631576,21,13,8,-3.920417288566487,3.920417288566487,0.6190476190476191,0.38095238095238093,0.22505424659732576,4.145471535163813,21,P5,R5
ERGO,R5L,5,R,L,0.5263157894736842,21,10,11,-4.146123746477146,4.146123746477146,0.47619047619047616,0.5238095238095238,-0.0006522113133329196,4.145471535163813,21,P5,R5
ERGO,R5M,5,R,M,0.6052631578947368,21,8,13,-4.090033893976655,4.090033893976655,0.38095238095238093,0.6190476190476191,0.05543764118715774,4.145471535163813,21,P5,R5
ERGO,R5N,5,R,N,0.5951417004048583,21,13,8,-4.0864686208859,4.0864686208859,0.6190476190476191,0.38095238095238093,0.05900291427791291,4.145471535163813,21,P5,R5
ERGO,R5P,5,R,P,0.5951417004048583,21,13,8,-4.085874156789295,4.085874156789295,0.6190476190476191,0.38095238095238093,0.059597378374518666,4.145471535163813,21,P5,R5
ERGO,R5Q,5,R,Q,0.6596491228070176,21,15,6,-4.049717437110483,4.049717437110483,0.7142857142857143,0.2857142857142857,0.09575409805333016,4.145471535163813,21,P5,R5
ERGO,R5S,5,R,S,0.5789473684210527,21,10,11,-3.981859332687196,3.981859332687196,0.47619047619047616,0.5238095238095238,0.16361220247661712,4.145471535163813,21,P5,R5
ERGO,R5T,5,R,T,0.5614035087719298,21,12,9,-4.068637534772608,4.068637534772608,0.5714285714285714,0.4285714285714286,0.07683400039120428,4.145471535163813,21,P5,R5
ERGO,R5V,5,R,V,0.5951417004048583,21,13,8,-4.082032776621783,4.082032776621783,0.6190476190476191,0.38095238095238093,0.06343875854203053,4.145471535163813,21,P5,R5
ERGO,R5W,5,R,W,0.6052631578947368,21,12,9,-4.038140476703542,4.038140476703542,0.5714285714285714,0.4285714285714286,0.10733105846027086,4.145471535163813,21,P5,R5
ERGO,R5Y,5,R,Y,0.5175438596491228,21,12,9,-4.027849790021531,4.027849790021531,0.5714285714285714,0.4285714285714286,0.11762174514228178,4.145471535163813,21,P5,R5
ERGO,T6A,6,T,A,0.6198830409356725,21,18,3,-3.1453020979434663,3.1453020979434663,0.8571428571428571,0.1428571428571429,1.000169437220347,4.145471535163813,21,P6,non-R5
ERGO,T6C,6,T,C,0.7783933518005541,21,19,2,-2.425014147604694,2.425014147604694,0.9047619047619048,0.09523809523809523,1.7204573875591185,4.145471535163813,21,P6,non-R5
ERGO,T6D,6,T,D,0.5175438596491228,21,12,9,-3.9610118284897116,3.9610118284897116,0.5714285714285714,0.4285714285714286,0.18445970667410216,4.145471535163813,21,P6,non-R5
ERGO,T6E,6,T,E,0.5112781954887218,21,14,7,-4.0823481498798095,4.0823481498798095,0.6666666666666666,0.33333333333333337,0.06312338528400277,4.145471535163813,21,P6,non-R5
ERGO,T6F,6,T,F,0.5141700404858299,21,13,8,-3.894610942232536,3.894610942232536,0.6190476190476191,0.38095238095238093,0.25086059293127655,4.145471535163813,21,P6,non-R5
ERGO,T6G,6,T,G,0.7506925207756232,21,19,2,-2.6898123479315297,2.6898123479315297,0.9047619047619048,0.09523809523809523,1.4556591872322835,4.145471535163813,21,P6,non-R5
ERGO,T6H,6,T,H,0.5614035087719298,21,12,9,-3.7506124096734745,3.7506124096734745,0.5714285714285714,0.4285714285714286,0.3948591254903381,4.145471535163813,21,P6,non-R5
ERGO,T6I,6,T,I,0.5975232198142415,21,17,4,-3.1320628684324587,3.1320628684324587,0.8095238095238095,0.19047619047619047,1.0134086667313544,4.145471535163813,21,P6,non-R5
ERGO,T6K,6,T,K,0.47368421052631576,21,12,9,-4.077047044197654,4.077047044197654,0.5714285714285714,0.4285714285714286,0.06842449096615992,4.145471535163813,21,P6,non-R5
ERGO,T6L,6,T,L,0.5046439628482972,21,17,4,-3.3330387594393778,3.3330387594393778,0.8095238095238095,0.19047619047619047,0.8124327757244357,4.145471535163813,21,P6,non-R5
ERGO,T6M,6,T,M,0.7275541795665635,21,17,4,-3.6739169317196607,3.6739169317196607,0.8095238095238095,0.19047619047619047,0.47155460344415223,4.145471535163813,21,P6,non-R5
ERGO,T6N,6,T,N,0.868421052631579,21,20,1,-2.912544956475058,2.912544956475058,0.9523809523809523,0.04761904761904767,1.2329265786887553,4.145471535163813,21,P6,non-R5
ERGO,T6P,6,T,P,0.47368421052631576,21,11,10,-4.09158703890258,4.09158703890258,0.5238095238095238,0.47619047619047616,0.05388449626123251,4.145471535163813,21,P6,non-R5
ERGO,T6Q,6,T,Q,0.5723684210526316,21,16,5,-3.8730619664039625,3.8730619664039625,0.7619047619047619,0.23809523809523814,0.2724095687598502,4.145471535163813,21,P6,non-R5
ERGO,T6R,6,T,R,0.47368421052631576,21,15,6,-3.939946257531636,3.939946257531636,0.7142857142857143,0.2857142857142857,0.20552527763217596,4.145471535163813,21,P6,non-R5
ERGO,T6S,6,T,S,0.5844875346260388,21,19,2,-3.1771188688244028,3.1771188688244028,0.9047619047619048,0.09523809523809523,0.9683526663394108,4.145471535163813,21,P6,non-R5
ERGO,T6V,6,T,V,0.7076023391812866,21,18,3,-2.7077003343451804,2.7077003343451804,0.8571428571428571,0.1428571428571429,1.4377712008186325,4.145471535163813,21,P6,non-R5
ERGO,T6W,6,T,W,0.5708502024291497,21,13,8,-3.961763811884335,3.961763811884335,0.6190476190476191,0.38095238095238093,0.18370772327947807,4.145471535163813,21,P6,non-R5
ERGO,T6Y,6,T,Y,0.47368421052631576,21,11,10,-3.8851958818627614,3.8851958818627614,0.5238095238095238,0.47619047619047616,0.26027565330105223,4.145471535163813,21,P6,non-R5
ERGO,F7A,7,F,A,0.5141700404858299,21,13,8,-3.842245895428418,3.842245895428418,0.6190476190476191,0.38095238095238093,0.30322563973539396,4.145471535163813,21,P7,non-R5
ERGO,F7C,7,F,C,0.6578947368421052,21,20,1,-2.584261048485574,2.584261048485574,0.9523809523809523,0.04761904761904767,1.561210486678239,4.145471535163813,21,P7,non-R5
ERGO,F7D,7,F,D,0.569377990430622,21,11,10,-4.088514941129576,4.088514941129576,0.5238095238095238,0.47619047619047616,0.05695659403423692,4.145471535163813,21,P7,non-R5
ERGO,F7E,7,F,E,0.5864661654135338,21,14,7,-4.076998441620946,4.076998441620946,0.6666666666666666,0.33333333333333337,0.06847309354286747,4.145471535163813,21,P7,non-R5
ERGO,F7G,7,F,G,0.569377990430622,21,11,10,-3.9258263304313368,3.9258263304313368,0.5238095238095238,0.47619047619047616,0.2196452047324763,4.145471535163813,21,P7,non-R5
ERGO,F7H,7,F,H,0.889196675900277,21,19,2,-2.974637287199781,2.974637287199781,0.9047619047619048,0.09523809523809523,1.170834247964032,4.145471535163813,21,P7,non-R5
ERGO,F7I,7,F,I,0.889196675900277,21,19,2,-3.2187622947919774,3.2187622947919774,0.9047619047619048,0.09523809523809523,0.9267092403718358,4.145471535163813,21,P7,non-R5
ERGO,F7K,7,F,K,0.5614035087719298,21,12,9,-4.121650548987894,4.121650548987894,0.5714285714285714,0.4285714285714286,0.023820986175918456,4.145471535163813,21,P7,non-R5
ERGO,F7L,7,F,L,0.5029239766081871,21,18,3,-3.382941472902987,3.382941472902987,0.8571428571428571,0.1428571428571429,0.7625300622608258,4.145471535163813,21,P7,non-R5
ERGO,F7N,7,F,N,0.7368421052631579,21,14,7,-3.401643515878927,3.401643515878927,0.6666666666666666,0.33333333333333337,0.7438280192848847,4.145471535163813,21,P7,non-R5
ERGO,F7P,7,F,P,0.7192982456140351,21,15,6,-3.692830237532412,3.692830237532412,0.7142857142857143,0.2857142857142857,0.45264129763140043,4.145471535163813,21,P7,non-R5
ERGO,F7Q,7,F,Q,0.5614035087719298,21,18,3,-3.1857476944026955,3.1857476944026955,0.8571428571428571,0.1428571428571429,0.9597238407611173,4.145471535163813,21,P7,non-R5
ERGO,F7R,7,F,R,0.5614035087719298,21,12,9,-4.1317511361600365,4.1317511361600365,0.5714285714285714,0.4285714285714286,0.01372039900377687,4.145471535163813,21,P7,non-R5
ERGO,F7S,7,F,S,0.5087719298245614,21,15,6,-3.0538810074458382,3.0538810074458382,0.7142857142857143,0.2857142857142857,1.0915905277179743,4.145471535163813,21,P7,non-R5
ERGO,F7T,7,F,T,0.5394736842105263,21,16,5,-3.158669392048917,3.158669392048917,0.7619047619047619,0.23809523809523814,0.9868021431148954,4.145471535163813,21,P7,non-R5
ERGO,F7V,7,F,V,0.868421052631579,21,20,1,-2.882247712158553,2.882247712158553,0.9523809523809523,0.04761904761904767,1.2632238230052595,4.145471535163813,21,P7,non-R5
ERGO,F7W,7,F,W,0.6904024767801857,21,17,4,-2.9665988383973736,2.9665988383973736,0.8095238095238095,0.19047619047619047,1.1788726967664398,4.145471535163813,21,P7,non-R5
ERGO,L8A,8,L,A,0.8538011695906433,21,18,3,-3.0105910616114793,3.0105910616114793,0.8571428571428571,0.1428571428571429,1.1348804735523335,4.145471535163813,21,P8,non-R5
ERGO,L8C,8,L,C,0.868421052631579,21,20,1,-1.4826398937231102,1.4826398937231102,0.9523809523809523,0.04761904761904767,2.662831641440703,4.145471535163813,21,P8,non-R5
ERGO,L8D,8,L,D,0.5546558704453441,21,13,8,-4.019274659706137,4.019274659706137,0.6190476190476191,0.38095238095238093,0.12619687545767475,4.145471535163813,21,P8,non-R5
ERGO,L8E,8,L,E,0.638157894736842,21,16,5,-3.4287066974044906,3.4287066974044906,0.7619047619047619,0.23809523809523814,0.7167648377593222,4.145471535163813,21,P8,non-R5
ERGO,L8F,8,L,F,0.6398891966759003,21,19,2,-1.8546000604116228,1.8546000604116228,0.9047619047619048,0.09523809523809523,2.290871474752189,4.145471535163813,21,P8,non-R5
ERGO,L8G,8,L,G,0.47368421052631576,21,17,4,-3.178088344353855,3.178088344353855,0.8095238095238095,0.19047619047619047,0.9673831908099585,4.145471535163813,21,P8,non-R5
ERGO,L8H,8,L,H,0.5844875346260388,21,19,2,-2.2300097860181203,2.2300097860181203,0.9047619047619048,0.09523809523809523,1.915461749145693,4.145471535163813,21,P8,non-R5
ERGO,L8K,8,L,K,0.6149584487534626,21,19,2,-3.563282453148393,3.563282453148393,0.9047619047619048,0.09523809523809523,0.5821890820154193,4.145471535163813,21,P8,non-R5
ERGO,L8N,8,L,N,0.667590027700831,21,19,2,-2.407547516113828,2.407547516113828,0.9047619047619048,0.09523809523809523,1.7379240190499854,4.145471535163813,21,P8,non-R5
ERGO,L8P,8,L,P,0.638157894736842,21,16,5,-3.1847402351299547,3.1847402351299547,0.7619047619047619,0.23809523809523814,0.9607313000338586,4.145471535163813,21,P8,non-R5
ERGO,L8Q,8,L,Q,0.556786703601108,21,19,2,-1.7673604382867143,1.7673604382867143,0.9047619047619048,0.09523809523809523,2.3781110968770984,4.145471535163813,21,P8,non-R5
ERGO,L8R,8,L,R,0.6121883656509695,21,19,2,-3.032482667905828,3.032482667905828,0.9047619047619048,0.09523809523809523,1.1129888672579848,4.145471535163813,21,P8,non-R5
ERGO,L8S,8,L,S,0.868421052631579,21,20,1,-2.443215428418519,2.443215428418519,0.9523809523809523,0.04761904761904767,1.7022561067452944,4.145471535163813,21,P8,non-R5
ERGO,L8T,8,L,T,0.868421052631579,21,20,1,-1.3633417879191267,1.3633417879191267,0.9523809523809523,0.04761904761904767,2.782129747244686,4.145471535163813,21,P8,non-R5
ERGO,L8W,8,L,W,0.5595567867036011,21,19,2,-2.5987644992025816,2.5987644992025816,0.9047619047619048,0.09523809523809523,1.5467070359612318,4.145471535163813,21,P8,non-R5
ERGO,L8Y,8,L,Y,0.6198830409356725,21,18,3,-2.974465248565496,2.974465248565496,0.8571428571428571,0.1428571428571429,1.1710062865983168,4.145471535163813,21,P8,non-R5
ERGO,L9A,9,L,A,0.7953216374269005,21,18,3,-2.500660399781433,2.500660399781433,0.8571428571428571,0.1428571428571429,1.6448111353823793,4.145471535163813,21,P9,non-R5
ERGO,L9D,9,L,D,0.628482972136223,21,17,4,-3.106317085000311,3.106317085000311,0.8095238095238095,0.19047619047619047,1.0391544501635015,4.145471535163813,21,P9,non-R5
ERGO,L9F,9,L,F,0.6052631578947368,21,20,1,-2.539974931077295,2.539974931077295,0.9523809523809523,0.04761904761904767,1.6054966040865177,4.145471535163813,21,P9,non-R5
ERGO,L9G,9,L,G,0.56656346749226,21,17,4,-2.789633723830739,2.789633723830739,0.8095238095238095,0.19047619047619047,1.355837811333074,4.145471535163813,21,P9,non-R5
ERGO,L9R,9,L,R,0.5356037151702786,21,17,4,-3.459781153995743,3.459781153995743,0.8095238095238095,0.19047619047619047,0.6856903811680698,4.145471535163813,21,P9,non-R5
ERGO,L9S,9,L,S,0.7076023391812866,21,18,3,-2.3795565723162517,2.3795565723162517,0.8571428571428571,0.1428571428571429,1.7659149628475617,4.145471535163813,21,P9,non-R5
ERGO,L9W,9,L,W,0.5526315789473684,21,20,1,-3.226049622211491,3.226049622211491,0.9523809523809523,0.04761904761904767,0.9194219129523225,4.145471535163813,21,P9,non-R5
ERGO,L9Y,9,L,Y,0.5723684210526316,21,16,5,-3.6614966381507412,3.6614966381507412,0.7619047619047619,0.23809523809523814,0.48397489701307184,4.145471535163813,21,P9,non-R5
EPACT,L2D,2,L,D,0.7229916897506925,21,19,2,-3.512786014203991,3.512786014203991,0.9047619047619048,0.09523809523809523,0.6326855209598218,4.145471535163813,21,P2,non-R5
EPACT,L2R,2,L,R,0.7213622291021672,21,17,4,-3.7084811415836145,3.7084811415836145,0.8095238095238095,0.19047619047619047,0.4369903935801985,4.145471535163813,21,P2,non-R5
EPACT,L2W,2,L,W,0.8421052631578947,21,20,1,-3.145789955266732,3.145789955266732,0.9523809523809523,0.04761904761904767,0.9996815798970803,4.145471535163813,21,P2,non-R5
EPACT,Q3C,3,Q,C,0.7368421052631579,21,20,1,-2.2753923267526823,2.2753923267526823,0.9523809523809523,0.04761904761904767,1.8700792084111308,4.145471535163813,21,P3,non-R5
EPACT,Q3D,3,Q,D,0.47368421052631576,21,13,8,-3.9984814275044895,3.9984814275044895,0.6190476190476191,0.38095238095238093,0.14699010765932335,4.145471535163813,21,P3,non-R5
EPACT,Q3E,3,Q,E,0.6904024767801857,21,17,4,-3.6195073795810324,3.6195073795810324,0.8095238095238095,0.19047619047619047,0.5259641555827804,4.145471535163813,21,P3,non-R5
EPACT,Q3F,3,Q,F,0.7607655502392344,21,11,10,-3.969896643708333,3.969896643708333,0.5238095238095238,0.47619047619047616,0.17557489145547947,4.145471535163813,21,P3,non-R5
EPACT,Q3H,3,Q,H,0.7953216374269005,21,18,3,-3.8413641329636286,3.8413641329636286,0.8571428571428571,0.1428571428571429,0.3041074022001853,4.145471535163813,21,P3,non-R5
EPACT,Q3K,3,Q,K,0.6952908587257618,21,19,2,-3.629642693980698,3.629642693980698,0.9047619047619048,0.09523809523809523,0.5158288411831159,4.145471535163813,21,P3,non-R5
EPACT,Q3L,3,Q,L,0.7229916897506925,21,19,2,-2.9907938363198436,2.9907938363198436,0.9047619047619048,0.09523809523809523,1.1546776988439693,4.145471535163813,21,P3,non-R5
EPACT,Q3N,3,Q,N,0.868421052631579,21,16,5,-3.4553142096753673,3.4553142096753673,0.7619047619047619,0.23809523809523814,0.6901573254884452,4.145471535163813,21,P3,non-R5
EPACT,Q3P,3,Q,P,0.5614035087719298,21,18,3,-3.5460180956702123,3.5460180956702123,0.8571428571428571,0.1428571428571429,0.5994534394936002,4.145471535163813,21,P3,non-R5
EPACT,Q3R,3,Q,R,0.506578947368421,21,16,5,-3.8734750537760854,3.8734750537760854,0.7619047619047619,0.23809523809523814,0.2719964813877268,4.145471535163813,21,P3,non-R5
EPACT,Q3T,3,Q,T,0.8614958448753463,21,19,2,-3.3184904208104085,3.3184904208104085,0.9047619047619048,0.09523809523809523,0.8269811143534037,4.145471535163813,21,P3,non-R5
EPACT,Q3V,3,Q,V,0.8060941828254847,21,19,2,-2.935175399257961,2.935175399257961,0.9047619047619048,0.09523809523809523,1.2102961359058515,4.145471535163813,21,P3,non-R5
EPACT,Q3W,3,Q,W,0.5789473684210527,21,15,6,-3.9591914665435968,3.9591914665435968,0.7142857142857143,0.2857142857142857,0.18628006862021576,4.145471535163813,21,P3,non-R5
EPACT,Q3Y,3,Q,Y,0.5723684210526316,21,16,5,-3.9762518127010886,3.9762518127010886,0.7619047619047619,0.23809523809523814,0.16921972246272415,4.145471535163813,21,P3,non-R5
EPACT,P4C,4,P,C,0.47368421052631576,21,18,3,-3.160701385577715,3.160701385577715,0.8571428571428571,0.1428571428571429,0.9847701495860974,4.145471535163813,21,P4,non-R5
EPACT,P4D,4,P,D,0.7506925207756232,21,19,2,-3.7777094352921807,3.7777094352921807,0.9047619047619048,0.09523809523809523,0.36776209987163166,4.145471535163813,21,P4,non-R5
EPACT,P4E,4,P,E,0.7213622291021672,21,17,4,-3.5296476268619936,3.5296476268619936,0.8095238095238095,0.19047619047619047,0.6158239083018188,4.145471535163813,21,P4,non-R5
EPACT,P4F,4,P,F,0.5614035087719298,21,18,3,-3.7124933907660034,3.7124933907660034,0.8571428571428571,0.1428571428571429,0.43297814439780924,4.145471535163813,21,P4,non-R5
EPACT,P4H,4,P,H,0.5290858725761772,21,19,2,-2.673637483035744,2.673637483035744,0.9047619047619048,0.09523809523809523,1.4718340521280686,4.145471535163813,21,P4,non-R5
EPACT,P4I,4,P,I,0.7523219814241486,21,17,4,-3.4770534039534717,3.4770534039534717,0.8095238095238095,0.19047619047619047,0.6684181312103404,4.145471535163813,21,P4,non-R5
EPACT,P4K,4,P,K,0.6992481203007519,21,14,7,-3.893210117440949,3.893210117440949,0.6666666666666666,0.33333333333333337,0.2522614177228646,4.145471535163813,21,P4,non-R5
EPACT,P4L,4,P,L,0.6783625730994152,21,18,3,-3.8282562275505834,3.8282562275505834,0.8571428571428571,0.1428571428571429,0.31721530761322886,4.145471535163813,21,P4,non-R5
EPACT,P4M,4,P,M,0.6052631578947368,21,16,5,-3.358864930534401,3.358864930534401,0.7619047619047619,0.23809523809523814,0.786606604629412,4.145471535163813,21,P4,non-R5
EPACT,P4N,4,P,N,0.631578947368421,21,20,1,-3.0642225395539517,3.0642225395539517,0.9523809523809523,0.04761904761904767,1.081248995609861,4.145471535163813,21,P4,non-R5
EPACT,P4Q,4,P,Q,0.6594427244582044,21,17,4,-2.692403826929383,2.692403826929383,0.8095238095238095,0.19047619047619047,1.45306770823443,4.145471535163813,21,P4,non-R5
EPACT,P4R,4,P,R,0.6491228070175439,21,18,3,-3.4375064394076396,3.4375064394076396,0.8571428571428571,0.1428571428571429,0.7079650957561732,4.145471535163813,21,P4,non-R5
EPACT,P4S,4,P,S,0.7105263157894737,21,20,1,-2.7008827080294187,2.7008827080294187,0.9523809523809523,0.04761904761904767,1.4445888271343943,4.145471535163813,21,P4,non-R5
EPACT,P4T,4,P,T,0.5488721804511278,21,14,7,-3.4375396657783077,3.4375396657783077,0.6666666666666666,0.33333333333333337,0.7079318693855052,4.145471535163813,21,P4,non-R5
EPACT,P4V,4,P,V,0.628482972136223,21,17,4,-3.697780088418393,3.697780088418393,0.8095238095238095,0.19047619047619047,0.44769144674541944,4.145471535163813,21,P4,non-R5
EPACT,P4W,4,P,W,0.5263157894736842,21,20,1,-3.002547261825028,3.002547261825028,0.9523809523809523,0.04761904761904767,1.1429242733387848,4.145471535163813,21,P4,non-R5
EPACT,P4Y,4,P,Y,0.47368421052631576,21,17,4,-3.900733454621152,3.900733454621152,0.8095238095238095,0.19047619047619047,0.24473808054266036,4.145471535163813,21,P4,non-R5
EPACT,R5A,5,R,A,0.5864661654135338,21,14,7,-3.9862401823770135,3.9862401823770135,0.6666666666666666,0.33333333333333337,0.15923135278679967,4.145471535163813,21,P5,R5
EPACT,R5C,5,R,C,0.47368421052631576,21,11,10,-4.0258428624928895,4.0258428624928895,0.5238095238095238,0.47619047619047616,0.1196286726709235,4.145471535163813,21,P5,R5
EPACT,R5D,5,R,D,0.4784688995215311,21,10,11,-4.169190874571867,4.169190874571867,0.47619047619047616,0.5238095238095238,-0.023719339408054468,4.145471535163813,21,P5,R5
EPACT,R5E,5,R,E,0.5789473684210527,21,15,6,-4.064428742892594,4.064428742892594,0.7142857142857143,0.2857142857142857,0.08104279227121902,4.145471535163813,21,P5,R5
EPACT,R5F,5,R,F,0.569377990430622,21,11,10,-3.9905648057039724,3.9905648057039724,0.5238095238095238,0.47619047619047616,0.1549067294598395,4.145471535163813,21,P5,R5
EPACT,R5G,5,R,G,0.6052631578947368,21,12,9,-4.096260434122478,4.096260434122478,0.5714285714285714,0.4285714285714286,0.049211101041333846,4.145471535163813,21,P5,R5
EPACT,R5H,5,R,H,0.5864661654135338,21,14,7,-4.056120074072591,4.056120074072591,0.6666666666666666,0.33333333333333337,0.08935146109122186,4.145471535163813,21,P5,R5
EPACT,R5I,5,R,I,0.5419103313840156,21,9,12,-4.816045917171094,4.816045917171094,0.42857142857142855,0.5714285714285714,-0.6705743820072806,4.145471535163813,21,P5,R5
EPACT,R5K,5,R,K,0.47368421052631576,21,13,8,-3.920417288566487,3.920417288566487,0.6190476190476191,0.38095238095238093,0.22505424659732576,4.145471535163813,21,P5,R5
EPACT,R5L,5,R,L,0.4784688995215311,21,10,11,-4.146123746477146,4.146123746477146,0.47619047619047616,0.5238095238095238,-0.0006522113133329196,4.145471535163813,21,P5,R5
EPACT,R5M,5,R,M,0.47368421052631576,21,8,13,-4.090033893976655,4.090033893976655,0.38095238095238093,0.6190476190476191,0.05543764118715774,4.145471535163813,21,P5,R5
EPACT,R5N,5,R,N,0.47368421052631576,21,13,8,-4.0864686208859,4.0864686208859,0.6190476190476191,0.38095238095238093,0.05900291427791291,4.145471535163813,21,P5,R5
EPACT,R5P,5,R,P,0.47368421052631576,21,13,8,-4.085874156789295,4.085874156789295,0.6190476190476191,0.38095238095238093,0.059597378374518666,4.145471535163813,21,P5,R5
EPACT,R5Q,5,R,Q,0.5087719298245614,21,15,6,-4.049717437110483,4.049717437110483,0.7142857142857143,0.2857142857142857,0.09575409805333016,4.145471535163813,21,P5,R5
EPACT,R5S,5,R,S,0.4784688995215311,21,10,11,-3.981859332687196,3.981859332687196,0.47619047619047616,0.5238095238095238,0.16361220247661712,4.145471535163813,21,P5,R5
EPACT,R5T,5,R,T,0.47368421052631576,21,12,9,-4.068637534772608,4.068637534772608,0.5714285714285714,0.4285714285714286,0.07683400039120428,4.145471535163813,21,P5,R5
EPACT,R5V,5,R,V,0.5546558704453441,21,13,8,-4.082032776621783,4.082032776621783,0.6190476190476191,0.38095238095238093,0.06343875854203053,4.145471535163813,21,P5,R5
EPACT,R5W,5,R,W,0.47368421052631576,21,12,9,-4.038140476703542,4.038140476703542,0.5714285714285714,0.4285714285714286,0.10733105846027086,4.145471535163813,21,P5,R5
EPACT,R5Y,5,R,Y,0.47368421052631576,21,12,9,-4.027849790021531,4.027849790021531,0.5714285714285714,0.4285714285714286,0.11762174514228178,4.145471535163813,21,P5,R5
EPACT,T6A,6,T,A,0.5614035087719298,21,18,3,-3.1453020979434663,3.1453020979434663,0.8571428571428571,0.1428571428571429,1.000169437220347,4.145471535163813,21,P6,non-R5
EPACT,T6C,6,T,C,0.7783933518005541,21,19,2,-2.425014147604694,2.425014147604694,0.9047619047619048,0.09523809523809523,1.7204573875591185,4.145471535163813,21,P6,non-R5
EPACT,T6D,6,T,D,0.5614035087719298,21,12,9,-3.9610118284897116,3.9610118284897116,0.5714285714285714,0.4285714285714286,0.18445970667410216,4.145471535163813,21,P6,non-R5
EPACT,T6E,6,T,E,0.5488721804511278,21,14,7,-4.0823481498798095,4.0823481498798095,0.6666666666666666,0.33333333333333337,0.06312338528400277,4.145471535163813,21,P6,non-R5
EPACT,T6F,6,T,F,0.5141700404858299,21,13,8,-3.894610942232536,3.894610942232536,0.6190476190476191,0.38095238095238093,0.25086059293127655,4.145471535163813,21,P6,non-R5
EPACT,T6G,6,T,G,0.556786703601108,21,19,2,-2.6898123479315297,2.6898123479315297,0.9047619047619048,0.09523809523809523,1.4556591872322835,4.145471535163813,21,P6,non-R5
EPACT,T6H,6,T,H,0.47368421052631576,21,12,9,-3.7506124096734745,3.7506124096734745,0.5714285714285714,0.4285714285714286,0.3948591254903381,4.145471535163813,21,P6,non-R5
EPACT,T6I,6,T,I,0.5046439628482972,21,17,4,-3.1320628684324587,3.1320628684324587,0.8095238095238095,0.19047619047619047,1.0134086667313544,4.145471535163813,21,P6,non-R5
EPACT,T6K,6,T,K,0.5614035087719298,21,12,9,-4.077047044197654,4.077047044197654,0.5714285714285714,0.4285714285714286,0.06842449096615992,4.145471535163813,21,P6,non-R5
EPACT,T6L,6,T,L,0.5356037151702786,21,17,4,-3.3330387594393778,3.3330387594393778,0.8095238095238095,0.19047619047619047,0.8124327757244357,4.145471535163813,21,P6,non-R5
EPACT,T6M,6,T,M,0.56656346749226,21,17,4,-3.6739169317196607,3.6739169317196607,0.8095238095238095,0.19047619047619047,0.47155460344415223,4.145471535163813,21,P6,non-R5
EPACT,T6N,6,T,N,0.868421052631579,21,20,1,-2.912544956475058,2.912544956475058,0.9523809523809523,0.04761904761904767,1.2329265786887553,4.145471535163813,21,P6,non-R5
EPACT,T6P,6,T,P,0.47368421052631576,21,11,10,-4.09158703890258,4.09158703890258,0.5238095238095238,0.47619047619047616,0.05388449626123251,4.145471535163813,21,P6,non-R5
EPACT,T6Q,6,T,Q,0.5394736842105263,21,16,5,-3.8730619664039625,3.8730619664039625,0.7619047619047619,0.23809523809523814,0.2724095687598502,4.145471535163813,21,P6,non-R5
EPACT,T6R,6,T,R,0.5789473684210527,21,15,6,-3.939946257531636,3.939946257531636,0.7142857142857143,0.2857142857142857,0.20552527763217596,4.145471535163813,21,P6,non-R5
EPACT,T6S,6,T,S,0.5013850415512465,21,19,2,-3.1771188688244028,3.1771188688244028,0.9047619047619048,0.09523809523809523,0.9683526663394108,4.145471535163813,21,P6,non-R5
EPACT,T6V,6,T,V,0.5321637426900585,21,18,3,-2.7077003343451804,2.7077003343451804,0.8571428571428571,0.1428571428571429,1.4377712008186325,4.145471535163813,21,P6,non-R5
EPACT,T6W,6,T,W,0.47368421052631576,21,13,8,-3.961763811884335,3.961763811884335,0.6190476190476191,0.38095238095238093,0.18370772327947807,4.145471535163813,21,P6,non-R5
EPACT,T6Y,6,T,Y,0.5215311004784688,21,11,10,-3.8851958818627614,3.8851958818627614,0.5238095238095238,0.47619047619047616,0.26027565330105223,4.145471535163813,21,P6,non-R5
EPACT,F7A,7,F,A,0.47368421052631576,21,13,8,-3.842245895428418,3.842245895428418,0.6190476190476191,0.38095238095238093,0.30322563973539396,4.145471535163813,21,P7,non-R5
EPACT,F7C,7,F,C,0.8947368421052633,21,20,1,-2.584261048485574,2.584261048485574,0.9523809523809523,0.04761904761904767,1.561210486678239,4.145471535163813,21,P7,non-R5
EPACT,F7D,7,F,D,0.47368421052631576,21,11,10,-4.088514941129576,4.088514941129576,0.5238095238095238,0.47619047619047616,0.05695659403423692,4.145471535163813,21,P7,non-R5
EPACT,F7E,7,F,E,0.6240601503759399,21,14,7,-4.076998441620946,4.076998441620946,0.6666666666666666,0.33333333333333337,0.06847309354286747,4.145471535163813,21,P7,non-R5
EPACT,F7G,7,F,G,0.569377990430622,21,11,10,-3.9258263304313368,3.9258263304313368,0.5238095238095238,0.47619047619047616,0.2196452047324763,4.145471535163813,21,P7,non-R5
EPACT,F7H,7,F,H,0.8337950138504155,21,19,2,-2.974637287199781,2.974637287199781,0.9047619047619048,0.09523809523809523,1.170834247964032,4.145471535163813,21,P7,non-R5
EPACT,F7I,7,F,I,0.8614958448753463,21,19,2,-3.2187622947919774,3.2187622947919774,0.9047619047619048,0.09523809523809523,0.9267092403718358,4.145471535163813,21,P7,non-R5
EPACT,F7K,7,F,K,0.47368421052631576,21,12,9,-4.121650548987894,4.121650548987894,0.5714285714285714,0.4285714285714286,0.023820986175918456,4.145471535163813,21,P7,non-R5
EPACT,F7L,7,F,L,0.5029239766081871,21,18,3,-3.382941472902987,3.382941472902987,0.8571428571428571,0.1428571428571429,0.7625300622608258,4.145471535163813,21,P7,non-R5
EPACT,F7N,7,F,N,0.47368421052631576,21,14,7,-3.401643515878927,3.401643515878927,0.6666666666666666,0.33333333333333337,0.7438280192848847,4.145471535163813,21,P7,non-R5
EPACT,F7P,7,F,P,0.5789473684210527,21,15,6,-3.692830237532412,3.692830237532412,0.7142857142857143,0.2857142857142857,0.45264129763140043,4.145471535163813,21,P7,non-R5
EPACT,F7Q,7,F,Q,0.5906432748538012,21,18,3,-3.1857476944026955,3.1857476944026955,0.8571428571428571,0.1428571428571429,0.9597238407611173,4.145471535163813,21,P7,non-R5
EPACT,F7R,7,F,R,0.47368421052631576,21,12,9,-4.1317511361600365,4.1317511361600365,0.5714285714285714,0.4285714285714286,0.01372039900377687,4.145471535163813,21,P7,non-R5
EPACT,F7S,7,F,S,0.5789473684210527,21,15,6,-3.0538810074458382,3.0538810074458382,0.7142857142857143,0.2857142857142857,1.0915905277179743,4.145471535163813,21,P7,non-R5
EPACT,F7T,7,F,T,0.7368421052631579,21,16,5,-3.158669392048917,3.158669392048917,0.7619047619047619,0.23809523809523814,0.9868021431148954,4.145471535163813,21,P7,non-R5
EPACT,F7V,7,F,V,0.8157894736842105,21,20,1,-2.882247712158553,2.882247712158553,0.9523809523809523,0.04761904761904767,1.2632238230052595,4.145471535163813,21,P7,non-R5
EPACT,F7W,7,F,W,0.6904024767801857,21,17,4,-2.9665988383973736,2.9665988383973736,0.8095238095238095,0.19047619047619047,1.1788726967664398,4.145471535163813,21,P7,non-R5
EPACT,L8A,8,L,A,0.7660818713450293,21,18,3,-3.0105910616114793,3.0105910616114793,0.8571428571428571,0.1428571428571429,1.1348804735523335,4.145471535163813,21,P8,non-R5
EPACT,L8C,8,L,C,0.8421052631578947,21,20,1,-1.4826398937231102,1.4826398937231102,0.9523809523809523,0.04761904761904767,2.662831641440703,4.145471535163813,21,P8,non-R5
EPACT,L8D,8,L,D,0.5546558704453441,21,13,8,-4.019274659706137,4.019274659706137,0.6190476190476191,0.38095238095238093,0.12619687545767475,4.145471535163813,21,P8,non-R5
EPACT,L8E,8,L,E,0.8355263157894737,21,16,5,-3.4287066974044906,3.4287066974044906,0.7619047619047619,0.23809523809523814,0.7167648377593222,4.145471535163813,21,P8,non-R5
EPACT,L8F,8,L,F,0.8614958448753463,21,19,2,-1.8546000604116228,1.8546000604116228,0.9047619047619048,0.09523809523809523,2.290871474752189,4.145471535163813,21,P8,non-R5
EPACT,L8G,8,L,G,0.7832817337461301,21,17,4,-3.178088344353855,3.178088344353855,0.8095238095238095,0.19047619047619047,0.9673831908099585,4.145471535163813,21,P8,non-R5
EPACT,L8H,8,L,H,0.8614958448753463,21,19,2,-2.2300097860181203,2.2300097860181203,0.9047619047619048,0.09523809523809523,1.915461749145693,4.145471535163813,21,P8,non-R5
EPACT,L8K,8,L,K,0.556786703601108,21,19,2,-3.563282453148393,3.563282453148393,0.9047619047619048,0.09523809523809523,0.5821890820154193,4.145471535163813,21,P8,non-R5
EPACT,L8N,8,L,N,0.8337950138504155,21,19,2,-2.407547516113828,2.407547516113828,0.9047619047619048,0.09523809523809523,1.7379240190499854,4.145471535163813,21,P8,non-R5
EPACT,L8P,8,L,P,0.7697368421052632,21,16,5,-3.1847402351299547,3.1847402351299547,0.7619047619047619,0.23809523809523814,0.9607313000338586,4.145471535163813,21,P8,non-R5
EPACT,L8Q,8,L,Q,0.8614958448753463,21,19,2,-1.7673604382867143,1.7673604382867143,0.9047619047619048,0.09523809523809523,2.3781110968770984,4.145471535163813,21,P8,non-R5
EPACT,L8R,8,L,R,0.556786703601108,21,19,2,-3.032482667905828,3.032482667905828,0.9047619047619048,0.09523809523809523,1.1129888672579848,4.145471535163813,21,P8,non-R5
EPACT,L8S,8,L,S,0.868421052631579,21,20,1,-2.443215428418519,2.443215428418519,0.9523809523809523,0.04761904761904767,1.7022561067452944,4.145471535163813,21,P8,non-R5
EPACT,L8T,8,L,T,0.868421052631579,21,20,1,-1.3633417879191267,1.3633417879191267,0.9523809523809523,0.04761904761904767,2.782129747244686,4.145471535163813,21,P8,non-R5
EPACT,L8W,8,L,W,0.556786703601108,21,19,2,-2.5987644992025816,2.5987644992025816,0.9047619047619048,0.09523809523809523,1.5467070359612318,4.145471535163813,21,P8,non-R5
EPACT,L8Y,8,L,Y,0.8538011695906433,21,18,3,-2.974465248565496,2.974465248565496,0.8571428571428571,0.1428571428571429,1.1710062865983168,4.145471535163813,21,P8,non-R5
EPACT,L9A,9,L,A,0.47368421052631576,21,18,3,-2.500660399781433,2.500660399781433,0.8571428571428571,0.1428571428571429,1.6448111353823793,4.145471535163813,21,P9,non-R5
EPACT,L9D,9,L,D,0.8761609907120743,21,17,4,-3.106317085000311,3.106317085000311,0.8095238095238095,0.19047619047619047,1.0391544501635015,4.145471535163813,21,P9,non-R5
EPACT,L9F,9,L,F,0.8157894736842105,21,20,1,-2.539974931077295,2.539974931077295,0.9523809523809523,0.04761904761904767,1.6054966040865177,4.145471535163813,21,P9,non-R5
EPACT,L9G,9,L,G,0.47368421052631576,21,17,4,-2.789633723830739,2.789633723830739,0.8095238095238095,0.19047619047619047,1.355837811333074,4.145471535163813,21,P9,non-R5
EPACT,L9R,9,L,R,0.7213622291021672,21,17,4,-3.459781153995743,3.459781153995743,0.8095238095238095,0.19047619047619047,0.6856903811680698,4.145471535163813,21,P9,non-R5
EPACT,L9S,9,L,S,0.47368421052631576,21,18,3,-2.3795565723162517,2.3795565723162517,0.8571428571428571,0.1428571428571429,1.7659149628475617,4.145471535163813,21,P9,non-R5
EPACT,L9W,9,L,W,0.8157894736842105,21,20,1,-3.226049622211491,3.226049622211491,0.9523809523809523,0.04761904761904767,0.9194219129523225,4.145471535163813,21,P9,non-R5
EPACT,L9Y,9,L,Y,0.5723684210526316,21,16,5,-3.6614966381507412,3.6614966381507412,0.7619047619047619,0.23809523809523814,0.48397489701307184,4.145471535163813,21,P9,non-R5
PanPep,L2D,2,L,D,0.6952908587257618,21,19,2,-3.512786014203991,3.512786014203991,0.9047619047619048,0.09523809523809523,0.6326855209598218,4.145471535163813,21,P2,non-R5
PanPep,L2R,2,L,R,0.8761609907120743,21,17,4,-3.7084811415836145,3.7084811415836145,0.8095238095238095,0.19047619047619047,0.4369903935801985,4.145471535163813,21,P2,non-R5
PanPep,L2W,2,L,W,0.8157894736842105,21,20,1,-3.145789955266732,3.145789955266732,0.9523809523809523,0.04761904761904767,0.9996815798970803,4.145471535163813,21,P2,non-R5
PanPep,Q3C,3,Q,C,0.763157894736842,21,20,1,-2.2753923267526823,2.2753923267526823,0.9523809523809523,0.04761904761904767,1.8700792084111308,4.145471535163813,21,P3,non-R5
PanPep,Q3D,3,Q,D,0.4898785425101215,21,13,8,-3.9984814275044895,3.9984814275044895,0.6190476190476191,0.38095238095238093,0.14699010765932335,4.145471535163813,21,P3,non-R5
PanPep,Q3E,3,Q,E,0.6904024767801857,21,17,4,-3.6195073795810324,3.6195073795810324,0.8095238095238095,0.19047619047619047,0.5259641555827804,4.145471535163813,21,P3,non-R5
PanPep,Q3F,3,Q,F,0.5933014354066986,21,11,10,-3.969896643708333,3.969896643708333,0.5238095238095238,0.47619047619047616,0.17557489145547947,4.145471535163813,21,P3,non-R5
PanPep,Q3H,3,Q,H,0.7076023391812866,21,18,3,-3.8413641329636286,3.8413641329636286,0.8571428571428571,0.1428571428571429,0.3041074022001853,4.145471535163813,21,P3,non-R5
PanPep,Q3K,3,Q,K,0.7229916897506925,21,19,2,-3.629642693980698,3.629642693980698,0.9047619047619048,0.09523809523809523,0.5158288411831159,4.145471535163813,21,P3,non-R5
PanPep,Q3L,3,Q,L,0.9168975069252077,21,19,2,-2.9907938363198436,2.9907938363198436,0.9047619047619048,0.09523809523809523,1.1546776988439693,4.145471535163813,21,P3,non-R5
PanPep,Q3N,3,Q,N,0.638157894736842,21,16,5,-3.4553142096753673,3.4553142096753673,0.7619047619047619,0.23809523809523814,0.6901573254884452,4.145471535163813,21,P3,non-R5
PanPep,Q3P,3,Q,P,0.7076023391812866,21,18,3,-3.5460180956702123,3.5460180956702123,0.8571428571428571,0.1428571428571429,0.5994534394936002,4.145471535163813,21,P3,non-R5
PanPep,Q3R,3,Q,R,0.5476973684210527,21,16,5,-3.8734750537760854,3.8734750537760854,0.7619047619047619,0.23809523809523814,0.2719964813877268,4.145471535163813,21,P3,non-R5
PanPep,Q3T,3,Q,T,0.8060941828254847,21,19,2,-3.3184904208104085,3.3184904208104085,0.9047619047619048,0.09523809523809523,0.8269811143534037,4.145471535163813,21,P3,non-R5
PanPep,Q3V,3,Q,V,0.9168975069252077,21,19,2,-2.935175399257961,2.935175399257961,0.9047619047619048,0.09523809523809523,1.2102961359058515,4.145471535163813,21,P3,non-R5
PanPep,Q3W,3,Q,W,0.5543859649122806,21,15,6,-3.9591914665435968,3.9591914665435968,0.7142857142857143,0.2857142857142857,0.18628006862021576,4.145471535163813,21,P3,non-R5
PanPep,Q3Y,3,Q,Y,0.5476973684210527,21,16,5,-3.9762518127010886,3.9762518127010886,0.7619047619047619,0.23809523809523814,0.16921972246272415,4.145471535163813,21,P3,non-R5
PanPep,P4C,4,P,C,0.6783625730994152,21,18,3,-3.160701385577715,3.160701385577715,0.8571428571428571,0.1428571428571429,0.9847701495860974,4.145471535163813,21,P4,non-R5
PanPep,P4D,4,P,D,0.9168975069252077,21,19,2,-3.7777094352921807,3.7777094352921807,0.9047619047619048,0.09523809523809523,0.36776209987163166,4.145471535163813,21,P4,non-R5
PanPep,P4E,4,P,E,0.7213622291021672,21,17,4,-3.5296476268619936,3.5296476268619936,0.8095238095238095,0.19047619047619047,0.6158239083018188,4.145471535163813,21,P4,non-R5
PanPep,P4F,4,P,F,0.7368421052631579,21,18,3,-3.7124933907660034,3.7124933907660034,0.8571428571428571,0.1428571428571429,0.43297814439780924,4.145471535163813,21,P4,non-R5
PanPep,P4H,4,P,H,0.7229916897506925,21,19,2,-2.673637483035744,2.673637483035744,0.9047619047619048,0.09523809523809523,1.4718340521280686,4.145471535163813,21,P4,non-R5
PanPep,P4I,4,P,I,0.7213622291021672,21,17,4,-3.4770534039534717,3.4770534039534717,0.8095238095238095,0.19047619047619047,0.6684181312103404,4.145471535163813,21,P4,non-R5
PanPep,P4K,4,P,K,0.6240601503759399,21,14,7,-3.893210117440949,3.893210117440949,0.6666666666666666,0.33333333333333337,0.2522614177228646,4.145471535163813,21,P4,non-R5
PanPep,P4L,4,P,L,0.7368421052631579,21,18,3,-3.8282562275505834,3.8282562275505834,0.8571428571428571,0.1428571428571429,0.31721530761322886,4.145471535163813,21,P4,non-R5
PanPep,P4M,4,P,M,0.7697368421052632,21,16,5,-3.358864930534401,3.358864930534401,0.7619047619047619,0.23809523809523814,0.786606604629412,4.145471535163813,21,P4,non-R5
PanPep,P4N,4,P,N,0.6842105263157895,21,20,1,-3.0642225395539517,3.0642225395539517,0.9523809523809523,0.04761904761904767,1.081248995609861,4.145471535163813,21,P4,non-R5
PanPep,P4Q,4,P,Q,0.7523219814241486,21,17,4,-2.692403826929383,2.692403826929383,0.8095238095238095,0.19047619047619047,1.45306770823443,4.145471535163813,21,P4,non-R5
PanPep,P4R,4,P,R,0.6783625730994152,21,18,3,-3.4375064394076396,3.4375064394076396,0.8571428571428571,0.1428571428571429,0.7079650957561732,4.145471535163813,21,P4,non-R5
PanPep,P4S,4,P,S,0.6842105263157895,21,20,1,-2.7008827080294187,2.7008827080294187,0.9523809523809523,0.04761904761904767,1.4445888271343943,4.145471535163813,21,P4,non-R5
PanPep,P4T,4,P,T,0.6616541353383458,21,14,7,-3.4375396657783077,3.4375396657783077,0.6666666666666666,0.33333333333333337,0.7079318693855052,4.145471535163813,21,P4,non-R5
PanPep,P4V,4,P,V,0.7213622291021672,21,17,4,-3.697780088418393,3.697780088418393,0.8095238095238095,0.19047619047619047,0.44769144674541944,4.145471535163813,21,P4,non-R5
PanPep,P4W,4,P,W,0.868421052631579,21,20,1,-3.002547261825028,3.002547261825028,0.9523809523809523,0.04761904761904767,1.1429242733387848,4.145471535163813,21,P4,non-R5
PanPep,P4Y,4,P,Y,0.7523219814241486,21,17,4,-3.900733454621152,3.900733454621152,0.8095238095238095,0.19047619047619047,0.24473808054266036,4.145471535163813,21,P4,non-R5
PanPep,R5A,5,R,A,0.5244360902255639,21,14,7,-3.9862401823770135,3.9862401823770135,0.6666666666666666,0.33333333333333337,0.15923135278679967,4.145471535163813,21,P5,R5
PanPep,R5C,5,R,C,0.569377990430622,21,11,10,-4.0258428624928895,4.0258428624928895,0.5238095238095238,0.47619047619047616,0.1196286726709235,4.145471535163813,21,P5,R5
PanPep,R5D,5,R,D,0.6076555023923444,21,10,11,-4.169190874571867,4.169190874571867,0.47619047619047616,0.5238095238095238,-0.023719339408054468,4.145471535163813,21,P5,R5
PanPep,R5E,5,R,E,0.5543859649122806,21,15,6,-4.064428742892594,4.064428742892594,0.7142857142857143,0.2857142857142857,0.08104279227121902,4.145471535163813,21,P5,R5
PanPep,R5F,5,R,F,0.47368421052631576,21,11,10,-3.9905648057039724,3.9905648057039724,0.5238095238095238,0.47619047619047616,0.1549067294598395,4.145471535163813,21,P5,R5
PanPep,R5G,5,R,G,0.47368421052631576,21,12,9,-4.096260434122478,4.096260434122478,0.5714285714285714,0.4285714285714286,0.049211101041333846,4.145471535163813,21,P5,R5
PanPep,R5H,5,R,H,0.5244360902255639,21,14,7,-4.056120074072591,4.056120074072591,0.6666666666666666,0.33333333333333337,0.08935146109122186,4.145471535163813,21,P5,R5
PanPep,R5I,5,R,I,0.5321637426900585,21,9,12,-4.816045917171094,4.816045917171094,0.42857142857142855,0.5714285714285714,-0.6705743820072806,4.145471535163813,21,P5,R5
PanPep,R5K,5,R,K,0.47368421052631576,21,13,8,-3.920417288566487,3.920417288566487,0.6190476190476191,0.38095238095238093,0.22505424659732576,4.145471535163813,21,P5,R5
PanPep,R5L,5,R,L,0.47870813397129186,21,10,11,-4.146123746477146,4.146123746477146,0.47619047619047616,0.5238095238095238,-0.0006522113133329196,4.145471535163813,21,P5,R5
PanPep,R5M,5,R,M,0.47368421052631576,21,8,13,-4.090033893976655,4.090033893976655,0.38095238095238093,0.6190476190476191,0.05543764118715774,4.145471535163813,21,P5,R5
PanPep,R5N,5,R,N,0.5303643724696356,21,13,8,-4.0864686208859,4.0864686208859,0.6190476190476191,0.38095238095238093,0.05900291427791291,4.145471535163813,21,P5,R5
PanPep,R5P,5,R,P,0.47368421052631576,21,13,8,-4.085874156789295,4.085874156789295,0.6190476190476191,0.38095238095238093,0.059597378374518666,4.145471535163813,21,P5,R5
PanPep,R5Q,5,R,Q,0.5543859649122806,21,15,6,-4.049717437110483,4.049717437110483,0.7142857142857143,0.2857142857142857,0.09575409805333016,4.145471535163813,21,P5,R5
PanPep,R5S,5,R,S,0.4739234449760765,21,10,11,-3.981859332687196,3.981859332687196,0.47619047619047616,0.5238095238095238,0.16361220247661712,4.145471535163813,21,P5,R5
PanPep,R5T,5,R,T,0.47368421052631576,21,12,9,-4.068637534772608,4.068637534772608,0.5714285714285714,0.4285714285714286,0.07683400039120428,4.145471535163813,21,P5,R5
PanPep,R5V,5,R,V,0.47368421052631576,21,13,8,-4.082032776621783,4.082032776621783,0.6190476190476191,0.38095238095238093,0.06343875854203053,4.145471535163813,21,P5,R5
PanPep,R5W,5,R,W,0.47368421052631576,21,12,9,-4.038140476703542,4.038140476703542,0.5714285714285714,0.4285714285714286,0.10733105846027086,4.145471535163813,21,P5,R5
PanPep,R5Y,5,R,Y,0.47368421052631576,21,12,9,-4.027849790021531,4.027849790021531,0.5714285714285714,0.4285714285714286,0.11762174514228178,4.145471535163813,21,P5,R5
PanPep,T6A,6,T,A,0.47368421052631576,21,18,3,-3.1453020979434663,3.1453020979434663,0.8571428571428571,0.1428571428571429,1.000169437220347,4.145471535163813,21,P6,non-R5
PanPep,T6C,6,T,C,0.47368421052631576,21,19,2,-2.425014147604694,2.425014147604694,0.9047619047619048,0.09523809523809523,1.7204573875591185,4.145471535163813,21,P6,non-R5
PanPep,T6D,6,T,D,0.47368421052631576,21,12,9,-3.9610118284897116,3.9610118284897116,0.5714285714285714,0.4285714285714286,0.18445970667410216,4.145471535163813,21,P6,non-R5
PanPep,T6E,6,T,E,0.47368421052631576,21,14,7,-4.0823481498798095,4.0823481498798095,0.6666666666666666,0.33333333333333337,0.06312338528400277,4.145471535163813,21,P6,non-R5
PanPep,T6F,6,T,F,0.47368421052631576,21,13,8,-3.894610942232536,3.894610942232536,0.6190476190476191,0.38095238095238093,0.25086059293127655,4.145471535163813,21,P6,non-R5
PanPep,T6G,6,T,G,0.5041551246537396,21,19,2,-2.6898123479315297,2.6898123479315297,0.9047619047619048,0.09523809523809523,1.4556591872322835,4.145471535163813,21,P6,non-R5
PanPep,T6H,6,T,H,0.47368421052631576,21,12,9,-3.7506124096734745,3.7506124096734745,0.5714285714285714,0.4285714285714286,0.3948591254903381,4.145471535163813,21,P6,non-R5
PanPep,T6I,6,T,I,0.47368421052631576,21,17,4,-3.1320628684324587,3.1320628684324587,0.8095238095238095,0.19047619047619047,1.0134086667313544,4.145471535163813,21,P6,non-R5
PanPep,T6K,6,T,K,0.47368421052631576,21,12,9,-4.077047044197654,4.077047044197654,0.5714285714285714,0.4285714285714286,0.06842449096615992,4.145471535163813,21,P6,non-R5
PanPep,T6L,6,T,L,0.47368421052631576,21,17,4,-3.3330387594393778,3.3330387594393778,0.8095238095238095,0.19047619047619047,0.8124327757244357,4.145471535163813,21,P6,non-R5
PanPep,T6M,6,T,M,0.47368421052631576,21,17,4,-3.6739169317196607,3.6739169317196607,0.8095238095238095,0.19047619047619047,0.47155460344415223,4.145471535163813,21,P6,non-R5
PanPep,T6N,6,T,N,0.8157894736842105,21,20,1,-2.912544956475058,2.912544956475058,0.9523809523809523,0.04761904761904767,1.2329265786887553,4.145471535163813,21,P6,non-R5
PanPep,T6P,6,T,P,0.47368421052631576,21,11,10,-4.09158703890258,4.09158703890258,0.5238095238095238,0.47619047619047616,0.05388449626123251,4.145471535163813,21,P6,non-R5
PanPep,T6Q,6,T,Q,0.47368421052631576,21,16,5,-3.8730619664039625,3.8730619664039625,0.7619047619047619,0.23809523809523814,0.2724095687598502,4.145471535163813,21,P6,non-R5
PanPep,T6R,6,T,R,0.47368421052631576,21,15,6,-3.939946257531636,3.939946257531636,0.7142857142857143,0.2857142857142857,0.20552527763217596,4.145471535163813,21,P6,non-R5
PanPep,T6S,6,T,S,0.6121883656509695,21,19,2,-3.1771188688244028,3.1771188688244028,0.9047619047619048,0.09523809523809523,0.9683526663394108,4.145471535163813,21,P6,non-R5
PanPep,T6V,6,T,V,0.47368421052631576,21,18,3,-2.7077003343451804,2.7077003343451804,0.8571428571428571,0.1428571428571429,1.4377712008186325,4.145471535163813,21,P6,non-R5
PanPep,T6W,6,T,W,0.47368421052631576,21,13,8,-3.961763811884335,3.961763811884335,0.6190476190476191,0.38095238095238093,0.18370772327947807,4.145471535163813,21,P6,non-R5
PanPep,T6Y,6,T,Y,0.47368421052631576,21,11,10,-3.8851958818627614,3.8851958818627614,0.5238095238095238,0.47619047619047616,0.26027565330105223,4.145471535163813,21,P6,non-R5
PanPep,F7A,7,F,A,0.47368421052631576,21,13,8,-3.842245895428418,3.842245895428418,0.6190476190476191,0.38095238095238093,0.30322563973539396,4.145471535163813,21,P7,non-R5
PanPep,F7C,7,F,C,0.8947368421052633,21,20,1,-2.584261048485574,2.584261048485574,0.9523809523809523,0.04761904761904767,1.561210486678239,4.145471535163813,21,P7,non-R5
PanPep,F7D,7,F,D,0.47368421052631576,21,11,10,-4.088514941129576,4.088514941129576,0.5238095238095238,0.47619047619047616,0.05695659403423692,4.145471535163813,21,P7,non-R5
PanPep,F7E,7,F,E,0.47368421052631576,21,14,7,-4.076998441620946,4.076998441620946,0.6666666666666666,0.33333333333333337,0.06847309354286747,4.145471535163813,21,P7,non-R5
PanPep,F7G,7,F,G,0.47368421052631576,21,11,10,-3.9258263304313368,3.9258263304313368,0.5238095238095238,0.47619047619047616,0.2196452047324763,4.145471535163813,21,P7,non-R5
PanPep,F7H,7,F,H,0.8337950138504155,21,19,2,-2.974637287199781,2.974637287199781,0.9047619047619048,0.09523809523809523,1.170834247964032,4.145471535163813,21,P7,non-R5
PanPep,F7I,7,F,I,0.8337950138504155,21,19,2,-3.2187622947919774,3.2187622947919774,0.9047619047619048,0.09523809523809523,0.9267092403718358,4.145471535163813,21,P7,non-R5
PanPep,F7K,7,F,K,0.47368421052631576,21,12,9,-4.121650548987894,4.121650548987894,0.5714285714285714,0.4285714285714286,0.023820986175918456,4.145471535163813,21,P7,non-R5
PanPep,F7L,7,F,L,0.6198830409356725,21,18,3,-3.382941472902987,3.382941472902987,0.8571428571428571,0.1428571428571429,0.7625300622608258,4.145471535163813,21,P7,non-R5
PanPep,F7N,7,F,N,0.47368421052631576,21,14,7,-3.401643515878927,3.401643515878927,0.6666666666666666,0.33333333333333337,0.7438280192848847,4.145471535163813,21,P7,non-R5
PanPep,F7P,7,F,P,0.47368421052631576,21,15,6,-3.692830237532412,3.692830237532412,0.7142857142857143,0.2857142857142857,0.45264129763140043,4.145471535163813,21,P7,non-R5
PanPep,F7Q,7,F,Q,0.8538011695906433,21,18,3,-3.1857476944026955,3.1857476944026955,0.8571428571428571,0.1428571428571429,0.9597238407611173,4.145471535163813,21,P7,non-R5
PanPep,F7R,7,F,R,0.47368421052631576,21,12,9,-4.1317511361600365,4.1317511361600365,0.5714285714285714,0.4285714285714286,0.01372039900377687,4.145471535163813,21,P7,non-R5
PanPep,F7S,7,F,S,0.47368421052631576,21,15,6,-3.0538810074458382,3.0538810074458382,0.7142857142857143,0.2857142857142857,1.0915905277179743,4.145471535163813,21,P7,non-R5
PanPep,F7T,7,F,T,0.47368421052631576,21,16,5,-3.158669392048917,3.158669392048917,0.7619047619047619,0.23809523809523814,0.9868021431148954,4.145471535163813,21,P7,non-R5
PanPep,F7V,7,F,V,0.8157894736842105,21,20,1,-2.882247712158553,2.882247712158553,0.9523809523809523,0.04761904761904767,1.2632238230052595,4.145471535163813,21,P7,non-R5
PanPep,F7W,7,F,W,0.47368421052631576,21,17,4,-2.9665988383973736,2.9665988383973736,0.8095238095238095,0.19047619047619047,1.1788726967664398,4.145471535163813,21,P7,non-R5
PanPep,L8A,8,L,A,0.47368421052631576,21,18,3,-3.0105910616114793,3.0105910616114793,0.8571428571428571,0.1428571428571429,1.1348804735523335,4.145471535163813,21,P8,non-R5
PanPep,L8C,8,L,C,0.8157894736842105,21,20,1,-1.4826398937231102,1.4826398937231102,0.9523809523809523,0.04761904761904767,2.662831641440703,4.145471535163813,21,P8,non-R5
PanPep,L8D,8,L,D,0.47368421052631576,21,13,8,-4.019274659706137,4.019274659706137,0.6190476190476191,0.38095238095238093,0.12619687545767475,4.145471535163813,21,P8,non-R5
PanPep,L8E,8,L,E,0.47368421052631576,21,16,5,-3.4287066974044906,3.4287066974044906,0.7619047619047619,0.23809523809523814,0.7167648377593222,4.145471535163813,21,P8,non-R5
PanPep,L8F,8,L,F,0.7783933518005541,21,19,2,-1.8546000604116228,1.8546000604116228,0.9047619047619048,0.09523809523809523,2.290871474752189,4.145471535163813,21,P8,non-R5
PanPep,L8G,8,L,G,0.47368421052631576,21,17,4,-3.178088344353855,3.178088344353855,0.8095238095238095,0.19047619047619047,0.9673831908099585,4.145471535163813,21,P8,non-R5
PanPep,L8H,8,L,H,0.7783933518005541,21,19,2,-2.2300097860181203,2.2300097860181203,0.9047619047619048,0.09523809523809523,1.915461749145693,4.145471535163813,21,P8,non-R5
PanPep,L8K,8,L,K,0.5041551246537396,21,19,2,-3.563282453148393,3.563282453148393,0.9047619047619048,0.09523809523809523,0.5821890820154193,4.145471535163813,21,P8,non-R5
PanPep,L8N,8,L,N,0.8337950138504155,21,19,2,-2.407547516113828,2.407547516113828,0.9047619047619048,0.09523809523809523,1.7379240190499854,4.145471535163813,21,P8,non-R5
PanPep,L8P,8,L,P,0.47368421052631576,21,16,5,-3.1847402351299547,3.1847402351299547,0.7619047619047619,0.23809523809523814,0.9607313000338586,4.145471535163813,21,P8,non-R5
PanPep,L8Q,8,L,Q,0.7783933518005541,21,19,2,-1.7673604382867143,1.7673604382867143,0.9047619047619048,0.09523809523809523,2.3781110968770984,4.145471535163813,21,P8,non-R5
PanPep,L8R,8,L,R,0.5041551246537396,21,19,2,-3.032482667905828,3.032482667905828,0.9047619047619048,0.09523809523809523,1.1129888672579848,4.145471535163813,21,P8,non-R5
PanPep,L8S,8,L,S,0.8157894736842105,21,20,1,-2.443215428418519,2.443215428418519,0.9523809523809523,0.04761904761904767,1.7022561067452944,4.145471535163813,21,P8,non-R5
PanPep,L8T,8,L,T,0.8157894736842105,21,20,1,-1.3633417879191267,1.3633417879191267,0.9523809523809523,0.04761904761904767,2.782129747244686,4.145471535163813,21,P8,non-R5
PanPep,L8W,8,L,W,0.5041551246537396,21,19,2,-2.5987644992025816,2.5987644992025816,0.9047619047619048,0.09523809523809523,1.5467070359612318,4.145471535163813,21,P8,non-R5
PanPep,L8Y,8,L,Y,0.7953216374269005,21,18,3,-2.974465248565496,2.974465248565496,0.8571428571428571,0.1428571428571429,1.1710062865983168,4.145471535163813,21,P8,non-R5
PanPep,L9A,9,L,A,0.6783625730994152,21,18,3,-2.500660399781433,2.500660399781433,0.8571428571428571,0.1428571428571429,1.6448111353823793,4.145471535163813,21,P9,non-R5
PanPep,L9D,9,L,D,0.6904024767801857,21,17,4,-3.106317085000311,3.106317085000311,0.8095238095238095,0.19047619047619047,1.0391544501635015,4.145471535163813,21,P9,non-R5
PanPep,L9F,9,L,F,0.9473684210526316,21,20,1,-2.539974931077295,2.539974931077295,0.9523809523809523,0.04761904761904767,1.6054966040865177,4.145471535163813,21,P9,non-R5
PanPep,L9G,9,L,G,0.6904024767801857,21,17,4,-2.789633723830739,2.789633723830739,0.8095238095238095,0.19047619047619047,1.355837811333074,4.145471535163813,21,P9,non-R5
PanPep,L9R,9,L,R,0.8761609907120743,21,17,4,-3.459781153995743,3.459781153995743,0.8095238095238095,0.19047619047619047,0.6856903811680698,4.145471535163813,21,P9,non-R5
PanPep,L9S,9,L,S,0.6783625730994152,21,18,3,-2.3795565723162517,2.3795565723162517,0.8571428571428571,0.1428571428571429,1.7659149628475617,4.145471535163813,21,P9,non-R5
PanPep,L9W,9,L,W,0.9473684210526316,21,20,1,-3.226049622211491,3.226049622211491,0.9523809523809523,0.04761904761904767,0.9194219129523225,4.145471535163813,21,P9,non-R5
PanPep,L9Y,9,L,Y,0.5148026315789473,21,16,5,-3.6614966381507412,3.6614966381507412,0.7619047619047619,0.23809523809523814,0.48397489701307184,4.145471535163813,21,P9,non-R5
TITAN,L2D,2,L,D,0.5844875346260388,21,19,2,-3.512786014203991,3.512786014203991,0.9047619047619048,0.09523809523809523,0.6326855209598218,4.145471535163813,21,P2,non-R5
TITAN,L2R,2,L,R,0.6904024767801857,21,17,4,-3.7084811415836145,3.7084811415836145,0.8095238095238095,0.19047619047619047,0.4369903935801985,4.145471535163813,21,P2,non-R5
TITAN,L2W,2,L,W,0.6842105263157895,21,20,1,-3.145789955266732,3.145789955266732,0.9523809523809523,0.04761904761904767,0.9996815798970803,4.145471535163813,21,P2,non-R5
TITAN,Q3C,3,Q,C,0.6842105263157895,21,20,1,-2.2753923267526823,2.2753923267526823,0.9523809523809523,0.04761904761904767,1.8700792084111308,4.145471535163813,21,P3,non-R5
TITAN,Q3D,3,Q,D,0.5546558704453441,21,13,8,-3.9984814275044895,3.9984814275044895,0.6190476190476191,0.38095238095238093,0.14699010765932335,4.145471535163813,21,P3,non-R5
TITAN,Q3E,3,Q,E,0.5975232198142415,21,17,4,-3.6195073795810324,3.6195073795810324,0.8095238095238095,0.19047619047619047,0.5259641555827804,4.145471535163813,21,P3,non-R5
TITAN,Q3F,3,Q,F,0.6172248803827751,21,11,10,-3.969896643708333,3.969896643708333,0.5238095238095238,0.47619047619047616,0.17557489145547947,4.145471535163813,21,P3,non-R5
TITAN,Q3H,3,Q,H,0.5614035087719298,21,18,3,-3.8413641329636286,3.8413641329636286,0.8571428571428571,0.1428571428571429,0.3041074022001853,4.145471535163813,21,P3,non-R5
TITAN,Q3K,3,Q,K,0.556786703601108,21,19,2,-3.629642693980698,3.629642693980698,0.9047619047619048,0.09523809523809523,0.5158288411831159,4.145471535163813,21,P3,non-R5
TITAN,Q3L,3,Q,L,0.8337950138504155,21,19,2,-2.9907938363198436,2.9907938363198436,0.9047619047619048,0.09523809523809523,1.1546776988439693,4.145471535163813,21,P3,non-R5
TITAN,Q3N,3,Q,N,0.506578947368421,21,16,5,-3.4553142096753673,3.4553142096753673,0.7619047619047619,0.23809523809523814,0.6901573254884452,4.145471535163813,21,P3,non-R5
TITAN,Q3P,3,Q,P,0.5614035087719298,21,18,3,-3.5460180956702123,3.5460180956702123,0.8571428571428571,0.1428571428571429,0.5994534394936002,4.145471535163813,21,P3,non-R5
TITAN,Q3R,3,Q,R,0.5723684210526316,21,16,5,-3.8734750537760854,3.8734750537760854,0.7619047619047619,0.23809523809523814,0.2719964813877268,4.145471535163813,21,P3,non-R5
TITAN,Q3T,3,Q,T,0.6121883656509695,21,19,2,-3.3184904208104085,3.3184904208104085,0.9047619047619048,0.09523809523809523,0.8269811143534037,4.145471535163813,21,P3,non-R5
TITAN,Q3V,3,Q,V,0.7506925207756232,21,19,2,-2.935175399257961,2.935175399257961,0.9047619047619048,0.09523809523809523,1.2102961359058515,4.145471535163813,21,P3,non-R5
TITAN,Q3W,3,Q,W,0.543859649122807,21,15,6,-3.9591914665435968,3.9591914665435968,0.7142857142857143,0.2857142857142857,0.18628006862021576,4.145471535163813,21,P3,non-R5
TITAN,Q3Y,3,Q,Y,0.5723684210526316,21,16,5,-3.9762518127010886,3.9762518127010886,0.7619047619047619,0.23809523809523814,0.16921972246272415,4.145471535163813,21,P3,non-R5
TITAN,P4C,4,P,C,0.5321637426900585,21,18,3,-3.160701385577715,3.160701385577715,0.8571428571428571,0.1428571428571429,0.9847701495860974,4.145471535163813,21,P4,non-R5
TITAN,P4D,4,P,D,0.8337950138504155,21,19,2,-3.7777094352921807,3.7777094352921807,0.9047619047619048,0.09523809523809523,0.36776209987163166,4.145471535163813,21,P4,non-R5
TITAN,P4E,4,P,E,0.5975232198142415,21,17,4,-3.5296476268619936,3.5296476268619936,0.8095238095238095,0.19047619047619047,0.6158239083018188,4.145471535163813,21,P4,non-R5
TITAN,P4F,4,P,F,0.5906432748538012,21,18,3,-3.7124933907660034,3.7124933907660034,0.8571428571428571,0.1428571428571429,0.43297814439780924,4.145471535163813,21,P4,non-R5
TITAN,P4H,4,P,H,0.556786703601108,21,19,2,-2.673637483035744,2.673637483035744,0.9047619047619048,0.09523809523809523,1.4718340521280686,4.145471535163813,21,P4,non-R5
TITAN,P4I,4,P,I,0.5975232198142415,21,17,4,-3.4770534039534717,3.4770534039534717,0.8095238095238095,0.19047619047619047,0.6684181312103404,4.145471535163813,21,P4,non-R5
TITAN,P4K,4,P,K,0.5864661654135338,21,14,7,-3.893210117440949,3.893210117440949,0.6666666666666666,0.33333333333333337,0.2522614177228646,4.145471535163813,21,P4,non-R5
TITAN,P4L,4,P,L,0.5906432748538012,21,18,3,-3.8282562275505834,3.8282562275505834,0.8571428571428571,0.1428571428571429,0.31721530761322886,4.145471535163813,21,P4,non-R5
TITAN,P4M,4,P,M,0.6052631578947368,21,16,5,-3.358864930534401,3.358864930534401,0.7619047619047619,0.23809523809523814,0.786606604629412,4.145471535163813,21,P4,non-R5
TITAN,P4N,4,P,N,0.5789473684210527,21,20,1,-3.0642225395539517,3.0642225395539517,0.9523809523809523,0.04761904761904767,1.081248995609861,4.145471535163813,21,P4,non-R5
TITAN,P4Q,4,P,Q,0.5975232198142415,21,17,4,-2.692403826929383,2.692403826929383,0.8095238095238095,0.19047619047619047,1.45306770823443,4.145471535163813,21,P4,non-R5
TITAN,P4R,4,P,R,0.5614035087719298,21,18,3,-3.4375064394076396,3.4375064394076396,0.8571428571428571,0.1428571428571429,0.7079650957561732,4.145471535163813,21,P4,non-R5
TITAN,P4S,4,P,S,0.5789473684210527,21,20,1,-2.7008827080294187,2.7008827080294187,0.9523809523809523,0.04761904761904767,1.4445888271343943,4.145471535163813,21,P4,non-R5
TITAN,P4T,4,P,T,0.5864661654135338,21,14,7,-3.4375396657783077,3.4375396657783077,0.6666666666666666,0.33333333333333337,0.7079318693855052,4.145471535163813,21,P4,non-R5
TITAN,P4V,4,P,V,0.5975232198142415,21,17,4,-3.697780088418393,3.697780088418393,0.8095238095238095,0.19047619047619047,0.44769144674541944,4.145471535163813,21,P4,non-R5
TITAN,P4W,4,P,W,0.6842105263157895,21,20,1,-3.002547261825028,3.002547261825028,0.9523809523809523,0.04761904761904767,1.1429242733387848,4.145471535163813,21,P4,non-R5
TITAN,P4Y,4,P,Y,0.5356037151702786,21,17,4,-3.900733454621152,3.900733454621152,0.8095238095238095,0.19047619047619047,0.24473808054266036,4.145471535163813,21,P4,non-R5
TITAN,R5A,5,R,A,0.6240601503759399,21,14,7,-3.9862401823770135,3.9862401823770135,0.6666666666666666,0.33333333333333337,0.15923135278679967,4.145471535163813,21,P5,R5
TITAN,R5C,5,R,C,0.569377990430622,21,11,10,-4.0258428624928895,4.0258428624928895,0.5238095238095238,0.47619047619047616,0.1196286726709235,4.145471535163813,21,P5,R5
TITAN,R5D,5,R,D,0.583732057416268,21,10,11,-4.169190874571867,4.169190874571867,0.47619047619047616,0.5238095238095238,-0.023719339408054468,4.145471535163813,21,P5,R5
TITAN,R5E,5,R,E,0.6140350877192983,21,15,6,-4.064428742892594,4.064428742892594,0.7142857142857143,0.2857142857142857,0.08104279227121902,4.145471535163813,21,P5,R5
TITAN,R5F,5,R,F,0.6172248803827751,21,11,10,-3.9905648057039724,3.9905648057039724,0.5238095238095238,0.47619047619047616,0.1549067294598395,4.145471535163813,21,P5,R5
TITAN,R5G,5,R,G,0.6491228070175439,21,12,9,-4.096260434122478,4.096260434122478,0.5714285714285714,0.4285714285714286,0.049211101041333846,4.145471535163813,21,P5,R5
TITAN,R5H,5,R,H,0.6240601503759399,21,14,7,-4.056120074072591,4.056120074072591,0.6666666666666666,0.33333333333333337,0.08935146109122186,4.145471535163813,21,P5,R5
TITAN,R5I,5,R,I,0.6491228070175439,21,9,12,-4.816045917171094,4.816045917171094,0.42857142857142855,0.5714285714285714,-0.6705743820072806,4.145471535163813,21,P5,R5
TITAN,R5K,5,R,K,0.47368421052631576,21,13,8,-3.920417288566487,3.920417288566487,0.6190476190476191,0.38095238095238093,0.22505424659732576,4.145471535163813,21,P5,R5
TITAN,R5L,5,R,L,0.5358851674641149,21,10,11,-4.146123746477146,4.146123746477146,0.47619047619047616,0.5238095238095238,-0.0006522113133329196,4.145471535163813,21,P5,R5
TITAN,R5M,5,R,M,0.6052631578947368,21,8,13,-4.090033893976655,4.090033893976655,0.38095238095238093,0.6190476190476191,0.05543764118715774,4.145471535163813,21,P5,R5
TITAN,R5N,5,R,N,0.5546558704453441,21,13,8,-4.0864686208859,4.0864686208859,0.6190476190476191,0.38095238095238093,0.05900291427791291,4.145471535163813,21,P5,R5
TITAN,R5P,5,R,P,0.5141700404858299,21,13,8,-4.085874156789295,4.085874156789295,0.6190476190476191,0.38095238095238093,0.059597378374518666,4.145471535163813,21,P5,R5
TITAN,R5Q,5,R,Q,0.6140350877192983,21,15,6,-4.049717437110483,4.049717437110483,0.7142857142857143,0.2857142857142857,0.09575409805333016,4.145471535163813,21,P5,R5
TITAN,R5S,5,R,S,0.583732057416268,21,10,11,-3.981859332687196,3.981859332687196,0.47619047619047616,0.5238095238095238,0.16361220247661712,4.145471535163813,21,P5,R5
TITAN,R5T,5,R,T,0.5614035087719298,21,12,9,-4.068637534772608,4.068637534772608,0.5714285714285714,0.4285714285714286,0.07683400039120428,4.145471535163813,21,P5,R5
TITAN,R5V,5,R,V,0.6761133603238867,21,13,8,-4.082032776621783,4.082032776621783,0.6190476190476191,0.38095238095238093,0.06343875854203053,4.145471535163813,21,P5,R5
TITAN,R5W,5,R,W,0.6052631578947368,21,12,9,-4.038140476703542,4.038140476703542,0.5714285714285714,0.4285714285714286,0.10733105846027086,4.145471535163813,21,P5,R5
TITAN,R5Y,5,R,Y,0.5175438596491228,21,12,9,-4.027849790021531,4.027849790021531,0.5714285714285714,0.4285714285714286,0.11762174514228178,4.145471535163813,21,P5,R5
TITAN,T6A,6,T,A,0.6198830409356725,21,18,3,-3.1453020979434663,3.1453020979434663,0.8571428571428571,0.1428571428571429,1.000169437220347,4.145471535163813,21,P6,non-R5
TITAN,T6C,6,T,C,0.6121883656509695,21,19,2,-2.425014147604694,2.425014147604694,0.9047619047619048,0.09523809523809523,1.7204573875591185,4.145471535163813,21,P6,non-R5
TITAN,T6D,6,T,D,0.6491228070175439,21,12,9,-3.9610118284897116,3.9610118284897116,0.5714285714285714,0.4285714285714286,0.18445970667410216,4.145471535163813,21,P6,non-R5
TITAN,T6E,6,T,E,0.6240601503759399,21,14,7,-4.0823481498798095,4.0823481498798095,0.6666666666666666,0.33333333333333337,0.06312338528400277,4.145471535163813,21,P6,non-R5
TITAN,T6F,6,T,F,0.5951417004048583,21,13,8,-3.894610942232536,3.894610942232536,0.6190476190476191,0.38095238095238093,0.25086059293127655,4.145471535163813,21,P6,non-R5
TITAN,T6G,6,T,G,0.7229916897506925,21,19,2,-2.6898123479315297,2.6898123479315297,0.9047619047619048,0.09523809523809523,1.4556591872322835,4.145471535163813,21,P6,non-R5
TITAN,T6H,6,T,H,0.47368421052631576,21,12,9,-3.7506124096734745,3.7506124096734745,0.5714285714285714,0.4285714285714286,0.3948591254903381,4.145471535163813,21,P6,non-R5
TITAN,T6I,6,T,I,0.628482972136223,21,17,4,-3.1320628684324587,3.1320628684324587,0.8095238095238095,0.19047619047619047,1.0134086667313544,4.145471535163813,21,P6,non-R5
TITAN,T6K,6,T,K,0.6929824561403508,21,12,9,-4.077047044197654,4.077047044197654,0.5714285714285714,0.4285714285714286,0.06842449096615992,4.145471535163813,21,P6,non-R5
TITAN,T6L,6,T,L,0.628482972136223,21,17,4,-3.3330387594393778,3.3330387594393778,0.8095238095238095,0.19047619047619047,0.8124327757244357,4.145471535163813,21,P6,non-R5
TITAN,T6M,6,T,M,0.6594427244582044,21,17,4,-3.6739169317196607,3.6739169317196607,0.8095238095238095,0.19047619047619047,0.47155460344415223,4.145471535163813,21,P6,non-R5
TITAN,T6N,6,T,N,0.7105263157894737,21,20,1,-2.912544956475058,2.912544956475058,0.9523809523809523,0.04761904761904767,1.2329265786887553,4.145471535163813,21,P6,non-R5
TITAN,T6P,6,T,P,0.47368421052631576,21,11,10,-4.09158703890258,4.09158703890258,0.5238095238095238,0.47619047619047616,0.05388449626123251,4.145471535163813,21,P6,non-R5
TITAN,T6Q,6,T,Q,0.638157894736842,21,16,5,-3.8730619664039625,3.8730619664039625,0.7619047619047619,0.23809523809523814,0.2724095687598502,4.145471535163813,21,P6,non-R5
TITAN,T6R,6,T,R,0.6491228070175439,21,15,6,-3.939946257531636,3.939946257531636,0.7142857142857143,0.2857142857142857,0.20552527763217596,4.145471535163813,21,P6,non-R5
TITAN,T6S,6,T,S,0.7229916897506925,21,19,2,-3.1771188688244028,3.1771188688244028,0.9047619047619048,0.09523809523809523,0.9683526663394108,4.145471535163813,21,P6,non-R5
TITAN,T6V,6,T,V,0.6198830409356725,21,18,3,-2.7077003343451804,2.7077003343451804,0.8571428571428571,0.1428571428571429,1.4377712008186325,4.145471535163813,21,P6,non-R5
TITAN,T6W,6,T,W,0.47368421052631576,21,13,8,-3.961763811884335,3.961763811884335,0.6190476190476191,0.38095238095238093,0.18370772327947807,4.145471535163813,21,P6,non-R5
TITAN,T6Y,6,T,Y,0.5215311004784688,21,11,10,-3.8851958818627614,3.8851958818627614,0.5238095238095238,0.47619047619047616,0.26027565330105223,4.145471535163813,21,P6,non-R5
TITAN,F7A,7,F,A,0.5141700404858299,21,13,8,-3.842245895428418,3.842245895428418,0.6190476190476191,0.38095238095238093,0.30322563973539396,4.145471535163813,21,P7,non-R5
TITAN,F7C,7,F,C,0.8157894736842105,21,20,1,-2.584261048485574,2.584261048485574,0.9523809523809523,0.04761904761904767,1.561210486678239,4.145471535163813,21,P7,non-R5
TITAN,F7D,7,F,D,0.47368421052631576,21,11,10,-4.088514941129576,4.088514941129576,0.5238095238095238,0.47619047619047616,0.05695659403423692,4.145471535163813,21,P7,non-R5
TITAN,F7E,7,F,E,0.6616541353383458,21,14,7,-4.076998441620946,4.076998441620946,0.6666666666666666,0.33333333333333337,0.06847309354286747,4.145471535163813,21,P7,non-R5
TITAN,F7G,7,F,G,0.6650717703349283,21,11,10,-3.9258263304313368,3.9258263304313368,0.5238095238095238,0.47619047619047616,0.2196452047324763,4.145471535163813,21,P7,non-R5
TITAN,F7H,7,F,H,0.667590027700831,21,19,2,-2.974637287199781,2.974637287199781,0.9047619047619048,0.09523809523809523,1.170834247964032,4.145471535163813,21,P7,non-R5
TITAN,F7I,7,F,I,0.6121883656509695,21,19,2,-3.2187622947919774,3.2187622947919774,0.9047619047619048,0.09523809523809523,0.9267092403718358,4.145471535163813,21,P7,non-R5
TITAN,F7K,7,F,K,0.47368421052631576,21,12,9,-4.121650548987894,4.121650548987894,0.5714285714285714,0.4285714285714286,0.023820986175918456,4.145471535163813,21,P7,non-R5
TITAN,F7L,7,F,L,0.5029239766081871,21,18,3,-3.382941472902987,3.382941472902987,0.8571428571428571,0.1428571428571429,0.7625300622608258,4.145471535163813,21,P7,non-R5
TITAN,F7N,7,F,N,0.47368421052631576,21,14,7,-3.401643515878927,3.401643515878927,0.6666666666666666,0.33333333333333337,0.7438280192848847,4.145471535163813,21,P7,non-R5
TITAN,F7P,7,F,P,0.6491228070175439,21,15,6,-3.692830237532412,3.692830237532412,0.7142857142857143,0.2857142857142857,0.45264129763140043,4.145471535163813,21,P7,non-R5
TITAN,F7Q,7,F,Q,0.6783625730994152,21,18,3,-3.1857476944026955,3.1857476944026955,0.8571428571428571,0.1428571428571429,0.9597238407611173,4.145471535163813,21,P7,non-R5
TITAN,F7R,7,F,R,0.47368421052631576,21,12,9,-4.1317511361600365,4.1317511361600365,0.5714285714285714,0.4285714285714286,0.01372039900377687,4.145471535163813,21,P7,non-R5
TITAN,F7S,7,F,S,0.6491228070175439,21,15,6,-3.0538810074458382,3.0538810074458382,0.7142857142857143,0.2857142857142857,1.0915905277179743,4.145471535163813,21,P7,non-R5
TITAN,F7T,7,F,T,0.638157894736842,21,16,5,-3.158669392048917,3.158669392048917,0.7619047619047619,0.23809523809523814,0.9868021431148954,4.145471535163813,21,P7,non-R5
TITAN,F7V,7,F,V,0.6578947368421052,21,20,1,-2.882247712158553,2.882247712158553,0.9523809523809523,0.04761904761904767,1.2632238230052595,4.145471535163813,21,P7,non-R5
TITAN,F7W,7,F,W,0.628482972136223,21,17,4,-2.9665988383973736,2.9665988383973736,0.8095238095238095,0.19047619047619047,1.1788726967664398,4.145471535163813,21,P7,non-R5
TITAN,L8A,8,L,A,0.6198830409356725,21,18,3,-3.0105910616114793,3.0105910616114793,0.8571428571428571,0.1428571428571429,1.1348804735523335,4.145471535163813,21,P8,non-R5
TITAN,L8C,8,L,C,0.6578947368421052,21,20,1,-1.4826398937231102,1.4826398937231102,0.9523809523809523,0.04761904761904767,2.662831641440703,4.145471535163813,21,P8,non-R5
TITAN,L8D,8,L,D,0.6761133603238867,21,13,8,-4.019274659706137,4.019274659706137,0.6190476190476191,0.38095238095238093,0.12619687545767475,4.145471535163813,21,P8,non-R5
TITAN,L8E,8,L,E,0.638157894736842,21,16,5,-3.4287066974044906,3.4287066974044906,0.7619047619047619,0.23809523809523814,0.7167648377593222,4.145471535163813,21,P8,non-R5
TITAN,L8F,8,L,F,0.6121883656509695,21,19,2,-1.8546000604116228,1.8546000604116228,0.9047619047619048,0.09523809523809523,2.290871474752189,4.145471535163813,21,P8,non-R5
TITAN,L8G,8,L,G,0.628482972136223,21,17,4,-3.178088344353855,3.178088344353855,0.8095238095238095,0.19047619047619047,0.9673831908099585,4.145471535163813,21,P8,non-R5
TITAN,L8H,8,L,H,0.6121883656509695,21,19,2,-2.2300097860181203,2.2300097860181203,0.9047619047619048,0.09523809523809523,1.915461749145693,4.145471535163813,21,P8,non-R5
TITAN,L8K,8,L,K,0.7229916897506925,21,19,2,-3.563282453148393,3.563282453148393,0.9047619047619048,0.09523809523809523,0.5821890820154193,4.145471535163813,21,P8,non-R5
TITAN,L8N,8,L,N,0.6398891966759003,21,19,2,-2.407547516113828,2.407547516113828,0.9047619047619048,0.09523809523809523,1.7379240190499854,4.145471535163813,21,P8,non-R5
TITAN,L8P,8,L,P,0.638157894736842,21,16,5,-3.1847402351299547,3.1847402351299547,0.7619047619047619,0.23809523809523814,0.9607313000338586,4.145471535163813,21,P8,non-R5
TITAN,L8Q,8,L,Q,0.6121883656509695,21,19,2,-1.7673604382867143,1.7673604382867143,0.9047619047619048,0.09523809523809523,2.3781110968770984,4.145471535163813,21,P8,non-R5
TITAN,L8R,8,L,R,0.667590027700831,21,19,2,-3.032482667905828,3.032482667905828,0.9047619047619048,0.09523809523809523,1.1129888672579848,4.145471535163813,21,P8,non-R5
TITAN,L8S,8,L,S,0.631578947368421,21,20,1,-2.443215428418519,2.443215428418519,0.9523809523809523,0.04761904761904767,1.7022561067452944,4.145471535163813,21,P8,non-R5
TITAN,L8T,8,L,T,0.631578947368421,21,20,1,-1.3633417879191267,1.3633417879191267,0.9523809523809523,0.04761904761904767,2.782129747244686,4.145471535163813,21,P8,non-R5
TITAN,L8W,8,L,W,0.7229916897506925,21,19,2,-2.5987644992025816,2.5987644992025816,0.9047619047619048,0.09523809523809523,1.5467070359612318,4.145471535163813,21,P8,non-R5
TITAN,L8Y,8,L,Y,0.6783625730994152,21,18,3,-2.974465248565496,2.974465248565496,0.8571428571428571,0.1428571428571429,1.1710062865983168,4.145471535163813,21,P8,non-R5
TITAN,L9A,9,L,A,0.5321637426900585,21,18,3,-2.500660399781433,2.500660399781433,0.8571428571428571,0.1428571428571429,1.6448111353823793,4.145471535163813,21,P9,non-R5
TITAN,L9D,9,L,D,0.628482972136223,21,17,4,-3.106317085000311,3.106317085000311,0.8095238095238095,0.19047619047619047,1.0391544501635015,4.145471535163813,21,P9,non-R5
TITAN,L9F,9,L,F,0.7894736842105263,21,20,1,-2.539974931077295,2.539974931077295,0.9523809523809523,0.04761904761904767,1.6054966040865177,4.145471535163813,21,P9,non-R5
TITAN,L9G,9,L,G,0.5046439628482972,21,17,4,-2.789633723830739,2.789633723830739,0.8095238095238095,0.19047619047619047,1.355837811333074,4.145471535163813,21,P9,non-R5
TITAN,L9R,9,L,R,0.6594427244582044,21,17,4,-3.459781153995743,3.459781153995743,0.8095238095238095,0.19047619047619047,0.6856903811680698,4.145471535163813,21,P9,non-R5
TITAN,L9S,9,L,S,0.5029239766081871,21,18,3,-2.3795565723162517,2.3795565723162517,0.8571428571428571,0.1428571428571429,1.7659149628475617,4.145471535163813,21,P9,non-R5
TITAN,L9W,9,L,W,0.8157894736842105,21,20,1,-3.226049622211491,3.226049622211491,0.9523809523809523,0.04761904761904767,0.9194219129523225,4.145471535163813,21,P9,non-R5
TITAN,L9Y,9,L,Y,0.7368421052631579,21,16,5,-3.6614966381507412,3.6614966381507412,0.7619047619047619,0.23809523809523814,0.48397489701307184,4.145471535163813,21,P9,non-R5
NetTCR,L2D,2,L,D,0.6121883656509695,21,19,2,-3.512786014203991,3.512786014203991,0.9047619047619048,0.09523809523809523,0.6326855209598218,4.145471535163813,21,P2,non-R5
NetTCR,L2R,2,L,R,0.7213622291021672,21,17,4,-3.7084811415836145,3.7084811415836145,0.8095238095238095,0.19047619047619047,0.4369903935801985,4.145471535163813,21,P2,non-R5
NetTCR,L2W,2,L,W,0.6842105263157895,21,20,1,-3.145789955266732,3.145789955266732,0.9523809523809523,0.04761904761904767,0.9996815798970803,4.145471535163813,21,P2,non-R5
NetTCR,Q3C,3,Q,C,0.6842105263157895,21,20,1,-2.2753923267526823,2.2753923267526823,0.9523809523809523,0.04761904761904767,1.8700792084111308,4.145471535163813,21,P3,non-R5
NetTCR,Q3D,3,Q,D,0.6356275303643725,21,13,8,-3.9984814275044895,3.9984814275044895,0.6190476190476191,0.38095238095238093,0.14699010765932335,4.145471535163813,21,P3,non-R5
NetTCR,Q3E,3,Q,E,0.628482972136223,21,17,4,-3.6195073795810324,3.6195073795810324,0.8095238095238095,0.19047619047619047,0.5259641555827804,4.145471535163813,21,P3,non-R5
NetTCR,Q3F,3,Q,F,0.569377990430622,21,11,10,-3.969896643708333,3.969896643708333,0.5238095238095238,0.47619047619047616,0.17557489145547947,4.145471535163813,21,P3,non-R5
NetTCR,Q3H,3,Q,H,0.5906432748538012,21,18,3,-3.8413641329636286,3.8413641329636286,0.8571428571428571,0.1428571428571429,0.3041074022001853,4.145471535163813,21,P3,non-R5
NetTCR,Q3K,3,Q,K,0.6121883656509695,21,19,2,-3.629642693980698,3.629642693980698,0.9047619047619048,0.09523809523809523,0.5158288411831159,4.145471535163813,21,P3,non-R5
NetTCR,Q3L,3,Q,L,0.7506925207756232,21,19,2,-2.9907938363198436,2.9907938363198436,0.9047619047619048,0.09523809523809523,1.1546776988439693,4.145471535163813,21,P3,non-R5
NetTCR,Q3N,3,Q,N,0.6710526315789473,21,16,5,-3.4553142096753673,3.4553142096753673,0.7619047619047619,0.23809523809523814,0.6901573254884452,4.145471535163813,21,P3,non-R5
NetTCR,Q3P,3,Q,P,0.6198830409356725,21,18,3,-3.5460180956702123,3.5460180956702123,0.8571428571428571,0.1428571428571429,0.5994534394936002,4.145471535163813,21,P3,non-R5
NetTCR,Q3R,3,Q,R,0.638157894736842,21,16,5,-3.8734750537760854,3.8734750537760854,0.7619047619047619,0.23809523809523814,0.2719964813877268,4.145471535163813,21,P3,non-R5
NetTCR,Q3T,3,Q,T,0.6952908587257618,21,19,2,-3.3184904208104085,3.3184904208104085,0.9047619047619048,0.09523809523809523,0.8269811143534037,4.145471535163813,21,P3,non-R5
NetTCR,Q3V,3,Q,V,0.9445983379501385,21,19,2,-2.935175399257961,2.935175399257961,0.9047619047619048,0.09523809523809523,1.2102961359058515,4.145471535163813,21,P3,non-R5
NetTCR,Q3W,3,Q,W,0.6140350877192983,21,15,6,-3.9591914665435968,3.9591914665435968,0.7142857142857143,0.2857142857142857,0.18628006862021576,4.145471535163813,21,P3,non-R5
NetTCR,Q3Y,3,Q,Y,0.6052631578947368,21,16,5,-3.9762518127010886,3.9762518127010886,0.7619047619047619,0.23809523809523814,0.16921972246272415,4.145471535163813,21,P3,non-R5
NetTCR,P4C,4,P,C,0.6198830409356725,21,18,3,-3.160701385577715,3.160701385577715,0.8571428571428571,0.1428571428571429,0.9847701495860974,4.145471535163813,21,P4,non-R5
NetTCR,P4D,4,P,D,0.7506925207756232,21,19,2,-3.7777094352921807,3.7777094352921807,0.9047619047619048,0.09523809523809523,0.36776209987163166,4.145471535163813,21,P4,non-R5
NetTCR,P4E,4,P,E,0.628482972136223,21,17,4,-3.5296476268619936,3.5296476268619936,0.8095238095238095,0.19047619047619047,0.6158239083018188,4.145471535163813,21,P4,non-R5
NetTCR,P4F,4,P,F,0.6198830409356725,21,18,3,-3.7124933907660034,3.7124933907660034,0.8571428571428571,0.1428571428571429,0.43297814439780924,4.145471535163813,21,P4,non-R5
NetTCR,P4H,4,P,H,0.6121883656509695,21,19,2,-2.673637483035744,2.673637483035744,0.9047619047619048,0.09523809523809523,1.4718340521280686,4.145471535163813,21,P4,non-R5
NetTCR,P4I,4,P,I,0.628482972136223,21,17,4,-3.4770534039534717,3.4770534039534717,0.8095238095238095,0.19047619047619047,0.6684181312103404,4.145471535163813,21,P4,non-R5
NetTCR,P4K,4,P,K,0.6240601503759399,21,14,7,-3.893210117440949,3.893210117440949,0.6666666666666666,0.33333333333333337,0.2522614177228646,4.145471535163813,21,P4,non-R5
NetTCR,P4L,4,P,L,0.6198830409356725,21,18,3,-3.8282562275505834,3.8282562275505834,0.8571428571428571,0.1428571428571429,0.31721530761322886,4.145471535163813,21,P4,non-R5
NetTCR,P4M,4,P,M,0.638157894736842,21,16,5,-3.358864930534401,3.358864930534401,0.7619047619047619,0.23809523809523814,0.786606604629412,4.145471535163813,21,P4,non-R5
NetTCR,P4N,4,P,N,0.6052631578947368,21,20,1,-3.0642225395539517,3.0642225395539517,0.9523809523809523,0.04761904761904767,1.081248995609861,4.145471535163813,21,P4,non-R5
NetTCR,P4Q,4,P,Q,0.628482972136223,21,17,4,-2.692403826929383,2.692403826929383,0.8095238095238095,0.19047619047619047,1.45306770823443,4.145471535163813,21,P4,non-R5
NetTCR,P4R,4,P,R,0.5906432748538012,21,18,3,-3.4375064394076396,3.4375064394076396,0.8571428571428571,0.1428571428571429,0.7079650957561732,4.145471535163813,21,P4,non-R5
NetTCR,P4S,4,P,S,0.6052631578947368,21,20,1,-2.7008827080294187,2.7008827080294187,0.9523809523809523,0.04761904761904767,1.4445888271343943,4.145471535163813,21,P4,non-R5
NetTCR,P4T,4,P,T,0.5864661654135338,21,14,7,-3.4375396657783077,3.4375396657783077,0.6666666666666666,0.33333333333333337,0.7079318693855052,4.145471535163813,21,P4,non-R5
NetTCR,P4V,4,P,V,0.56656346749226,21,17,4,-3.697780088418393,3.697780088418393,0.8095238095238095,0.19047619047619047,0.44769144674541944,4.145471535163813,21,P4,non-R5
NetTCR,P4W,4,P,W,0.5526315789473684,21,20,1,-3.002547261825028,3.002547261825028,0.9523809523809523,0.04761904761904767,1.1429242733387848,4.145471535163813,21,P4,non-R5
NetTCR,P4Y,4,P,Y,0.56656346749226,21,17,4,-3.900733454621152,3.900733454621152,0.8095238095238095,0.19047619047619047,0.24473808054266036,4.145471535163813,21,P4,non-R5
NetTCR,R5A,5,R,A,0.5864661654135338,21,14,7,-3.9862401823770135,3.9862401823770135,0.6666666666666666,0.33333333333333337,0.15923135278679967,4.145471535163813,21,P5,R5
NetTCR,R5C,5,R,C,0.569377990430622,21,11,10,-4.0258428624928895,4.0258428624928895,0.5238095238095238,0.47619047619047616,0.1196286726709235,4.145471535163813,21,P5,R5
NetTCR,R5D,5,R,D,0.631578947368421,21,10,11,-4.169190874571867,4.169190874571867,0.47619047619047616,0.5238095238095238,-0.023719339408054468,4.145471535163813,21,P5,R5
NetTCR,R5E,5,R,E,0.5789473684210527,21,15,6,-4.064428742892594,4.064428742892594,0.7142857142857143,0.2857142857142857,0.08104279227121902,4.145471535163813,21,P5,R5
NetTCR,R5F,5,R,F,0.5215311004784688,21,11,10,-3.9905648057039724,3.9905648057039724,0.5238095238095238,0.47619047619047616,0.1549067294598395,4.145471535163813,21,P5,R5
NetTCR,R5G,5,R,G,0.5175438596491228,21,12,9,-4.096260434122478,4.096260434122478,0.5714285714285714,0.4285714285714286,0.049211101041333846,4.145471535163813,21,P5,R5
NetTCR,R5H,5,R,H,0.5864661654135338,21,14,7,-4.056120074072591,4.056120074072591,0.6666666666666666,0.33333333333333337,0.08935146109122186,4.145471535163813,21,P5,R5
NetTCR,R5I,5,R,I,0.5906432748538012,21,9,12,-4.816045917171094,4.816045917171094,0.42857142857142855,0.5714285714285714,-0.6705743820072806,4.145471535163813,21,P5,R5
NetTCR,R5K,5,R,K,0.5141700404858299,21,13,8,-3.920417288566487,3.920417288566487,0.6190476190476191,0.38095238095238093,0.22505424659732576,4.145471535163813,21,P5,R5
NetTCR,R5L,5,R,L,0.5311004784688995,21,10,11,-4.146123746477146,4.146123746477146,0.47619047619047616,0.5238095238095238,-0.0006522113133329196,4.145471535163813,21,P5,R5
NetTCR,R5M,5,R,M,0.5546558704453441,21,8,13,-4.090033893976655,4.090033893976655,0.38095238095238093,0.6190476190476191,0.05543764118715774,4.145471535163813,21,P5,R5
NetTCR,R5N,5,R,N,0.5951417004048583,21,13,8,-4.0864686208859,4.0864686208859,0.6190476190476191,0.38095238095238093,0.05900291427791291,4.145471535163813,21,P5,R5
NetTCR,R5P,5,R,P,0.5141700404858299,21,13,8,-4.085874156789295,4.085874156789295,0.6190476190476191,0.38095238095238093,0.059597378374518666,4.145471535163813,21,P5,R5
NetTCR,R5Q,5,R,Q,0.5789473684210527,21,15,6,-4.049717437110483,4.049717437110483,0.7142857142857143,0.2857142857142857,0.09575409805333016,4.145471535163813,21,P5,R5
NetTCR,R5S,5,R,S,0.5311004784688995,21,10,11,-3.981859332687196,3.981859332687196,0.47619047619047616,0.5238095238095238,0.16361220247661712,4.145471535163813,21,P5,R5
NetTCR,R5T,5,R,T,0.5175438596491228,21,12,9,-4.068637534772608,4.068637534772608,0.5714285714285714,0.4285714285714286,0.07683400039120428,4.145471535163813,21,P5,R5
NetTCR,R5V,5,R,V,0.5141700404858299,21,13,8,-4.082032776621783,4.082032776621783,0.6190476190476191,0.38095238095238093,0.06343875854203053,4.145471535163813,21,P5,R5
NetTCR,R5W,5,R,W,0.5175438596491228,21,12,9,-4.038140476703542,4.038140476703542,0.5714285714285714,0.4285714285714286,0.10733105846027086,4.145471535163813,21,P5,R5
NetTCR,R5Y,5,R,Y,0.5175438596491228,21,12,9,-4.027849790021531,4.027849790021531,0.5714285714285714,0.4285714285714286,0.11762174514228178,4.145471535163813,21,P5,R5
NetTCR,T6A,6,T,A,0.5029239766081871,21,18,3,-3.1453020979434663,3.1453020979434663,0.8571428571428571,0.1428571428571429,1.000169437220347,4.145471535163813,21,P6,non-R5
NetTCR,T6C,6,T,C,0.5013850415512465,21,19,2,-2.425014147604694,2.425014147604694,0.9047619047619048,0.09523809523809523,1.7204573875591185,4.145471535163813,21,P6,non-R5
NetTCR,T6D,6,T,D,0.5175438596491228,21,12,9,-3.9610118284897116,3.9610118284897116,0.5714285714285714,0.4285714285714286,0.18445970667410216,4.145471535163813,21,P6,non-R5
NetTCR,T6E,6,T,E,0.5112781954887218,21,14,7,-4.0823481498798095,4.0823481498798095,0.6666666666666666,0.33333333333333337,0.06312338528400277,4.145471535163813,21,P6,non-R5
NetTCR,T6F,6,T,F,0.5141700404858299,21,13,8,-3.894610942232536,3.894610942232536,0.6190476190476191,0.38095238095238093,0.25086059293127655,4.145471535163813,21,P6,non-R5
NetTCR,T6G,6,T,G,0.6952908587257618,21,19,2,-2.6898123479315297,2.6898123479315297,0.9047619047619048,0.09523809523809523,1.4556591872322835,4.145471535163813,21,P6,non-R5
NetTCR,T6H,6,T,H,0.5175438596491228,21,12,9,-3.7506124096734745,3.7506124096734745,0.5714285714285714,0.4285714285714286,0.3948591254903381,4.145471535163813,21,P6,non-R5
NetTCR,T6I,6,T,I,0.5046439628482972,21,17,4,-3.1320628684324587,3.1320628684324587,0.8095238095238095,0.19047619047619047,1.0134086667313544,4.145471535163813,21,P6,non-R5
NetTCR,T6K,6,T,K,0.5175438596491228,21,12,9,-4.077047044197654,4.077047044197654,0.5714285714285714,0.4285714285714286,0.06842449096615992,4.145471535163813,21,P6,non-R5
NetTCR,T6L,6,T,L,0.5046439628482972,21,17,4,-3.3330387594393778,3.3330387594393778,0.8095238095238095,0.19047619047619047,0.8124327757244357,4.145471535163813,21,P6,non-R5
NetTCR,T6M,6,T,M,0.5046439628482972,21,17,4,-3.6739169317196607,3.6739169317196607,0.8095238095238095,0.19047619047619047,0.47155460344415223,4.145471535163813,21,P6,non-R5
NetTCR,T6N,6,T,N,0.6842105263157895,21,20,1,-2.912544956475058,2.912544956475058,0.9523809523809523,0.04761904761904767,1.2329265786887553,4.145471535163813,21,P6,non-R5
NetTCR,T6P,6,T,P,0.5215311004784688,21,11,10,-4.09158703890258,4.09158703890258,0.5238095238095238,0.47619047619047616,0.05388449626123251,4.145471535163813,21,P6,non-R5
NetTCR,T6Q,6,T,Q,0.506578947368421,21,16,5,-3.8730619664039625,3.8730619664039625,0.7619047619047619,0.23809523809523814,0.2724095687598502,4.145471535163813,21,P6,non-R5
NetTCR,T6R,6,T,R,0.5087719298245614,21,15,6,-3.939946257531636,3.939946257531636,0.7142857142857143,0.2857142857142857,0.20552527763217596,4.145471535163813,21,P6,non-R5
NetTCR,T6S,6,T,S,0.6398891966759003,21,19,2,-3.1771188688244028,3.1771188688244028,0.9047619047619048,0.09523809523809523,0.9683526663394108,4.145471535163813,21,P6,non-R5
NetTCR,T6V,6,T,V,0.5029239766081871,21,18,3,-2.7077003343451804,2.7077003343451804,0.8571428571428571,0.1428571428571429,1.4377712008186325,4.145471535163813,21,P6,non-R5
NetTCR,T6W,6,T,W,0.5141700404858299,21,13,8,-3.961763811884335,3.961763811884335,0.6190476190476191,0.38095238095238093,0.18370772327947807,4.145471535163813,21,P6,non-R5
NetTCR,T6Y,6,T,Y,0.5215311004784688,21,11,10,-3.8851958818627614,3.8851958818627614,0.5238095238095238,0.47619047619047616,0.26027565330105223,4.145471535163813,21,P6,non-R5
NetTCR,F7A,7,F,A,0.5141700404858299,21,13,8,-3.842245895428418,3.842245895428418,0.6190476190476191,0.38095238095238093,0.30322563973539396,4.145471535163813,21,P7,non-R5
NetTCR,F7C,7,F,C,0.9473684210526316,21,20,1,-2.584261048485574,2.584261048485574,0.9523809523809523,0.04761904761904767,1.561210486678239,4.145471535163813,21,P7,non-R5
NetTCR,F7D,7,F,D,0.5215311004784688,21,11,10,-4.088514941129576,4.088514941129576,0.5238095238095238,0.47619047619047616,0.05695659403423692,4.145471535163813,21,P7,non-R5
NetTCR,F7E,7,F,E,0.5112781954887218,21,14,7,-4.076998441620946,4.076998441620946,0.6666666666666666,0.33333333333333337,0.06847309354286747,4.145471535163813,21,P7,non-R5
NetTCR,F7G,7,F,G,0.5215311004784688,21,11,10,-3.9258263304313368,3.9258263304313368,0.5238095238095238,0.47619047619047616,0.2196452047324763,4.145471535163813,21,P7,non-R5
NetTCR,F7H,7,F,H,0.6952908587257618,21,19,2,-2.974637287199781,2.974637287199781,0.9047619047619048,0.09523809523809523,1.170834247964032,4.145471535163813,21,P7,non-R5
NetTCR,F7I,7,F,I,0.6952908587257618,21,19,2,-3.2187622947919774,3.2187622947919774,0.9047619047619048,0.09523809523809523,0.9267092403718358,4.145471535163813,21,P7,non-R5
NetTCR,F7K,7,F,K,0.5175438596491228,21,12,9,-4.121650548987894,4.121650548987894,0.5714285714285714,0.4285714285714286,0.023820986175918456,4.145471535163813,21,P7,non-R5
NetTCR,F7L,7,F,L,0.6491228070175439,21,18,3,-3.382941472902987,3.382941472902987,0.8571428571428571,0.1428571428571429,0.7625300622608258,4.145471535163813,21,P7,non-R5
NetTCR,F7N,7,F,N,0.5112781954887218,21,14,7,-3.401643515878927,3.401643515878927,0.6666666666666666,0.33333333333333337,0.7438280192848847,4.145471535163813,21,P7,non-R5
NetTCR,F7P,7,F,P,0.5087719298245614,21,15,6,-3.692830237532412,3.692830237532412,0.7142857142857143,0.2857142857142857,0.45264129763140043,4.145471535163813,21,P7,non-R5
NetTCR,F7Q,7,F,Q,0.7076023391812866,21,18,3,-3.1857476944026955,3.1857476944026955,0.8571428571428571,0.1428571428571429,0.9597238407611173,4.145471535163813,21,P7,non-R5
NetTCR,F7R,7,F,R,0.5175438596491228,21,12,9,-4.1317511361600365,4.1317511361600365,0.5714285714285714,0.4285714285714286,0.01372039900377687,4.145471535163813,21,P7,non-R5
NetTCR,F7S,7,F,S,0.5087719298245614,21,15,6,-3.0538810074458382,3.0538810074458382,0.7142857142857143,0.2857142857142857,1.0915905277179743,4.145471535163813,21,P7,non-R5
NetTCR,F7T,7,F,T,0.506578947368421,21,16,5,-3.158669392048917,3.158669392048917,0.7619047619047619,0.23809523809523814,0.9868021431148954,4.145471535163813,21,P7,non-R5
NetTCR,F7V,7,F,V,0.6842105263157895,21,20,1,-2.882247712158553,2.882247712158553,0.9523809523809523,0.04761904761904767,1.2632238230052595,4.145471535163813,21,P7,non-R5
NetTCR,F7W,7,F,W,0.5046439628482972,21,17,4,-2.9665988383973736,2.9665988383973736,0.8095238095238095,0.19047619047619047,1.1788726967664398,4.145471535163813,21,P7,non-R5
NetTCR,L8A,8,L,A,0.5029239766081871,21,18,3,-3.0105910616114793,3.0105910616114793,0.8571428571428571,0.1428571428571429,1.1348804735523335,4.145471535163813,21,P8,non-R5
NetTCR,L8C,8,L,C,0.6842105263157895,21,20,1,-1.4826398937231102,1.4826398937231102,0.9523809523809523,0.04761904761904767,2.662831641440703,4.145471535163813,21,P8,non-R5
NetTCR,L8D,8,L,D,0.5141700404858299,21,13,8,-4.019274659706137,4.019274659706137,0.6190476190476191,0.38095238095238093,0.12619687545767475,4.145471535163813,21,P8,non-R5
NetTCR,L8E,8,L,E,0.506578947368421,21,16,5,-3.4287066974044906,3.4287066974044906,0.7619047619047619,0.23809523809523814,0.7167648377593222,4.145471535163813,21,P8,non-R5
NetTCR,L8F,8,L,F,0.6952908587257618,21,19,2,-1.8546000604116228,1.8546000604116228,0.9047619047619048,0.09523809523809523,2.290871474752189,4.145471535163813,21,P8,non-R5
NetTCR,L8G,8,L,G,0.5046439628482972,21,17,4,-3.178088344353855,3.178088344353855,0.8095238095238095,0.19047619047619047,0.9673831908099585,4.145471535163813,21,P8,non-R5
NetTCR,L8H,8,L,H,0.6952908587257618,21,19,2,-2.2300097860181203,2.2300097860181203,0.9047619047619048,0.09523809523809523,1.915461749145693,4.145471535163813,21,P8,non-R5
NetTCR,L8K,8,L,K,0.6952908587257618,21,19,2,-3.563282453148393,3.563282453148393,0.9047619047619048,0.09523809523809523,0.5821890820154193,4.145471535163813,21,P8,non-R5
NetTCR,L8N,8,L,N,0.6952908587257618,21,19,2,-2.407547516113828,2.407547516113828,0.9047619047619048,0.09523809523809523,1.7379240190499854,4.145471535163813,21,P8,non-R5
NetTCR,L8P,8,L,P,0.506578947368421,21,16,5,-3.1847402351299547,3.1847402351299547,0.7619047619047619,0.23809523809523814,0.9607313000338586,4.145471535163813,21,P8,non-R5
NetTCR,L8Q,8,L,Q,0.6952908587257618,21,19,2,-1.7673604382867143,1.7673604382867143,0.9047619047619048,0.09523809523809523,2.3781110968770984,4.145471535163813,21,P8,non-R5
NetTCR,L8R,8,L,R,0.6952908587257618,21,19,2,-3.032482667905828,3.032482667905828,0.9047619047619048,0.09523809523809523,1.1129888672579848,4.145471535163813,21,P8,non-R5
NetTCR,L8S,8,L,S,0.6842105263157895,21,20,1,-2.443215428418519,2.443215428418519,0.9523809523809523,0.04761904761904767,1.7022561067452944,4.145471535163813,21,P8,non-R5
NetTCR,L8T,8,L,T,0.6842105263157895,21,20,1,-1.3633417879191267,1.3633417879191267,0.9523809523809523,0.04761904761904767,2.782129747244686,4.145471535163813,21,P8,non-R5
NetTCR,L8W,8,L,W,0.6952908587257618,21,19,2,-2.5987644992025816,2.5987644992025816,0.9047619047619048,0.09523809523809523,1.5467070359612318,4.145471535163813,21,P8,non-R5
NetTCR,L8Y,8,L,Y,0.7076023391812866,21,18,3,-2.974465248565496,2.974465248565496,0.8571428571428571,0.1428571428571429,1.1710062865983168,4.145471535163813,21,P8,non-R5
NetTCR,L9A,9,L,A,0.7076023391812866,21,18,3,-2.500660399781433,2.500660399781433,0.8571428571428571,0.1428571428571429,1.6448111353823793,4.145471535163813,21,P9,non-R5
NetTCR,L9D,9,L,D,0.7213622291021672,21,17,4,-3.106317085000311,3.106317085000311,0.8095238095238095,0.19047619047619047,1.0391544501635015,4.145471535163813,21,P9,non-R5
NetTCR,L9F,9,L,F,0.9473684210526316,21,20,1,-2.539974931077295,2.539974931077295,0.9523809523809523,0.04761904761904767,1.6054966040865177,4.145471535163813,21,P9,non-R5
NetTCR,L9G,9,L,G,0.7213622291021672,21,17,4,-2.789633723830739,2.789633723830739,0.8095238095238095,0.19047619047619047,1.355837811333074,4.145471535163813,21,P9,non-R5
NetTCR,L9R,9,L,R,0.7213622291021672,21,17,4,-3.459781153995743,3.459781153995743,0.8095238095238095,0.19047619047619047,0.6856903811680698,4.145471535163813,21,P9,non-R5
NetTCR,L9S,9,L,S,0.7076023391812866,21,18,3,-2.3795565723162517,2.3795565723162517,0.8571428571428571,0.1428571428571429,1.7659149628475617,4.145471535163813,21,P9,non-R5
NetTCR,L9W,9,L,W,0.9473684210526316,21,20,1,-3.226049622211491,3.226049622211491,0.9523809523809523,0.04761904761904767,0.9194219129523225,4.145471535163813,21,P9,non-R5
NetTCR,L9Y,9,L,Y,0.7368421052631579,21,16,5,-3.6614966381507412,3.6614966381507412,0.7619047619047619,0.23809523809523814,0.48397489701307184,4.145471535163813,21,P9,non-R5
NetTCR2.2,L2D,2,L,D,0.5290858725761772,21,19,2,-3.512786014203991,3.512786014203991,0.9047619047619048,0.09523809523809523,0.6326855209598218,4.145471535163813,21,P2,non-R5
NetTCR2.2,L2R,2,L,R,0.628482972136223,21,17,4,-3.7084811415836145,3.7084811415836145,0.8095238095238095,0.19047619047619047,0.4369903935801985,4.145471535163813,21,P2,non-R5
NetTCR2.2,L2W,2,L,W,0.9210526315789473,21,20,1,-3.145789955266732,3.145789955266732,0.9523809523809523,0.04761904761904767,0.9996815798970803,4.145471535163813,21,P2,non-R5
NetTCR2.2,Q3C,3,Q,C,0.8947368421052633,21,20,1,-2.2753923267526823,2.2753923267526823,0.9523809523809523,0.04761904761904767,1.8700792084111308,4.145471535163813,21,P3,non-R5
NetTCR2.2,Q3D,3,Q,D,0.5141700404858299,21,13,8,-3.9984814275044895,3.9984814275044895,0.6190476190476191,0.38095238095238093,0.14699010765932335,4.145471535163813,21,P3,non-R5
NetTCR2.2,Q3E,3,Q,E,0.47368421052631576,21,17,4,-3.6195073795810324,3.6195073795810324,0.8095238095238095,0.19047619047619047,0.5259641555827804,4.145471535163813,21,P3,non-R5
NetTCR2.2,Q3F,3,Q,F,0.47368421052631576,21,11,10,-3.969896643708333,3.969896643708333,0.5238095238095238,0.47619047619047616,0.17557489145547947,4.145471535163813,21,P3,non-R5
NetTCR2.2,Q3H,3,Q,H,0.47368421052631576,21,18,3,-3.8413641329636286,3.8413641329636286,0.8571428571428571,0.1428571428571429,0.3041074022001853,4.145471535163813,21,P3,non-R5
NetTCR2.2,Q3K,3,Q,K,0.47368421052631576,21,19,2,-3.629642693980698,3.629642693980698,0.9047619047619048,0.09523809523809523,0.5158288411831159,4.145471535163813,21,P3,non-R5
NetTCR2.2,Q3L,3,Q,L,0.6952908587257618,21,19,2,-2.9907938363198436,2.9907938363198436,0.9047619047619048,0.09523809523809523,1.1546776988439693,4.145471535163813,21,P3,non-R5
NetTCR2.2,Q3N,3,Q,N,0.5394736842105263,21,16,5,-3.4553142096753673,3.4553142096753673,0.7619047619047619,0.23809523809523814,0.6901573254884452,4.145471535163813,21,P3,non-R5
NetTCR2.2,Q3P,3,Q,P,0.47368421052631576,21,18,3,-3.5460180956702123,3.5460180956702123,0.8571428571428571,0.1428571428571429,0.5994534394936002,4.145471535163813,21,P3,non-R5
NetTCR2.2,Q3R,3,Q,R,0.47368421052631576,21,16,5,-3.8734750537760854,3.8734750537760854,0.7619047619047619,0.23809523809523814,0.2719964813877268,4.145471535163813,21,P3,non-R5
NetTCR2.2,Q3T,3,Q,T,0.6121883656509695,21,19,2,-3.3184904208104085,3.3184904208104085,0.9047619047619048,0.09523809523809523,0.8269811143534037,4.145471535163813,21,P3,non-R5
NetTCR2.2,Q3V,3,Q,V,0.5290858725761772,21,19,2,-2.935175399257961,2.935175399257961,0.9047619047619048,0.09523809523809523,1.2102961359058515,4.145471535163813,21,P3,non-R5
NetTCR2.2,Q3W,3,Q,W,0.5087719298245614,21,15,6,-3.9591914665435968,3.9591914665435968,0.7142857142857143,0.2857142857142857,0.18628006862021576,4.145471535163813,21,P3,non-R5
NetTCR2.2,Q3Y,3,Q,Y,0.47368421052631576,21,16,5,-3.9762518127010886,3.9762518127010886,0.7619047619047619,0.23809523809523814,0.16921972246272415,4.145471535163813,21,P3,non-R5
NetTCR2.2,P4C,4,P,C,0.5029239766081871,21,18,3,-3.160701385577715,3.160701385577715,0.8571428571428571,0.1428571428571429,0.9847701495860974,4.145471535163813,21,P4,non-R5
NetTCR2.2,P4D,4,P,D,0.667590027700831,21,19,2,-3.7777094352921807,3.7777094352921807,0.9047619047619048,0.09523809523809523,0.36776209987163166,4.145471535163813,21,P4,non-R5
NetTCR2.2,P4E,4,P,E,0.5046439628482972,21,17,4,-3.5296476268619936,3.5296476268619936,0.8095238095238095,0.19047619047619047,0.6158239083018188,4.145471535163813,21,P4,non-R5
NetTCR2.2,P4F,4,P,F,0.5906432748538012,21,18,3,-3.7124933907660034,3.7124933907660034,0.8571428571428571,0.1428571428571429,0.43297814439780924,4.145471535163813,21,P4,non-R5
NetTCR2.2,P4H,4,P,H,0.5013850415512465,21,19,2,-2.673637483035744,2.673637483035744,0.9047619047619048,0.09523809523809523,1.4718340521280686,4.145471535163813,21,P4,non-R5
NetTCR2.2,P4I,4,P,I,0.5046439628482972,21,17,4,-3.4770534039534717,3.4770534039534717,0.8095238095238095,0.19047619047619047,0.6684181312103404,4.145471535163813,21,P4,non-R5
NetTCR2.2,P4K,4,P,K,0.5112781954887218,21,14,7,-3.893210117440949,3.893210117440949,0.6666666666666666,0.33333333333333337,0.2522614177228646,4.145471535163813,21,P4,non-R5
NetTCR2.2,P4L,4,P,L,0.5029239766081871,21,18,3,-3.8282562275505834,3.8282562275505834,0.8571428571428571,0.1428571428571429,0.31721530761322886,4.145471535163813,21,P4,non-R5
NetTCR2.2,P4M,4,P,M,0.506578947368421,21,16,5,-3.358864930534401,3.358864930534401,0.7619047619047619,0.23809523809523814,0.786606604629412,4.145471535163813,21,P4,non-R5
NetTCR2.2,P4N,4,P,N,0.5,21,20,1,-3.0642225395539517,3.0642225395539517,0.9523809523809523,0.04761904761904767,1.081248995609861,4.145471535163813,21,P4,non-R5
NetTCR2.2,P4Q,4,P,Q,0.5046439628482972,21,17,4,-2.692403826929383,2.692403826929383,0.8095238095238095,0.19047619047619047,1.45306770823443,4.145471535163813,21,P4,non-R5
NetTCR2.2,P4R,4,P,R,0.5029239766081871,21,18,3,-3.4375064394076396,3.4375064394076396,0.8571428571428571,0.1428571428571429,0.7079650957561732,4.145471535163813,21,P4,non-R5
NetTCR2.2,P4S,4,P,S,0.5,21,20,1,-2.7008827080294187,2.7008827080294187,0.9523809523809523,0.04761904761904767,1.4445888271343943,4.145471535163813,21,P4,non-R5
NetTCR2.2,P4T,4,P,T,0.47368421052631576,21,14,7,-3.4375396657783077,3.4375396657783077,0.6666666666666666,0.33333333333333337,0.7079318693855052,4.145471535163813,21,P4,non-R5
NetTCR2.2,P4V,4,P,V,0.47368421052631576,21,17,4,-3.697780088418393,3.697780088418393,0.8095238095238095,0.19047619047619047,0.44769144674541944,4.145471535163813,21,P4,non-R5
NetTCR2.2,P4W,4,P,W,0.47368421052631576,21,20,1,-3.002547261825028,3.002547261825028,0.9523809523809523,0.04761904761904767,1.1429242733387848,4.145471535163813,21,P4,non-R5
NetTCR2.2,P4Y,4,P,Y,0.47368421052631576,21,17,4,-3.900733454621152,3.900733454621152,0.8095238095238095,0.19047619047619047,0.24473808054266036,4.145471535163813,21,P4,non-R5
NetTCR2.2,R5A,5,R,A,0.47368421052631576,21,14,7,-3.9862401823770135,3.9862401823770135,0.6666666666666666,0.33333333333333337,0.15923135278679967,4.145471535163813,21,P5,R5
NetTCR2.2,R5C,5,R,C,0.47368421052631576,21,11,10,-4.0258428624928895,4.0258428624928895,0.5238095238095238,0.47619047619047616,0.1196286726709235,4.145471535163813,21,P5,R5
NetTCR2.2,R5D,5,R,D,0.47368421052631576,21,10,11,-4.169190874571867,4.169190874571867,0.47619047619047616,0.5238095238095238,-0.023719339408054468,4.145471535163813,21,P5,R5
NetTCR2.2,R5E,5,R,E,0.47368421052631576,21,15,6,-4.064428742892594,4.064428742892594,0.7142857142857143,0.2857142857142857,0.08104279227121902,4.145471535163813,21,P5,R5
NetTCR2.2,R5F,5,R,F,0.47368421052631576,21,11,10,-3.9905648057039724,3.9905648057039724,0.5238095238095238,0.47619047619047616,0.1549067294598395,4.145471535163813,21,P5,R5
NetTCR2.2,R5G,5,R,G,0.47368421052631576,21,12,9,-4.096260434122478,4.096260434122478,0.5714285714285714,0.4285714285714286,0.049211101041333846,4.145471535163813,21,P5,R5
NetTCR2.2,R5H,5,R,H,0.47368421052631576,21,14,7,-4.056120074072591,4.056120074072591,0.6666666666666666,0.33333333333333337,0.08935146109122186,4.145471535163813,21,P5,R5
NetTCR2.2,R5I,5,R,I,0.47368421052631576,21,9,12,-4.816045917171094,4.816045917171094,0.42857142857142855,0.5714285714285714,-0.6705743820072806,4.145471535163813,21,P5,R5
NetTCR2.2,R5K,5,R,K,0.5546558704453441,21,13,8,-3.920417288566487,3.920417288566487,0.6190476190476191,0.38095238095238093,0.22505424659732576,4.145471535163813,21,P5,R5
NetTCR2.2,R5L,5,R,L,0.47368421052631576,21,10,11,-4.146123746477146,4.146123746477146,0.47619047619047616,0.5238095238095238,-0.0006522113133329196,4.145471535163813,21,P5,R5
NetTCR2.2,R5M,5,R,M,0.47368421052631576,21,8,13,-4.090033893976655,4.090033893976655,0.38095238095238093,0.6190476190476191,0.05543764118715774,4.145471535163813,21,P5,R5
NetTCR2.2,R5N,5,R,N,0.47368421052631576,21,13,8,-4.0864686208859,4.0864686208859,0.6190476190476191,0.38095238095238093,0.05900291427791291,4.145471535163813,21,P5,R5
NetTCR2.2,R5P,5,R,P,0.5951417004048583,21,13,8,-4.085874156789295,4.085874156789295,0.6190476190476191,0.38095238095238093,0.059597378374518666,4.145471535163813,21,P5,R5
NetTCR2.2,R5Q,5,R,Q,0.47368421052631576,21,15,6,-4.049717437110483,4.049717437110483,0.7142857142857143,0.2857142857142857,0.09575409805333016,4.145471535163813,21,P5,R5
NetTCR2.2,R5S,5,R,S,0.47368421052631576,21,10,11,-3.981859332687196,3.981859332687196,0.47619047619047616,0.5238095238095238,0.16361220247661712,4.145471535163813,21,P5,R5
NetTCR2.2,R5T,5,R,T,0.47368421052631576,21,12,9,-4.068637534772608,4.068637534772608,0.5714285714285714,0.4285714285714286,0.07683400039120428,4.145471535163813,21,P5,R5
NetTCR2.2,R5V,5,R,V,0.5141700404858299,21,13,8,-4.082032776621783,4.082032776621783,0.6190476190476191,0.38095238095238093,0.06343875854203053,4.145471535163813,21,P5,R5
NetTCR2.2,R5W,5,R,W,0.47368421052631576,21,12,9,-4.038140476703542,4.038140476703542,0.5714285714285714,0.4285714285714286,0.10733105846027086,4.145471535163813,21,P5,R5
NetTCR2.2,R5Y,5,R,Y,0.5175438596491228,21,12,9,-4.027849790021531,4.027849790021531,0.5714285714285714,0.4285714285714286,0.11762174514228178,4.145471535163813,21,P5,R5
NetTCR2.2,T6A,6,T,A,0.7953216374269005,21,18,3,-3.1453020979434663,3.1453020979434663,0.8571428571428571,0.1428571428571429,1.000169437220347,4.145471535163813,21,P6,non-R5
NetTCR2.2,T6C,6,T,C,0.8337950138504155,21,19,2,-2.425014147604694,2.425014147604694,0.9047619047619048,0.09523809523809523,1.7204573875591185,4.145471535163813,21,P6,non-R5
NetTCR2.2,T6D,6,T,D,0.47368421052631576,21,12,9,-3.9610118284897116,3.9610118284897116,0.5714285714285714,0.4285714285714286,0.18445970667410216,4.145471535163813,21,P6,non-R5
NetTCR2.2,T6E,6,T,E,0.47368421052631576,21,14,7,-4.0823481498798095,4.0823481498798095,0.6666666666666666,0.33333333333333337,0.06312338528400277,4.145471535163813,21,P6,non-R5
NetTCR2.2,T6F,6,T,F,0.47368421052631576,21,13,8,-3.894610942232536,3.894610942232536,0.6190476190476191,0.38095238095238093,0.25086059293127655,4.145471535163813,21,P6,non-R5
NetTCR2.2,T6G,6,T,G,0.8614958448753463,21,19,2,-2.6898123479315297,2.6898123479315297,0.9047619047619048,0.09523809523809523,1.4556591872322835,4.145471535163813,21,P6,non-R5
NetTCR2.2,T6H,6,T,H,0.47368421052631576,21,12,9,-3.7506124096734745,3.7506124096734745,0.5714285714285714,0.4285714285714286,0.3948591254903381,4.145471535163813,21,P6,non-R5
NetTCR2.2,T6I,6,T,I,0.47368421052631576,21,17,4,-3.1320628684324587,3.1320628684324587,0.8095238095238095,0.19047619047619047,1.0134086667313544,4.145471535163813,21,P6,non-R5
NetTCR2.2,T6K,6,T,K,0.5175438596491228,21,12,9,-4.077047044197654,4.077047044197654,0.5714285714285714,0.4285714285714286,0.06842449096615992,4.145471535163813,21,P6,non-R5
NetTCR2.2,T6L,6,T,L,0.8142414860681115,21,17,4,-3.3330387594393778,3.3330387594393778,0.8095238095238095,0.19047619047619047,0.8124327757244357,4.145471535163813,21,P6,non-R5
NetTCR2.2,T6M,6,T,M,0.7213622291021672,21,17,4,-3.6739169317196607,3.6739169317196607,0.8095238095238095,0.19047619047619047,0.47155460344415223,4.145471535163813,21,P6,non-R5
NetTCR2.2,T6N,6,T,N,0.8947368421052633,21,20,1,-2.912544956475058,2.912544956475058,0.9523809523809523,0.04761904761904767,1.2329265786887553,4.145471535163813,21,P6,non-R5
NetTCR2.2,T6P,6,T,P,0.47368421052631576,21,11,10,-4.09158703890258,4.09158703890258,0.5238095238095238,0.47619047619047616,0.05388449626123251,4.145471535163813,21,P6,non-R5
NetTCR2.2,T6Q,6,T,Q,0.6710526315789473,21,16,5,-3.8730619664039625,3.8730619664039625,0.7619047619047619,0.23809523809523814,0.2724095687598502,4.145471535163813,21,P6,non-R5
NetTCR2.2,T6R,6,T,R,0.5087719298245614,21,15,6,-3.939946257531636,3.939946257531636,0.7142857142857143,0.2857142857142857,0.20552527763217596,4.145471535163813,21,P6,non-R5
NetTCR2.2,T6S,6,T,S,0.9168975069252077,21,19,2,-3.1771188688244028,3.1771188688244028,0.9047619047619048,0.09523809523809523,0.9683526663394108,4.145471535163813,21,P6,non-R5
NetTCR2.2,T6V,6,T,V,0.8538011695906433,21,18,3,-2.7077003343451804,2.7077003343451804,0.8571428571428571,0.1428571428571429,1.4377712008186325,4.145471535163813,21,P6,non-R5
NetTCR2.2,T6W,6,T,W,0.47368421052631576,21,13,8,-3.961763811884335,3.961763811884335,0.6190476190476191,0.38095238095238093,0.18370772327947807,4.145471535163813,21,P6,non-R5
NetTCR2.2,T6Y,6,T,Y,0.47368421052631576,21,11,10,-3.8851958818627614,3.8851958818627614,0.5238095238095238,0.47619047619047616,0.26027565330105223,4.145471535163813,21,P6,non-R5
NetTCR2.2,F7A,7,F,A,0.47368421052631576,21,13,8,-3.842245895428418,3.842245895428418,0.6190476190476191,0.38095238095238093,0.30322563973539396,4.145471535163813,21,P7,non-R5
NetTCR2.2,F7C,7,F,C,0.6052631578947368,21,20,1,-2.584261048485574,2.584261048485574,0.9523809523809523,0.04761904761904767,1.561210486678239,4.145471535163813,21,P7,non-R5
NetTCR2.2,F7D,7,F,D,0.47368421052631576,21,11,10,-4.088514941129576,4.088514941129576,0.5238095238095238,0.47619047619047616,0.05695659403423692,4.145471535163813,21,P7,non-R5
NetTCR2.2,F7E,7,F,E,0.5112781954887218,21,14,7,-4.076998441620946,4.076998441620946,0.6666666666666666,0.33333333333333337,0.06847309354286747,4.145471535163813,21,P7,non-R5
NetTCR2.2,F7G,7,F,G,0.47368421052631576,21,11,10,-3.9258263304313368,3.9258263304313368,0.5238095238095238,0.47619047619047616,0.2196452047324763,4.145471535163813,21,P7,non-R5
NetTCR2.2,F7H,7,F,H,0.6398891966759003,21,19,2,-2.974637287199781,2.974637287199781,0.9047619047619048,0.09523809523809523,1.170834247964032,4.145471535163813,21,P7,non-R5
NetTCR2.2,F7I,7,F,I,0.667590027700831,21,19,2,-3.2187622947919774,3.2187622947919774,0.9047619047619048,0.09523809523809523,0.9267092403718358,4.145471535163813,21,P7,non-R5
NetTCR2.2,F7K,7,F,K,0.47368421052631576,21,12,9,-4.121650548987894,4.121650548987894,0.5714285714285714,0.4285714285714286,0.023820986175918456,4.145471535163813,21,P7,non-R5
NetTCR2.2,F7L,7,F,L,0.5906432748538012,21,18,3,-3.382941472902987,3.382941472902987,0.8571428571428571,0.1428571428571429,0.7625300622608258,4.145471535163813,21,P7,non-R5
NetTCR2.2,F7N,7,F,N,0.47368421052631576,21,14,7,-3.401643515878927,3.401643515878927,0.6666666666666666,0.33333333333333337,0.7438280192848847,4.145471535163813,21,P7,non-R5
NetTCR2.2,F7P,7,F,P,0.5087719298245614,21,15,6,-3.692830237532412,3.692830237532412,0.7142857142857143,0.2857142857142857,0.45264129763140043,4.145471535163813,21,P7,non-R5
NetTCR2.2,F7Q,7,F,Q,0.7368421052631579,21,18,3,-3.1857476944026955,3.1857476944026955,0.8571428571428571,0.1428571428571429,0.9597238407611173,4.145471535163813,21,P7,non-R5
NetTCR2.2,F7R,7,F,R,0.5175438596491228,21,12,9,-4.1317511361600365,4.1317511361600365,0.5714285714285714,0.4285714285714286,0.01372039900377687,4.145471535163813,21,P7,non-R5
NetTCR2.2,F7S,7,F,S,0.5087719298245614,21,15,6,-3.0538810074458382,3.0538810074458382,0.7142857142857143,0.2857142857142857,1.0915905277179743,4.145471535163813,21,P7,non-R5
NetTCR2.2,F7T,7,F,T,0.638157894736842,21,16,5,-3.158669392048917,3.158669392048917,0.7619047619047619,0.23809523809523814,0.9868021431148954,4.145471535163813,21,P7,non-R5
NetTCR2.2,F7V,7,F,V,0.8947368421052633,21,20,1,-2.882247712158553,2.882247712158553,0.9523809523809523,0.04761904761904767,1.2632238230052595,4.145471535163813,21,P7,non-R5
NetTCR2.2,F7W,7,F,W,0.628482972136223,21,17,4,-2.9665988383973736,2.9665988383973736,0.8095238095238095,0.19047619047619047,1.1788726967664398,4.145471535163813,21,P7,non-R5
NetTCR2.2,L8A,8,L,A,0.6198830409356725,21,18,3,-3.0105910616114793,3.0105910616114793,0.8571428571428571,0.1428571428571429,1.1348804735523335,4.145471535163813,21,P8,non-R5
NetTCR2.2,L8C,8,L,C,0.8157894736842105,21,20,1,-1.4826398937231102,1.4826398937231102,0.9523809523809523,0.04761904761904767,2.662831641440703,4.145471535163813,21,P8,non-R5
NetTCR2.2,L8D,8,L,D,0.5141700404858299,21,13,8,-4.019274659706137,4.019274659706137,0.6190476190476191,0.38095238095238093,0.12619687545767475,4.145471535163813,21,P8,non-R5
NetTCR2.2,L8E,8,L,E,0.6052631578947368,21,16,5,-3.4287066974044906,3.4287066974044906,0.7619047619047619,0.23809523809523814,0.7167648377593222,4.145471535163813,21,P8,non-R5
NetTCR2.2,L8F,8,L,F,0.9168975069252077,21,19,2,-1.8546000604116228,1.8546000604116228,0.9047619047619048,0.09523809523809523,2.290871474752189,4.145471535163813,21,P8,non-R5
NetTCR2.2,L8G,8,L,G,0.628482972136223,21,17,4,-3.178088344353855,3.178088344353855,0.8095238095238095,0.19047619047619047,0.9673831908099585,4.145471535163813,21,P8,non-R5
NetTCR2.2,L8H,8,L,H,0.9445983379501385,21,19,2,-2.2300097860181203,2.2300097860181203,0.9047619047619048,0.09523809523809523,1.915461749145693,4.145471535163813,21,P8,non-R5
NetTCR2.2,L8K,8,L,K,0.8060941828254847,21,19,2,-3.563282453148393,3.563282453148393,0.9047619047619048,0.09523809523809523,0.5821890820154193,4.145471535163813,21,P8,non-R5
NetTCR2.2,L8N,8,L,N,0.667590027700831,21,19,2,-2.407547516113828,2.407547516113828,0.9047619047619048,0.09523809523809523,1.7379240190499854,4.145471535163813,21,P8,non-R5
NetTCR2.2,L8P,8,L,P,0.6710526315789473,21,16,5,-3.1847402351299547,3.1847402351299547,0.7619047619047619,0.23809523809523814,0.9607313000338586,4.145471535163813,21,P8,non-R5
NetTCR2.2,L8Q,8,L,Q,0.9168975069252077,21,19,2,-1.7673604382867143,1.7673604382867143,0.9047619047619048,0.09523809523809523,2.3781110968770984,4.145471535163813,21,P8,non-R5
NetTCR2.2,L8R,8,L,R,0.8337950138504155,21,19,2,-3.032482667905828,3.032482667905828,0.9047619047619048,0.09523809523809523,1.1129888672579848,4.145471535163813,21,P8,non-R5
NetTCR2.2,L8S,8,L,S,0.8947368421052633,21,20,1,-2.443215428418519,2.443215428418519,0.9523809523809523,0.04761904761904767,1.7022561067452944,4.145471535163813,21,P8,non-R5
NetTCR2.2,L8T,8,L,T,0.9210526315789473,21,20,1,-1.3633417879191267,1.3633417879191267,0.9523809523809523,0.04761904761904767,2.782129747244686,4.145471535163813,21,P8,non-R5
NetTCR2.2,L8W,8,L,W,0.8614958448753463,21,19,2,-2.5987644992025816,2.5987644992025816,0.9047619047619048,0.09523809523809523,1.5467070359612318,4.145471535163813,21,P8,non-R5
NetTCR2.2,L8Y,8,L,Y,0.7368421052631579,21,18,3,-2.974465248565496,2.974465248565496,0.8571428571428571,0.1428571428571429,1.1710062865983168,4.145471535163813,21,P8,non-R5
NetTCR2.2,L9A,9,L,A,0.5321637426900585,21,18,3,-2.500660399781433,2.500660399781433,0.8571428571428571,0.1428571428571429,1.6448111353823793,4.145471535163813,21,P9,non-R5
NetTCR2.2,L9D,9,L,D,0.5975232198142415,21,17,4,-3.106317085000311,3.106317085000311,0.8095238095238095,0.19047619047619047,1.0391544501635015,4.145471535163813,21,P9,non-R5
NetTCR2.2,L9F,9,L,F,0.6842105263157895,21,20,1,-2.539974931077295,2.539974931077295,0.9523809523809523,0.04761904761904767,1.6054966040865177,4.145471535163813,21,P9,non-R5
NetTCR2.2,L9G,9,L,G,0.5356037151702786,21,17,4,-2.789633723830739,2.789633723830739,0.8095238095238095,0.19047619047619047,1.355837811333074,4.145471535163813,21,P9,non-R5
NetTCR2.2,L9R,9,L,R,0.628482972136223,21,17,4,-3.459781153995743,3.459781153995743,0.8095238095238095,0.19047619047619047,0.6856903811680698,4.145471535163813,21,P9,non-R5
NetTCR2.2,L9S,9,L,S,0.5321637426900585,21,18,3,-2.3795565723162517,2.3795565723162517,0.8571428571428571,0.1428571428571429,1.7659149628475617,4.145471535163813,21,P9,non-R5
NetTCR2.2,L9W,9,L,W,0.7894736842105263,21,20,1,-3.226049622211491,3.226049622211491,0.9523809523809523,0.04761904761904767,0.9194219129523225,4.145471535163813,21,P9,non-R5
NetTCR2.2,L9Y,9,L,Y,0.6710526315789473,21,16,5,-3.6614966381507412,3.6614966381507412,0.7619047619047619,0.23809523809523814,0.48397489701307184,4.145471535163813,21,P9,non-R5
ERGO2,L2D,2,L,D,0.6398891966759003,21,19,2,-3.512786014203991,3.512786014203991,0.9047619047619048,0.09523809523809523,0.6326855209598218,4.145471535163813,21,P2,non-R5
ERGO2,L2R,2,L,R,0.5356037151702786,21,17,4,-3.7084811415836145,3.7084811415836145,0.8095238095238095,0.19047619047619047,0.4369903935801985,4.145471535163813,21,P2,non-R5
ERGO2,L2W,2,L,W,0.5263157894736842,21,20,1,-3.145789955266732,3.145789955266732,0.9523809523809523,0.04761904761904767,0.9996815798970803,4.145471535163813,21,P2,non-R5
ERGO2,Q3C,3,Q,C,0.5263157894736842,21,20,1,-2.2753923267526823,2.2753923267526823,0.9523809523809523,0.04761904761904767,1.8700792084111308,4.145471535163813,21,P3,non-R5
ERGO2,Q3D,3,Q,D,0.5546558704453441,21,13,8,-3.9984814275044895,3.9984814275044895,0.6190476190476191,0.38095238095238093,0.14699010765932335,4.145471535163813,21,P3,non-R5
ERGO2,Q3E,3,Q,E,0.5356037151702786,21,17,4,-3.6195073795810324,3.6195073795810324,0.8095238095238095,0.19047619047619047,0.5259641555827804,4.145471535163813,21,P3,non-R5
ERGO2,Q3F,3,Q,F,0.569377990430622,21,11,10,-3.969896643708333,3.969896643708333,0.5238095238095238,0.47619047619047616,0.17557489145547947,4.145471535163813,21,P3,non-R5
ERGO2,Q3H,3,Q,H,0.5906432748538012,21,18,3,-3.8413641329636286,3.8413641329636286,0.8571428571428571,0.1428571428571429,0.3041074022001853,4.145471535163813,21,P3,non-R5
ERGO2,Q3K,3,Q,K,0.6121883656509695,21,19,2,-3.629642693980698,3.629642693980698,0.9047619047619048,0.09523809523809523,0.5158288411831159,4.145471535163813,21,P3,non-R5
ERGO2,Q3L,3,Q,L,0.667590027700831,21,19,2,-2.9907938363198436,2.9907938363198436,0.9047619047619048,0.09523809523809523,1.1546776988439693,4.145471535163813,21,P3,non-R5
ERGO2,Q3N,3,Q,N,0.7039473684210527,21,16,5,-3.4553142096753673,3.4553142096753673,0.7619047619047619,0.23809523809523814,0.6901573254884452,4.145471535163813,21,P3,non-R5
ERGO2,Q3P,3,Q,P,0.5906432748538012,21,18,3,-3.5460180956702123,3.5460180956702123,0.8571428571428571,0.1428571428571429,0.5994534394936002,4.145471535163813,21,P3,non-R5
ERGO2,Q3R,3,Q,R,0.5394736842105263,21,16,5,-3.8734750537760854,3.8734750537760854,0.7619047619047619,0.23809523809523814,0.2719964813877268,4.145471535163813,21,P3,non-R5
ERGO2,Q3T,3,Q,T,0.5290858725761772,21,19,2,-3.3184904208104085,3.3184904208104085,0.9047619047619048,0.09523809523809523,0.8269811143534037,4.145471535163813,21,P3,non-R5
ERGO2,Q3V,3,Q,V,0.667590027700831,21,19,2,-2.935175399257961,2.935175399257961,0.9047619047619048,0.09523809523809523,1.2102961359058515,4.145471535163813,21,P3,non-R5
ERGO2,Q3W,3,Q,W,0.6140350877192983,21,15,6,-3.9591914665435968,3.9591914665435968,0.7142857142857143,0.2857142857142857,0.18628006862021576,4.145471535163813,21,P3,non-R5
ERGO2,Q3Y,3,Q,Y,0.638157894736842,21,16,5,-3.9762518127010886,3.9762518127010886,0.7619047619047619,0.23809523809523814,0.16921972246272415,4.145471535163813,21,P3,non-R5
ERGO2,P4C,4,P,C,0.6198830409356725,21,18,3,-3.160701385577715,3.160701385577715,0.8571428571428571,0.1428571428571429,0.9847701495860974,4.145471535163813,21,P4,non-R5
ERGO2,P4D,4,P,D,0.667590027700831,21,19,2,-3.7777094352921807,3.7777094352921807,0.9047619047619048,0.09523809523809523,0.36776209987163166,4.145471535163813,21,P4,non-R5
ERGO2,P4E,4,P,E,0.5356037151702786,21,17,4,-3.5296476268619936,3.5296476268619936,0.8095238095238095,0.19047619047619047,0.6158239083018188,4.145471535163813,21,P4,non-R5
ERGO2,P4F,4,P,F,0.5321637426900585,21,18,3,-3.7124933907660034,3.7124933907660034,0.8571428571428571,0.1428571428571429,0.43297814439780924,4.145471535163813,21,P4,non-R5
ERGO2,P4H,4,P,H,0.5844875346260388,21,19,2,-2.673637483035744,2.673637483035744,0.9047619047619048,0.09523809523809523,1.4718340521280686,4.145471535163813,21,P4,non-R5
ERGO2,P4I,4,P,I,0.628482972136223,21,17,4,-3.4770534039534717,3.4770534039534717,0.8095238095238095,0.19047619047619047,0.6684181312103404,4.145471535163813,21,P4,non-R5
ERGO2,P4K,4,P,K,0.5488721804511278,21,14,7,-3.893210117440949,3.893210117440949,0.6666666666666666,0.33333333333333337,0.2522614177228646,4.145471535163813,21,P4,non-R5
ERGO2,P4L,4,P,L,0.5906432748538012,21,18,3,-3.8282562275505834,3.8282562275505834,0.8571428571428571,0.1428571428571429,0.31721530761322886,4.145471535163813,21,P4,non-R5
ERGO2,P4M,4,P,M,0.5394736842105263,21,16,5,-3.358864930534401,3.358864930534401,0.7619047619047619,0.23809523809523814,0.786606604629412,4.145471535163813,21,P4,non-R5
ERGO2,P4N,4,P,N,0.5789473684210527,21,20,1,-3.0642225395539517,3.0642225395539517,0.9523809523809523,0.04761904761904767,1.081248995609861,4.145471535163813,21,P4,non-R5
ERGO2,P4Q,4,P,Q,0.5975232198142415,21,17,4,-2.692403826929383,2.692403826929383,0.8095238095238095,0.19047619047619047,1.45306770823443,4.145471535163813,21,P4,non-R5
ERGO2,P4R,4,P,R,0.6198830409356725,21,18,3,-3.4375064394076396,3.4375064394076396,0.8571428571428571,0.1428571428571429,0.7079650957561732,4.145471535163813,21,P4,non-R5
ERGO2,P4S,4,P,S,0.5526315789473684,21,20,1,-2.7008827080294187,2.7008827080294187,0.9523809523809523,0.04761904761904767,1.4445888271343943,4.145471535163813,21,P4,non-R5
ERGO2,P4T,4,P,T,0.6992481203007519,21,14,7,-3.4375396657783077,3.4375396657783077,0.6666666666666666,0.33333333333333337,0.7079318693855052,4.145471535163813,21,P4,non-R5
ERGO2,P4V,4,P,V,0.628482972136223,21,17,4,-3.697780088418393,3.697780088418393,0.8095238095238095,0.19047619047619047,0.44769144674541944,4.145471535163813,21,P4,non-R5
ERGO2,P4W,4,P,W,0.8947368421052633,21,20,1,-3.002547261825028,3.002547261825028,0.9523809523809523,0.04761904761904767,1.1429242733387848,4.145471535163813,21,P4,non-R5
ERGO2,P4Y,4,P,Y,0.5356037151702786,21,17,4,-3.900733454621152,3.900733454621152,0.8095238095238095,0.19047619047619047,0.24473808054266036,4.145471535163813,21,P4,non-R5
ERGO2,R5A,5,R,A,0.5488721804511278,21,14,7,-3.9862401823770135,3.9862401823770135,0.6666666666666666,0.33333333333333337,0.15923135278679967,4.145471535163813,21,P5,R5
ERGO2,R5C,5,R,C,0.569377990430622,21,11,10,-4.0258428624928895,4.0258428624928895,0.5238095238095238,0.47619047619047616,0.1196286726709235,4.145471535163813,21,P5,R5
ERGO2,R5D,5,R,D,0.583732057416268,21,10,11,-4.169190874571867,4.169190874571867,0.47619047619047616,0.5238095238095238,-0.023719339408054468,4.145471535163813,21,P5,R5
ERGO2,R5E,5,R,E,0.543859649122807,21,15,6,-4.064428742892594,4.064428742892594,0.7142857142857143,0.2857142857142857,0.08104279227121902,4.145471535163813,21,P5,R5
ERGO2,R5F,5,R,F,0.5215311004784688,21,11,10,-3.9905648057039724,3.9905648057039724,0.5238095238095238,0.47619047619047616,0.1549067294598395,4.145471535163813,21,P5,R5
ERGO2,R5G,5,R,G,0.5175438596491228,21,12,9,-4.096260434122478,4.096260434122478,0.5714285714285714,0.4285714285714286,0.049211101041333846,4.145471535163813,21,P5,R5
ERGO2,R5H,5,R,H,0.5488721804511278,21,14,7,-4.056120074072591,4.056120074072591,0.6666666666666666,0.33333333333333337,0.08935146109122186,4.145471535163813,21,P5,R5
ERGO2,R5I,5,R,I,0.7270955165692008,21,9,12,-4.816045917171094,4.816045917171094,0.42857142857142855,0.5714285714285714,-0.6705743820072806,4.145471535163813,21,P5,R5
ERGO2,R5K,5,R,K,0.5141700404858299,21,13,8,-3.920417288566487,3.920417288566487,0.6190476190476191,0.38095238095238093,0.22505424659732576,4.145471535163813,21,P5,R5
ERGO2,R5L,5,R,L,0.5263157894736842,21,10,11,-4.146123746477146,4.146123746477146,0.47619047619047616,0.5238095238095238,-0.0006522113133329196,4.145471535163813,21,P5,R5
ERGO2,R5M,5,R,M,0.5394736842105263,21,8,13,-4.090033893976655,4.090033893976655,0.38095238095238093,0.6190476190476191,0.05543764118715774,4.145471535163813,21,P5,R5
ERGO2,R5N,5,R,N,0.5546558704453441,21,13,8,-4.0864686208859,4.0864686208859,0.6190476190476191,0.38095238095238093,0.05900291427791291,4.145471535163813,21,P5,R5
ERGO2,R5P,5,R,P,0.5141700404858299,21,13,8,-4.085874156789295,4.085874156789295,0.6190476190476191,0.38095238095238093,0.059597378374518666,4.145471535163813,21,P5,R5
ERGO2,R5Q,5,R,Q,0.6140350877192983,21,15,6,-4.049717437110483,4.049717437110483,0.7142857142857143,0.2857142857142857,0.09575409805333016,4.145471535163813,21,P5,R5
ERGO2,R5S,5,R,S,0.5263157894736842,21,10,11,-3.981859332687196,3.981859332687196,0.47619047619047616,0.5238095238095238,0.16361220247661712,4.145471535163813,21,P5,R5
ERGO2,R5T,5,R,T,0.5175438596491228,21,12,9,-4.068637534772608,4.068637534772608,0.5714285714285714,0.4285714285714286,0.07683400039120428,4.145471535163813,21,P5,R5
ERGO2,R5V,5,R,V,0.5141700404858299,21,13,8,-4.082032776621783,4.082032776621783,0.6190476190476191,0.38095238095238093,0.06343875854203053,4.145471535163813,21,P5,R5
ERGO2,R5W,5,R,W,0.5175438596491228,21,12,9,-4.038140476703542,4.038140476703542,0.5714285714285714,0.4285714285714286,0.10733105846027086,4.145471535163813,21,P5,R5
ERGO2,R5Y,5,R,Y,0.5175438596491228,21,12,9,-4.027849790021531,4.027849790021531,0.5714285714285714,0.4285714285714286,0.11762174514228178,4.145471535163813,21,P5,R5
ERGO2,T6A,6,T,A,0.5029239766081871,21,18,3,-3.1453020979434663,3.1453020979434663,0.8571428571428571,0.1428571428571429,1.000169437220347,4.145471535163813,21,P6,non-R5
ERGO2,T6C,6,T,C,0.5013850415512465,21,19,2,-2.425014147604694,2.425014147604694,0.9047619047619048,0.09523809523809523,1.7204573875591185,4.145471535163813,21,P6,non-R5
ERGO2,T6D,6,T,D,0.5175438596491228,21,12,9,-3.9610118284897116,3.9610118284897116,0.5714285714285714,0.4285714285714286,0.18445970667410216,4.145471535163813,21,P6,non-R5
ERGO2,T6E,6,T,E,0.5112781954887218,21,14,7,-4.0823481498798095,4.0823481498798095,0.6666666666666666,0.33333333333333337,0.06312338528400277,4.145471535163813,21,P6,non-R5
ERGO2,T6F,6,T,F,0.5141700404858299,21,13,8,-3.894610942232536,3.894610942232536,0.6190476190476191,0.38095238095238093,0.25086059293127655,4.145471535163813,21,P6,non-R5
ERGO2,T6G,6,T,G,0.5290858725761772,21,19,2,-2.6898123479315297,2.6898123479315297,0.9047619047619048,0.09523809523809523,1.4556591872322835,4.145471535163813,21,P6,non-R5
ERGO2,T6H,6,T,H,0.5175438596491228,21,12,9,-3.7506124096734745,3.7506124096734745,0.5714285714285714,0.4285714285714286,0.3948591254903381,4.145471535163813,21,P6,non-R5
ERGO2,T6I,6,T,I,0.5046439628482972,21,17,4,-3.1320628684324587,3.1320628684324587,0.8095238095238095,0.19047619047619047,1.0134086667313544,4.145471535163813,21,P6,non-R5
ERGO2,T6K,6,T,K,0.5175438596491228,21,12,9,-4.077047044197654,4.077047044197654,0.5714285714285714,0.4285714285714286,0.06842449096615992,4.145471535163813,21,P6,non-R5
ERGO2,T6L,6,T,L,0.5046439628482972,21,17,4,-3.3330387594393778,3.3330387594393778,0.8095238095238095,0.19047619047619047,0.8124327757244357,4.145471535163813,21,P6,non-R5
ERGO2,T6M,6,T,M,0.5046439628482972,21,17,4,-3.6739169317196607,3.6739169317196607,0.8095238095238095,0.19047619047619047,0.47155460344415223,4.145471535163813,21,P6,non-R5
ERGO2,T6N,6,T,N,0.5,21,20,1,-2.912544956475058,2.912544956475058,0.9523809523809523,0.04761904761904767,1.2329265786887553,4.145471535163813,21,P6,non-R5
ERGO2,T6P,6,T,P,0.5215311004784688,21,11,10,-4.09158703890258,4.09158703890258,0.5238095238095238,0.47619047619047616,0.05388449626123251,4.145471535163813,21,P6,non-R5
ERGO2,T6Q,6,T,Q,0.506578947368421,21,16,5,-3.8730619664039625,3.8730619664039625,0.7619047619047619,0.23809523809523814,0.2724095687598502,4.145471535163813,21,P6,non-R5
ERGO2,T6R,6,T,R,0.5087719298245614,21,15,6,-3.939946257531636,3.939946257531636,0.7142857142857143,0.2857142857142857,0.20552527763217596,4.145471535163813,21,P6,non-R5
ERGO2,T6S,6,T,S,0.5290858725761772,21,19,2,-3.1771188688244028,3.1771188688244028,0.9047619047619048,0.09523809523809523,0.9683526663394108,4.145471535163813,21,P6,non-R5
ERGO2,T6V,6,T,V,0.5029239766081871,21,18,3,-2.7077003343451804,2.7077003343451804,0.8571428571428571,0.1428571428571429,1.4377712008186325,4.145471535163813,21,P6,non-R5
ERGO2,T6W,6,T,W,0.5141700404858299,21,13,8,-3.961763811884335,3.961763811884335,0.6190476190476191,0.38095238095238093,0.18370772327947807,4.145471535163813,21,P6,non-R5
ERGO2,T6Y,6,T,Y,0.5215311004784688,21,11,10,-3.8851958818627614,3.8851958818627614,0.5238095238095238,0.47619047619047616,0.26027565330105223,4.145471535163813,21,P6,non-R5
ERGO2,F7A,7,F,A,0.5141700404858299,21,13,8,-3.842245895428418,3.842245895428418,0.6190476190476191,0.38095238095238093,0.30322563973539396,4.145471535163813,21,P7,non-R5
ERGO2,F7C,7,F,C,0.7368421052631579,21,20,1,-2.584261048485574,2.584261048485574,0.9523809523809523,0.04761904761904767,1.561210486678239,4.145471535163813,21,P7,non-R5
ERGO2,F7D,7,F,D,0.5215311004784688,21,11,10,-4.088514941129576,4.088514941129576,0.5238095238095238,0.47619047619047616,0.05695659403423692,4.145471535163813,21,P7,non-R5
ERGO2,F7E,7,F,E,0.5112781954887218,21,14,7,-4.076998441620946,4.076998441620946,0.6666666666666666,0.33333333333333337,0.06847309354286747,4.145471535163813,21,P7,non-R5
ERGO2,F7G,7,F,G,0.5215311004784688,21,11,10,-3.9258263304313368,3.9258263304313368,0.5238095238095238,0.47619047619047616,0.2196452047324763,4.145471535163813,21,P7,non-R5
ERGO2,F7H,7,F,H,0.5013850415512465,21,19,2,-2.974637287199781,2.974637287199781,0.9047619047619048,0.09523809523809523,1.170834247964032,4.145471535163813,21,P7,non-R5
ERGO2,F7I,7,F,I,0.5013850415512465,21,19,2,-3.2187622947919774,3.2187622947919774,0.9047619047619048,0.09523809523809523,0.9267092403718358,4.145471535163813,21,P7,non-R5
ERGO2,F7K,7,F,K,0.5175438596491228,21,12,9,-4.121650548987894,4.121650548987894,0.5714285714285714,0.4285714285714286,0.023820986175918456,4.145471535163813,21,P7,non-R5
ERGO2,F7L,7,F,L,0.6783625730994152,21,18,3,-3.382941472902987,3.382941472902987,0.8571428571428571,0.1428571428571429,0.7625300622608258,4.145471535163813,21,P7,non-R5
ERGO2,F7N,7,F,N,0.5112781954887218,21,14,7,-3.401643515878927,3.401643515878927,0.6666666666666666,0.33333333333333337,0.7438280192848847,4.145471535163813,21,P7,non-R5
ERGO2,F7P,7,F,P,0.5087719298245614,21,15,6,-3.692830237532412,3.692830237532412,0.7142857142857143,0.2857142857142857,0.45264129763140043,4.145471535163813,21,P7,non-R5
ERGO2,F7Q,7,F,Q,0.5029239766081871,21,18,3,-3.1857476944026955,3.1857476944026955,0.8571428571428571,0.1428571428571429,0.9597238407611173,4.145471535163813,21,P7,non-R5
ERGO2,F7R,7,F,R,0.5175438596491228,21,12,9,-4.1317511361600365,4.1317511361600365,0.5714285714285714,0.4285714285714286,0.01372039900377687,4.145471535163813,21,P7,non-R5
ERGO2,F7S,7,F,S,0.5087719298245614,21,15,6,-3.0538810074458382,3.0538810074458382,0.7142857142857143,0.2857142857142857,1.0915905277179743,4.145471535163813,21,P7,non-R5
ERGO2,F7T,7,F,T,0.506578947368421,21,16,5,-3.158669392048917,3.158669392048917,0.7619047619047619,0.23809523809523814,0.9868021431148954,4.145471535163813,21,P7,non-R5
ERGO2,F7V,7,F,V,0.5,21,20,1,-2.882247712158553,2.882247712158553,0.9523809523809523,0.04761904761904767,1.2632238230052595,4.145471535163813,21,P7,non-R5
ERGO2,F7W,7,F,W,0.5046439628482972,21,17,4,-2.9665988383973736,2.9665988383973736,0.8095238095238095,0.19047619047619047,1.1788726967664398,4.145471535163813,21,P7,non-R5
ERGO2,L8A,8,L,A,0.5029239766081871,21,18,3,-3.0105910616114793,3.0105910616114793,0.8571428571428571,0.1428571428571429,1.1348804735523335,4.145471535163813,21,P8,non-R5
ERGO2,L8C,8,L,C,0.5263157894736842,21,20,1,-1.4826398937231102,1.4826398937231102,0.9523809523809523,0.04761904761904767,2.662831641440703,4.145471535163813,21,P8,non-R5
ERGO2,L8D,8,L,D,0.5141700404858299,21,13,8,-4.019274659706137,4.019274659706137,0.6190476190476191,0.38095238095238093,0.12619687545767475,4.145471535163813,21,P8,non-R5
ERGO2,L8E,8,L,E,0.506578947368421,21,16,5,-3.4287066974044906,3.4287066974044906,0.7619047619047619,0.23809523809523814,0.7167648377593222,4.145471535163813,21,P8,non-R5
ERGO2,L8F,8,L,F,0.5290858725761772,21,19,2,-1.8546000604116228,1.8546000604116228,0.9047619047619048,0.09523809523809523,2.290871474752189,4.145471535163813,21,P8,non-R5
ERGO2,L8G,8,L,G,0.5046439628482972,21,17,4,-3.178088344353855,3.178088344353855,0.8095238095238095,0.19047619047619047,0.9673831908099585,4.145471535163813,21,P8,non-R5
ERGO2,L8H,8,L,H,0.5290858725761772,21,19,2,-2.2300097860181203,2.2300097860181203,0.9047619047619048,0.09523809523809523,1.915461749145693,4.145471535163813,21,P8,non-R5
ERGO2,L8K,8,L,K,0.5290858725761772,21,19,2,-3.563282453148393,3.563282453148393,0.9047619047619048,0.09523809523809523,0.5821890820154193,4.145471535163813,21,P8,non-R5
ERGO2,L8N,8,L,N,0.5290858725761772,21,19,2,-2.407547516113828,2.407547516113828,0.9047619047619048,0.09523809523809523,1.7379240190499854,4.145471535163813,21,P8,non-R5
ERGO2,L8P,8,L,P,0.506578947368421,21,16,5,-3.1847402351299547,3.1847402351299547,0.7619047619047619,0.23809523809523814,0.9607313000338586,4.145471535163813,21,P8,non-R5
ERGO2,L8Q,8,L,Q,0.5290858725761772,21,19,2,-1.7673604382867143,1.7673604382867143,0.9047619047619048,0.09523809523809523,2.3781110968770984,4.145471535163813,21,P8,non-R5
ERGO2,L8R,8,L,R,0.5290858725761772,21,19,2,-3.032482667905828,3.032482667905828,0.9047619047619048,0.09523809523809523,1.1129888672579848,4.145471535163813,21,P8,non-R5
ERGO2,L8S,8,L,S,0.5263157894736842,21,20,1,-2.443215428418519,2.443215428418519,0.9523809523809523,0.04761904761904767,1.7022561067452944,4.145471535163813,21,P8,non-R5
ERGO2,L8T,8,L,T,0.5263157894736842,21,20,1,-1.3633417879191267,1.3633417879191267,0.9523809523809523,0.04761904761904767,2.782129747244686,4.145471535163813,21,P8,non-R5
ERGO2,L8W,8,L,W,0.5290858725761772,21,19,2,-2.5987644992025816,2.5987644992025816,0.9047619047619048,0.09523809523809523,1.5467070359612318,4.145471535163813,21,P8,non-R5
ERGO2,L8Y,8,L,Y,0.5321637426900585,21,18,3,-2.974465248565496,2.974465248565496,0.8571428571428571,0.1428571428571429,1.1710062865983168,4.145471535163813,21,P8,non-R5
ERGO2,L9A,9,L,A,0.5321637426900585,21,18,3,-2.500660399781433,2.500660399781433,0.8571428571428571,0.1428571428571429,1.6448111353823793,4.145471535163813,21,P9,non-R5
ERGO2,L9D,9,L,D,0.5356037151702786,21,17,4,-3.106317085000311,3.106317085000311,0.8095238095238095,0.19047619047619047,1.0391544501635015,4.145471535163813,21,P9,non-R5
ERGO2,L9F,9,L,F,0.6578947368421052,21,20,1,-2.539974931077295,2.539974931077295,0.9523809523809523,0.04761904761904767,1.6054966040865177,4.145471535163813,21,P9,non-R5
ERGO2,L9G,9,L,G,0.5356037151702786,21,17,4,-2.789633723830739,2.789633723830739,0.8095238095238095,0.19047619047619047,1.355837811333074,4.145471535163813,21,P9,non-R5
ERGO2,L9R,9,L,R,0.5356037151702786,21,17,4,-3.459781153995743,3.459781153995743,0.8095238095238095,0.19047619047619047,0.6856903811680698,4.145471535163813,21,P9,non-R5
ERGO2,L9S,9,L,S,0.5321637426900585,21,18,3,-2.3795565723162517,2.3795565723162517,0.8571428571428571,0.1428571428571429,1.7659149628475617,4.145471535163813,21,P9,non-R5
ERGO2,L9W,9,L,W,0.631578947368421,21,20,1,-3.226049622211491,3.226049622211491,0.9523809523809523,0.04761904761904767,0.9194219129523225,4.145471535163813,21,P9,non-R5
ERGO2,L9Y,9,L,Y,0.5394736842105263,21,16,5,-3.6614966381507412,3.6614966381507412,0.7619047619047619,0.23809523809523814,0.48397489701307184,4.145471535163813,21,P9,non-R5
SCEPTR,L2D,2,L,D,0.49584487534626037,21,19,2,-3.512786014203991,3.512786014203991,0.9047619047619048,0.09523809523809523,0.6326855209598218,4.145471535163813,21,P2,non-R5
SCEPTR,L2R,2,L,R,0.5232198142414861,21,17,4,-3.7084811415836145,3.7084811415836145,0.8095238095238095,0.19047619047619047,0.4369903935801985,4.145471535163813,21,P2,non-R5
SCEPTR,L2W,2,L,W,0.4842105263157895,21,20,1,-3.145789955266732,3.145789955266732,0.9523809523809523,0.04761904761904767,0.9996815798970803,4.145471535163813,21,P2,non-R5
SCEPTR,Q3C,3,Q,C,0.4842105263157895,21,20,1,-2.2753923267526823,2.2753923267526823,0.9523809523809523,0.04761904761904767,1.8700792084111308,4.145471535163813,21,P3,non-R5
SCEPTR,Q3D,3,Q,D,0.5060728744939271,21,13,8,-3.9984814275044895,3.9984814275044895,0.6190476190476191,0.38095238095238093,0.14699010765932335,4.145471535163813,21,P3,non-R5
SCEPTR,Q3E,3,Q,E,0.4953560371517028,21,17,4,-3.6195073795810324,3.6195073795810324,0.8095238095238095,0.19047619047619047,0.5259641555827804,4.145471535163813,21,P3,non-R5
SCEPTR,Q3F,3,Q,F,0.5215311004784688,21,11,10,-3.969896643708333,3.969896643708333,0.5238095238095238,0.47619047619047616,0.17557489145547947,4.145471535163813,21,P3,non-R5
SCEPTR,Q3H,3,Q,H,0.48903508771929827,21,18,3,-3.8413641329636286,3.8413641329636286,0.8571428571428571,0.1428571428571429,0.3041074022001853,4.145471535163813,21,P3,non-R5
SCEPTR,Q3K,3,Q,K,0.49584487534626037,21,19,2,-3.629642693980698,3.629642693980698,0.9047619047619048,0.09523809523809523,0.5158288411831159,4.145471535163813,21,P3,non-R5
SCEPTR,Q3L,3,Q,L,0.868421052631579,21,19,2,-2.9907938363198436,2.9907938363198436,0.9047619047619048,0.09523809523809523,1.1546776988439693,4.145471535163813,21,P3,non-R5
SCEPTR,Q3N,3,Q,N,0.814967105263158,21,16,5,-3.4553142096753673,3.4553142096753673,0.7619047619047619,0.23809523809523814,0.6901573254884452,4.145471535163813,21,P3,non-R5
SCEPTR,Q3P,3,Q,P,0.5087719298245614,21,18,3,-3.5460180956702123,3.5460180956702123,0.8571428571428571,0.1428571428571429,0.5994534394936002,4.145471535163813,21,P3,non-R5
SCEPTR,Q3R,3,Q,R,0.5024671052631579,21,16,5,-3.8734750537760854,3.8734750537760854,0.7619047619047619,0.23809523809523814,0.2719964813877268,4.145471535163813,21,P3,non-R5
SCEPTR,Q3T,3,Q,T,0.49584487534626037,21,19,2,-3.3184904208104085,3.3184904208104085,0.9047619047619048,0.09523809523809523,0.8269811143534037,4.145471535163813,21,P3,non-R5
SCEPTR,Q3V,3,Q,V,0.8947368421052633,21,19,2,-2.935175399257961,2.935175399257961,0.9047619047619048,0.09523809523809523,1.2102961359058515,4.145471535163813,21,P3,non-R5
SCEPTR,Q3W,3,Q,W,0.5105263157894737,21,15,6,-3.9591914665435968,3.9591914665435968,0.7142857142857143,0.2857142857142857,0.18628006862021576,4.145471535163813,21,P3,non-R5
SCEPTR,Q3Y,3,Q,Y,0.5024671052631579,21,16,5,-3.9762518127010886,3.9762518127010886,0.7619047619047619,0.23809523809523814,0.16921972246272415,4.145471535163813,21,P3,non-R5
SCEPTR,P4C,4,P,C,0.5087719298245614,21,18,3,-3.160701385577715,3.160701385577715,0.8571428571428571,0.1428571428571429,0.9847701495860974,4.145471535163813,21,P4,non-R5
SCEPTR,P4D,4,P,D,0.868421052631579,21,19,2,-3.7777094352921807,3.7777094352921807,0.9047619047619048,0.09523809523809523,0.36776209987163166,4.145471535163813,21,P4,non-R5
SCEPTR,P4E,4,P,E,0.4953560371517028,21,17,4,-3.5296476268619936,3.5296476268619936,0.8095238095238095,0.19047619047619047,0.6158239083018188,4.145471535163813,21,P4,non-R5
SCEPTR,P4F,4,P,F,0.48903508771929827,21,18,3,-3.7124933907660034,3.7124933907660034,0.8571428571428571,0.1428571428571429,0.43297814439780924,4.145471535163813,21,P4,non-R5
SCEPTR,P4H,4,P,H,0.49584487534626037,21,19,2,-2.673637483035744,2.673637483035744,0.9047619047619048,0.09523809523809523,1.4718340521280686,4.145471535163813,21,P4,non-R5
SCEPTR,P4I,4,P,I,0.5232198142414861,21,17,4,-3.4770534039534717,3.4770534039534717,0.8095238095238095,0.19047619047619047,0.6684181312103404,4.145471535163813,21,P4,non-R5
SCEPTR,P4K,4,P,K,0.5,21,14,7,-3.893210117440949,3.893210117440949,0.6666666666666666,0.33333333333333337,0.2522614177228646,4.145471535163813,21,P4,non-R5
SCEPTR,P4L,4,P,L,0.5087719298245614,21,18,3,-3.8282562275505834,3.8282562275505834,0.8571428571428571,0.1428571428571429,0.31721530761322886,4.145471535163813,21,P4,non-R5
SCEPTR,P4M,4,P,M,0.5024671052631579,21,16,5,-3.358864930534401,3.358864930534401,0.7619047619047619,0.23809523809523814,0.786606604629412,4.145471535163813,21,P4,non-R5
SCEPTR,P4N,4,P,N,0.4842105263157895,21,20,1,-3.0642225395539517,3.0642225395539517,0.9523809523809523,0.04761904761904767,1.081248995609861,4.145471535163813,21,P4,non-R5
SCEPTR,P4Q,4,P,Q,0.5232198142414861,21,17,4,-2.692403826929383,2.692403826929383,0.8095238095238095,0.19047619047619047,1.45306770823443,4.145471535163813,21,P4,non-R5
SCEPTR,P4R,4,P,R,0.48903508771929827,21,18,3,-3.4375064394076396,3.4375064394076396,0.8571428571428571,0.1428571428571429,0.7079650957561732,4.145471535163813,21,P4,non-R5
SCEPTR,P4S,4,P,S,0.4842105263157895,21,20,1,-2.7008827080294187,2.7008827080294187,0.9523809523809523,0.04761904761904767,1.4445888271343943,4.145471535163813,21,P4,non-R5
SCEPTR,P4T,4,P,T,0.5197368421052632,21,14,7,-3.4375396657783077,3.4375396657783077,0.6666666666666666,0.33333333333333337,0.7079318693855052,4.145471535163813,21,P4,non-R5
SCEPTR,P4V,4,P,V,0.4953560371517028,21,17,4,-3.697780088418393,3.697780088418393,0.8095238095238095,0.19047619047619047,0.44769144674541944,4.145471535163813,21,P4,non-R5
SCEPTR,P4W,4,P,W,0.4842105263157895,21,20,1,-3.002547261825028,3.002547261825028,0.9523809523809523,0.04761904761904767,1.1429242733387848,4.145471535163813,21,P4,non-R5
SCEPTR,P4Y,4,P,Y,0.48606811145510836,21,17,4,-3.900733454621152,3.900733454621152,0.8095238095238095,0.19047619047619047,0.24473808054266036,4.145471535163813,21,P4,non-R5
SCEPTR,R5A,5,R,A,0.5,21,14,7,-3.9862401823770135,3.9862401823770135,0.6666666666666666,0.33333333333333337,0.15923135278679967,4.145471535163813,21,P5,R5
SCEPTR,R5C,5,R,C,0.5035885167464115,21,11,10,-4.0258428624928895,4.0258428624928895,0.5238095238095238,0.47619047619047616,0.1196286726709235,4.145471535163813,21,P5,R5
SCEPTR,R5D,5,R,D,0.4968421052631579,21,10,11,-4.169190874571867,4.169190874571867,0.47619047619047616,0.5238095238095238,-0.023719339408054468,4.145471535163813,21,P5,R5
SCEPTR,R5E,5,R,E,0.4868421052631579,21,15,6,-4.064428742892594,4.064428742892594,0.7142857142857143,0.2857142857142857,0.08104279227121902,4.145471535163813,21,P5,R5
SCEPTR,R5F,5,R,F,0.5215311004784688,21,11,10,-3.9905648057039724,3.9905648057039724,0.5238095238095238,0.47619047619047616,0.1549067294598395,4.145471535163813,21,P5,R5
SCEPTR,R5G,5,R,G,0.5131578947368421,21,12,9,-4.096260434122478,4.096260434122478,0.5714285714285714,0.4285714285714286,0.049211101041333846,4.145471535163813,21,P5,R5
SCEPTR,R5H,5,R,H,0.4901315789473684,21,14,7,-4.056120074072591,4.056120074072591,0.6666666666666666,0.33333333333333337,0.08935146109122186,4.145471535163813,21,P5,R5
SCEPTR,R5I,5,R,I,0.5175438596491229,21,9,12,-4.816045917171094,4.816045917171094,0.42857142857142855,0.5714285714285714,-0.6705743820072806,4.145471535163813,21,P5,R5
SCEPTR,R5K,5,R,K,0.6032388663967612,21,13,8,-3.920417288566487,3.920417288566487,0.6190476190476191,0.38095238095238093,0.22505424659732576,4.145471535163813,21,P5,R5
SCEPTR,R5L,5,R,L,0.5098684210526315,21,10,11,-4.146123746477146,4.146123746477146,0.47619047619047616,0.5238095238095238,-0.0006522113133329196,4.145471535163813,21,P5,R5
SCEPTR,R5M,5,R,M,0.5271381578947368,21,8,13,-4.090033893976655,4.090033893976655,0.38095238095238093,0.6190476190476191,0.05543764118715774,4.145471535163813,21,P5,R5
SCEPTR,R5N,5,R,N,0.4939271255060729,21,13,8,-4.0864686208859,4.0864686208859,0.6190476190476191,0.38095238095238093,0.05900291427791291,4.145471535163813,21,P5,R5
SCEPTR,R5P,5,R,P,0.5303643724696356,21,13,8,-4.085874156789295,4.085874156789295,0.6190476190476191,0.38095238095238093,0.059597378374518666,4.145471535163813,21,P5,R5
SCEPTR,R5Q,5,R,Q,0.49473684210526314,21,15,6,-4.049717437110483,4.049717437110483,0.7142857142857143,0.2857142857142857,0.09575409805333016,4.145471535163813,21,P5,R5
SCEPTR,R5S,5,R,S,0.5098684210526315,21,10,11,-3.981859332687196,3.981859332687196,0.47619047619047616,0.5238095238095238,0.16361220247661712,4.145471535163813,21,P5,R5
SCEPTR,R5T,5,R,T,0.5427631578947368,21,12,9,-4.068637534772608,4.068637534772608,0.5714285714285714,0.4285714285714286,0.07683400039120428,4.145471535163813,21,P5,R5
SCEPTR,R5V,5,R,V,0.5303643724696356,21,13,8,-4.082032776621783,4.082032776621783,0.6190476190476191,0.38095238095238093,0.06343875854203053,4.145471535163813,21,P5,R5
SCEPTR,R5W,5,R,W,0.5427631578947368,21,12,9,-4.038140476703542,4.038140476703542,0.5714285714285714,0.4285714285714286,0.10733105846027086,4.145471535163813,21,P5,R5
SCEPTR,R5Y,5,R,Y,0.5427631578947368,21,12,9,-4.027849790021531,4.027849790021531,0.5714285714285714,0.4285714285714286,0.11762174514228178,4.145471535163813,21,P5,R5
SCEPTR,T6A,6,T,A,0.5087719298245614,21,18,3,-3.1453020979434663,3.1453020979434663,0.8571428571428571,0.1428571428571429,1.000169437220347,4.145471535163813,21,P6,non-R5
SCEPTR,T6C,6,T,C,0.49584487534626037,21,19,2,-2.425014147604694,2.425014147604694,0.9047619047619048,0.09523809523809523,1.7204573875591185,4.145471535163813,21,P6,non-R5
SCEPTR,T6D,6,T,D,0.49835526315789475,21,12,9,-3.9610118284897116,3.9610118284897116,0.5714285714285714,0.4285714285714286,0.18445970667410216,4.145471535163813,21,P6,non-R5
SCEPTR,T6E,6,T,E,0.5,21,14,7,-4.0823481498798095,4.0823481498798095,0.6666666666666666,0.33333333333333337,0.06312338528400277,4.145471535163813,21,P6,non-R5
SCEPTR,T6F,6,T,F,0.5303643724696356,21,13,8,-3.894610942232536,3.894610942232536,0.6190476190476191,0.38095238095238093,0.25086059293127655,4.145471535163813,21,P6,non-R5
SCEPTR,T6G,6,T,G,0.49584487534626037,21,19,2,-2.6898123479315297,2.6898123479315297,0.9047619047619048,0.09523809523809523,1.4556591872322835,4.145471535163813,21,P6,non-R5
SCEPTR,T6H,6,T,H,0.5427631578947368,21,12,9,-3.7506124096734745,3.7506124096734745,0.5714285714285714,0.4285714285714286,0.3948591254903381,4.145471535163813,21,P6,non-R5
SCEPTR,T6I,6,T,I,0.4953560371517028,21,17,4,-3.1320628684324587,3.1320628684324587,0.8095238095238095,0.19047619047619047,1.0134086667313544,4.145471535163813,21,P6,non-R5
SCEPTR,T6K,6,T,K,0.5131578947368421,21,12,9,-4.077047044197654,4.077047044197654,0.5714285714285714,0.4285714285714286,0.06842449096615992,4.145471535163813,21,P6,non-R5
SCEPTR,T6L,6,T,L,0.5232198142414861,21,17,4,-3.3330387594393778,3.3330387594393778,0.8095238095238095,0.19047619047619047,0.8124327757244357,4.145471535163813,21,P6,non-R5
SCEPTR,T6M,6,T,M,0.5232198142414861,21,17,4,-3.6739169317196607,3.6739169317196607,0.8095238095238095,0.19047619047619047,0.47155460344415223,4.145471535163813,21,P6,non-R5
SCEPTR,T6N,6,T,N,0.4842105263157895,21,20,1,-2.912544956475058,2.912544956475058,0.9523809523809523,0.04761904761904767,1.2329265786887553,4.145471535163813,21,P6,non-R5
SCEPTR,T6P,6,T,P,0.5035885167464115,21,11,10,-4.09158703890258,4.09158703890258,0.5238095238095238,0.47619047619047616,0.05388449626123251,4.145471535163813,21,P6,non-R5
SCEPTR,T6Q,6,T,Q,0.5394736842105263,21,16,5,-3.8730619664039625,3.8730619664039625,0.7619047619047619,0.23809523809523814,0.2724095687598502,4.145471535163813,21,P6,non-R5
SCEPTR,T6R,6,T,R,0.5105263157894737,21,15,6,-3.939946257531636,3.939946257531636,0.7142857142857143,0.2857142857142857,0.20552527763217596,4.145471535163813,21,P6,non-R5
SCEPTR,T6S,6,T,S,0.49584487534626037,21,19,2,-3.1771188688244028,3.1771188688244028,0.9047619047619048,0.09523809523809523,0.9683526663394108,4.145471535163813,21,P6,non-R5
SCEPTR,T6V,6,T,V,0.5087719298245614,21,18,3,-2.7077003343451804,2.7077003343451804,0.8571428571428571,0.1428571428571429,1.4377712008186325,4.145471535163813,21,P6,non-R5
SCEPTR,T6W,6,T,W,0.5303643724696356,21,13,8,-3.961763811884335,3.961763811884335,0.6190476190476191,0.38095238095238093,0.18370772327947807,4.145471535163813,21,P6,non-R5
SCEPTR,T6Y,6,T,Y,0.5215311004784688,21,11,10,-3.8851958818627614,3.8851958818627614,0.5238095238095238,0.47619047619047616,0.26027565330105223,4.145471535163813,21,P6,non-R5
SCEPTR,F7A,7,F,A,0.5060728744939271,21,13,8,-3.842245895428418,3.842245895428418,0.6190476190476191,0.38095238095238093,0.30322563973539396,4.145471535163813,21,P7,non-R5
SCEPTR,F7C,7,F,C,0.8499999999999999,21,20,1,-2.584261048485574,2.584261048485574,0.9523809523809523,0.04761904761904767,1.561210486678239,4.145471535163813,21,P7,non-R5
SCEPTR,F7D,7,F,D,0.5574162679425837,21,11,10,-4.088514941129576,4.088514941129576,0.5238095238095238,0.47619047619047616,0.05695659403423692,4.145471535163813,21,P7,non-R5
SCEPTR,F7E,7,F,E,0.5197368421052632,21,14,7,-4.076998441620946,4.076998441620946,0.6666666666666666,0.33333333333333337,0.06847309354286747,4.145471535163813,21,P7,non-R5
SCEPTR,F7G,7,F,G,0.5035885167464115,21,11,10,-3.9258263304313368,3.9258263304313368,0.5238095238095238,0.47619047619047616,0.2196452047324763,4.145471535163813,21,P7,non-R5
SCEPTR,F7H,7,F,H,0.49584487534626037,21,19,2,-2.974637287199781,2.974637287199781,0.9047619047619048,0.09523809523809523,1.170834247964032,4.145471535163813,21,P7,non-R5
SCEPTR,F7I,7,F,I,0.49584487534626037,21,19,2,-3.2187622947919774,3.2187622947919774,0.9047619047619048,0.09523809523809523,0.9267092403718358,4.145471535163813,21,P7,non-R5
SCEPTR,F7K,7,F,K,0.5131578947368421,21,12,9,-4.121650548987894,4.121650548987894,0.5714285714285714,0.4285714285714286,0.023820986175918456,4.145471535163813,21,P7,non-R5
SCEPTR,F7L,7,F,L,0.797514619883041,21,18,3,-3.382941472902987,3.382941472902987,0.8571428571428571,0.1428571428571429,0.7625300622608258,4.145471535163813,21,P7,non-R5
SCEPTR,F7N,7,F,N,0.5197368421052632,21,14,7,-3.401643515878927,3.401643515878927,0.6666666666666666,0.33333333333333337,0.7438280192848847,4.145471535163813,21,P7,non-R5
SCEPTR,F7P,7,F,P,0.5105263157894737,21,15,6,-3.692830237532412,3.692830237532412,0.7142857142857143,0.2857142857142857,0.45264129763140043,4.145471535163813,21,P7,non-R5
SCEPTR,F7Q,7,F,Q,0.5087719298245614,21,18,3,-3.1857476944026955,3.1857476944026955,0.8571428571428571,0.1428571428571429,0.9597238407611173,4.145471535163813,21,P7,non-R5
SCEPTR,F7R,7,F,R,0.5427631578947368,21,12,9,-4.1317511361600365,4.1317511361600365,0.5714285714285714,0.4285714285714286,0.01372039900377687,4.145471535163813,21,P7,non-R5
SCEPTR,F7S,7,F,S,0.5105263157894737,21,15,6,-3.0538810074458382,3.0538810074458382,0.7142857142857143,0.2857142857142857,1.0915905277179743,4.145471535163813,21,P7,non-R5
SCEPTR,F7T,7,F,T,0.5394736842105263,21,16,5,-3.158669392048917,3.158669392048917,0.7619047619047619,0.23809523809523814,0.9868021431148954,4.145471535163813,21,P7,non-R5
SCEPTR,F7V,7,F,V,0.4842105263157895,21,20,1,-2.882247712158553,2.882247712158553,0.9523809523809523,0.04761904761904767,1.2632238230052595,4.145471535163813,21,P7,non-R5
SCEPTR,F7W,7,F,W,0.5232198142414861,21,17,4,-2.9665988383973736,2.9665988383973736,0.8095238095238095,0.19047619047619047,1.1788726967664398,4.145471535163813,21,P7,non-R5
SCEPTR,L8A,8,L,A,0.5087719298245614,21,18,3,-3.0105910616114793,3.0105910616114793,0.8571428571428571,0.1428571428571429,1.1348804735523335,4.145471535163813,21,P8,non-R5
SCEPTR,L8C,8,L,C,0.4842105263157895,21,20,1,-1.4826398937231102,1.4826398937231102,0.9523809523809523,0.04761904761904767,2.662831641440703,4.145471535163813,21,P8,non-R5
SCEPTR,L8D,8,L,D,0.5303643724696356,21,13,8,-4.019274659706137,4.019274659706137,0.6190476190476191,0.38095238095238093,0.12619687545767475,4.145471535163813,21,P8,non-R5
SCEPTR,L8E,8,L,E,0.5024671052631579,21,16,5,-3.4287066974044906,3.4287066974044906,0.7619047619047619,0.23809523809523814,0.7167648377593222,4.145471535163813,21,P8,non-R5
SCEPTR,L8F,8,L,F,0.48337950138504154,21,19,2,-1.8546000604116228,1.8546000604116228,0.9047619047619048,0.09523809523809523,2.290871474752189,4.145471535163813,21,P8,non-R5
SCEPTR,L8G,8,L,G,0.5232198142414861,21,17,4,-3.178088344353855,3.178088344353855,0.8095238095238095,0.19047619047619047,0.9673831908099585,4.145471535163813,21,P8,non-R5
SCEPTR,L8H,8,L,H,0.48337950138504154,21,19,2,-2.2300097860181203,2.2300097860181203,0.9047619047619048,0.09523809523809523,1.915461749145693,4.145471535163813,21,P8,non-R5
SCEPTR,L8K,8,L,K,0.49584487534626037,21,19,2,-3.563282453148393,3.563282453148393,0.9047619047619048,0.09523809523809523,0.5821890820154193,4.145471535163813,21,P8,non-R5
SCEPTR,L8N,8,L,N,0.49584487534626037,21,19,2,-2.407547516113828,2.407547516113828,0.9047619047619048,0.09523809523809523,1.7379240190499854,4.145471535163813,21,P8,non-R5
SCEPTR,L8P,8,L,P,0.5394736842105263,21,16,5,-3.1847402351299547,3.1847402351299547,0.7619047619047619,0.23809523809523814,0.9607313000338586,4.145471535163813,21,P8,non-R5
SCEPTR,L8Q,8,L,Q,0.48337950138504154,21,19,2,-1.7673604382867143,1.7673604382867143,0.9047619047619048,0.09523809523809523,2.3781110968770984,4.145471535163813,21,P8,non-R5
SCEPTR,L8R,8,L,R,0.49584487534626037,21,19,2,-3.032482667905828,3.032482667905828,0.9047619047619048,0.09523809523809523,1.1129888672579848,4.145471535163813,21,P8,non-R5
SCEPTR,L8S,8,L,S,0.4842105263157895,21,20,1,-2.443215428418519,2.443215428418519,0.9523809523809523,0.04761904761904767,1.7022561067452944,4.145471535163813,21,P8,non-R5
SCEPTR,L8T,8,L,T,0.4842105263157895,21,20,1,-1.3633417879191267,1.3633417879191267,0.9523809523809523,0.04761904761904767,2.782129747244686,4.145471535163813,21,P8,non-R5
SCEPTR,L8W,8,L,W,0.49584487534626037,21,19,2,-2.5987644992025816,2.5987644992025816,0.9047619047619048,0.09523809523809523,1.5467070359612318,4.145471535163813,21,P8,non-R5
SCEPTR,L8Y,8,L,Y,0.48903508771929827,21,18,3,-2.974465248565496,2.974465248565496,0.8571428571428571,0.1428571428571429,1.1710062865983168,4.145471535163813,21,P8,non-R5
SCEPTR,L9A,9,L,A,0.5087719298245614,21,18,3,-2.500660399781433,2.500660399781433,0.8571428571428571,0.1428571428571429,1.6448111353823793,4.145471535163813,21,P9,non-R5
SCEPTR,L9D,9,L,D,0.4953560371517028,21,17,4,-3.106317085000311,3.106317085000311,0.8095238095238095,0.19047619047619047,1.0391544501635015,4.145471535163813,21,P9,non-R5
SCEPTR,L9F,9,L,F,0.8499999999999999,21,20,1,-2.539974931077295,2.539974931077295,0.9523809523809523,0.04761904761904767,1.6054966040865177,4.145471535163813,21,P9,non-R5
SCEPTR,L9G,9,L,G,0.5232198142414861,21,17,4,-2.789633723830739,2.789633723830739,0.8095238095238095,0.19047619047619047,1.355837811333074,4.145471535163813,21,P9,non-R5
SCEPTR,L9R,9,L,R,0.5232198142414861,21,17,4,-3.459781153995743,3.459781153995743,0.8095238095238095,0.19047619047619047,0.6856903811680698,4.145471535163813,21,P9,non-R5
SCEPTR,L9S,9,L,S,0.5087719298245614,21,18,3,-2.3795565723162517,2.3795565723162517,0.8571428571428571,0.1428571428571429,1.7659149628475617,4.145471535163813,21,P9,non-R5
SCEPTR,L9W,9,L,W,0.875,21,20,1,-3.226049622211491,3.226049622211491,0.9523809523809523,0.04761904761904767,0.9194219129523225,4.145471535163813,21,P9,non-R5
SCEPTR,L9Y,9,L,Y,0.5394736842105263,21,16,5,-3.6614966381507412,3.6614966381507412,0.7619047619047619,0.23809523809523814,0.48397489701307184,4.145471535163813,21,P9,non-R5
