ID,ERGO_Prob,ERGO2_Prob,NetTCR_Prob,NetTCR22_Prob,TITAN_Prob,EPACT_Prob,PanPep_Prob,SCEPTR_Prob
fp_0,0.12616634368896484,0.0062217465601861,0.0071657896,0.84126693,0.011193996295332909,0.8163602,0.8069056,0.0
fp_1,0.08050231635570526,0.0012959382729604,0.0072370768,0.26099822,0.02082573063671589,0.54612917,0.82794535,0.0
fp_2,0.0835384875535965,0.26165771484375,0.0058938563,0.23097081,0.002557457657530904,0.746937,0.78931904,0.0
fp_3,0.10280940681695938,0.0005583663005381,0.007071972,0.66813815,0.010025273077189922,0.6901767,0.78068846,0.0
fp_4,0.06613559275865555,0.2622607946395874,0.006892234,0.46153903,0.0006575762527063489,0.6647625,0.74955106,0.0
fp_5,0.1301707774400711,0.0461652167141437,0.008318514,0.20942125,0.023380640894174576,0.012059993,0.8262616,0.0
fp_6,0.24811337888240814,0.2745916545391083,0.0077486634,0.16841456,0.003010031534358859,0.8152381,0.75154895,0.0
fp_7,0.10686072707176208,0.0004831740807276,0.0056557953,0.10326137,0.0529973991215229,0.6673627,0.8330223,0.0
fp_8,0.0626482143998146,0.1817815452814102,0.0073464513,0.16129467,0.004159288480877876,0.7301082,0.7034558,0.0
fp_9,0.08196885883808136,0.0039816135540604,0.0066027343,0.61737484,0.017890689894557,0.6711212,0.7906385,0.0
fp_10,0.058728113770484924,0.1683419495820999,0.009158045,0.25586253,0.0023067202419042587,0.847005,0.79703987,0.0
fp_11,0.10890746861696243,0.0008492019842378,0.0071257055,0.38112903,0.021776380017399788,0.63576037,0.77122086,0.0
fp_12,0.22255076467990875,0.1657376140356063,0.006724477,0.20668502,0.00398988975211978,0.77448314,0.77859414,0.0
fp_13,0.09643914550542831,0.0021880380809307,0.0065953434,0.5494568,0.020789390429854393,0.566111,0.8420366,0.0
fp_14,0.09631884098052979,0.2713209092617035,0.007364303,0.2111195,0.00232748338021338,0.8394081,0.7187047,0.0
fp_15,0.130952388048172,0.0341185145080089,0.0061516166,0.12734178,0.025754563510417938,0.47999558,0.7987861,0.0
fp_16,0.15991342067718506,0.2123637944459915,0.0057595074,0.14917979,0.0020251248497515917,0.8011966,0.7577531,0.0
fp_17,0.0993821769952774,0.0317576192319393,0.0072199404,0.18003945,0.023407993838191032,0.7388864,0.82759947,0.0
fp_18,0.0693030059337616,0.1101886332035064,0.008581251,0.2782653,0.0020102274138480425,0.73157245,0.77371347,0.0
fp_19,0.14548705518245697,0.0036366654094308,0.0069738626,0.37139094,0.02243947796523571,0.70275307,0.83720016,0.0
fp_20,0.10759693384170532,0.123816043138504,0.005530894,0.20316215,0.0034506823867559433,0.72484475,0.83431894,0.0
fp_21,0.09755405783653259,0.2166325598955154,0.007002741,0.7215894,0.006723056081682444,0.7796039,0.7396952,0.0
fp_22,0.09718168526887894,0.1953553557395935,0.005025983,0.45160618,0.003732498502358794,0.74054134,0.7784537,0.0
fp_23,0.16130590438842773,0.1093306317925453,0.0072805583,0.6742548,0.004084059037268162,0.7904332,0.8091595,0.0
fp_24,0.1126990020275116,0.2064567804336547,0.0075504184,0.23542814,0.0014197714626789093,0.80223244,0.7502013,0.0
fp_25,0.06754297763109207,0.3109766542911529,0.008305162,0.2958383,0.011309375986456871,0.7752878,0.7811648,0.0
fp_26,0.09288991987705231,0.0019994284957647,0.005804658,0.34234107,0.002898682374507189,0.7673371,0.8547018,0.0
fp_27,0.16686071455478668,0.2279701381921768,0.009279966,0.33878192,0.0208528321236372,0.6408196,0.6791057,0.0
fp_28,0.1735808253288269,0.1889118254184723,0.005325973,0.6525413,0.016558688133955002,0.77105844,0.8288732,0.0
fp_29,0.13993139564990997,0.2544185221195221,0.0071917176,0.41362056,0.008178885094821453,0.63076556,0.67300045,0.0
fp_30,0.07272624224424362,0.0042095351964235,0.0059865117,0.4056689,0.0015189166879281402,0.59862685,0.70676184,0.0
fp_31,0.18041223287582397,0.2884350419044494,0.007587284,0.605746,0.0176401250064373,0.6483873,0.7414972,0.0
fp_32,0.0710182636976242,0.1626560986042022,0.00665769,0.1740109,0.0029481789097189903,0.7344224,0.69736767,0.0
fp_33,0.11142682284116745,0.274791955947876,0.0072804093,0.44462958,0.01007815357297659,0.771553,0.6905471,0.0
fp_34,0.06697963178157806,0.0442855022847652,0.0057452917,0.20196292,0.0030686433892697096,0.77541393,0.7918798,0.0
fp_35,0.0705949142575264,0.001037533278577,0.0072529614,0.30504808,0.008799513801932335,0.7330679,0.816763,0.0
fp_36,0.06930641829967499,0.2468925267457962,0.006146699,0.36904436,0.021777784451842308,0.7291747,0.8109019,0.0
fp_37,0.18226557970046997,0.0045292037539184,0.009059101,0.56962776,0.004392334260046482,0.48386863,0.6875458,0.0
fp_38,0.10155384987592697,0.2523151934146881,0.0056091547,0.19645911,0.003601492615416646,0.7724129,0.7817415,0.0
fp_39,0.10324221849441528,0.0203232318162918,0.004763484,0.4736938,0.01257309690117836,0.7681131,0.78781617,0.0
fp_40,0.09811615943908691,0.2857706546783447,0.007678181,0.21092121,0.009512164629995823,0.8006831,0.8405894,0.0
fp_41,0.15238957107067108,0.3019534349441528,0.0062253773,0.60277367,0.010853437706828117,0.67998105,0.68690705,0.0
fp_42,0.10501179844141006,0.0071885660290718,0.007929921,0.3605741,0.0040557472966611385,0.7957617,0.8612251,0.0
fp_43,0.08524788916110992,0.0012519945157691,0.0075011253,0.5760816,0.0030895774252712727,0.77054435,0.78287923,0.2
fp_44,0.04340316355228424,0.0070938752032816,0.01657316,0.2006667,0.010618442669510841,0.7329532,0.85466844,0.0
fp_45,0.13553155958652496,0.0051872809417545,0.0062730312,0.52999514,0.007860000245273113,0.6639493,0.75637776,0.0
fp_46,0.08259043097496033,0.0041724131442606,0.009953558,0.20763047,0.016597410663962364,0.6439592,0.7186748,0.0
fp_47,0.10977721214294434,0.330098420381546,0.007193744,0.48963508,0.019550807774066925,0.26986587,0.75879586,0.0
fp_48,0.09969061613082886,0.0049951220862567,0.015274584,0.22756402,0.010169729590415955,0.74945575,0.8172132,0.0
fp_49,0.1439657360315323,0.0021310951560735,0.007225752,0.7055076,0.00402853824198246,0.6719634,0.67513376,0.0
fp_50,0.044055867940187454,0.0078330729156732,0.008455515,0.23491614,0.016019335016608238,0.59416676,0.88978624,0.0
fp_51,0.1337956339120865,0.1631136387586593,0.0070580244,0.5323733,0.010983999818563461,0.78549576,0.6643474,0.0
fp_52,0.11481548100709915,0.2909191846847534,0.011629701,0.27774718,0.01045551523566246,0.7566109,0.7552422,0.0
fp_53,0.16645480692386627,0.1361533552408218,0.0074486732,0.2699762,0.009445128031075,0.5115961,0.6816672,0.0
fp_54,0.37146317958831787,0.0040020169690251,0.008111179,0.16567048,0.008882833644747734,0.6918004,0.8325243,0.0
fp_55,0.08474352210760117,0.0093228155747056,0.0076097846,0.6218687,0.010245220735669136,0.25507915,0.80764246,0.0
fp_56,0.0828305333852768,0.0110306562855839,0.01809004,0.29244187,0.005271815694868565,0.23930442,0.8307225,0.0
fp_57,0.12413996458053589,0.0047040819190442,0.0051339865,0.51262367,0.010105620138347149,0.80428535,0.70281863,0.0
fp_58,0.09634878486394882,0.0063998023979365,0.006274253,0.6272298,0.014516152441501617,0.7797764,0.86507034,0.0
fp_59,0.10972238332033157,0.4142474234104156,0.0060260296,0.60495746,0.0014294289285317063,0.5100133,0.77551496,0.0
fp_60,0.09974373877048492,0.0036073562223464,0.008289546,0.21622443,0.003184225410223007,0.78804284,0.8695365,0.0
fp_61,0.11392293870449066,0.4386253952980041,0.005457282,0.6922058,0.0010846933582797647,0.51513535,0.72519934,0.0
fp_62,0.09879810363054276,0.0255269780755043,0.0071320534,0.6736593,0.010877319611608982,0.748863,0.88952243,0.0
fp_63,0.10637728124856949,0.391859769821167,0.0064226687,0.2277178,0.00157548813149333,0.6046537,0.7418443,0.0
fp_64,0.29308438301086426,0.0043536531738936,0.008216798,0.33068055,0.02105513960123062,0.75147307,0.87835443,0.0
fp_65,0.1320115029811859,0.3788316547870636,0.0072992444,0.27893546,0.003039684146642685,0.5540653,0.74064875,0.0
fp_66,0.06365560740232468,0.0141209606081247,0.0063029528,0.2845747,0.006859183311462402,0.40755355,0.76260215,0.0
fp_67,0.09706007689237595,0.3787575662136078,0.0071119964,0.4294125,0.0015996561851352453,0.48852003,0.80655575,0.0
fp_68,0.08183681964874268,0.0176067147403955,0.009008735,0.16938674,0.012930523604154587,0.7397311,0.70346177,0.0
fp_69,0.11073197424411774,0.1475076377391815,0.0056625903,0.53908736,0.003192322328686714,0.5157974,0.7483983,0.0
fp_70,0.10616037994623184,0.0060506328009068,0.006436169,0.24749693,0.010643082670867443,0.72047865,0.85983396,0.0
fp_71,0.1295795887708664,0.4300515949726105,0.0053789914,0.3574361,0.0018396088853478432,0.3009673,0.742243,0.0
fp_72,0.10340212285518646,0.008926473557949,0.008156985,0.27149433,0.01534199994057417,0.74546915,0.87860173,0.0
fp_73,0.16374027729034424,0.3955392837524414,0.006342411,0.34700882,0.0013493557926267385,0.6234628,0.76809084,0.0
fp_74,0.08500112593173981,0.017250308766961,0.008966923,0.4194735,0.013306853361427784,0.73650306,0.8653991,0.0
fp_75,0.11742222309112549,0.3849425017833709,0.0063234866,0.5421673,0.0008616101113148034,0.54085946,0.7528683,0.0
fp_76,0.1272680163383484,0.0062135853804647,0.005852878,0.5739205,0.009850810281932354,0.7542501,0.8106297,0.0
fp_77,0.11898524314165115,0.3905908763408661,0.0071184635,0.62639743,0.0015998855233192444,0.73878306,0.81054354,0.0
fp_78,0.12006253749132156,0.0052426625043153,0.0030314028,0.5091036,0.011787687428295612,0.73141825,0.78522265,0.0
fp_79,0.09187383949756622,0.0046077347360551,0.0067376494,0.73159915,0.0018749063601717353,0.77271545,0.78166765,0.0
fp_80,0.09864287823438644,0.0033667422831058,0.006465316,0.6926095,0.005385083146393299,0.52102613,0.8336309,0.0
fp_81,0.1538681983947754,0.3911693096160888,0.005553484,0.49874178,0.0006054062978364527,0.7217084,0.7251922,0.0
fp_82,0.1166449561715126,0.0015849824994802,0.007110685,0.31468087,0.010344336740672588,0.20558085,0.8579486,0.0
fp_83,0.12775656580924988,0.4192584753036499,0.0065580606,0.6401397,0.0016326522454619408,0.6821829,0.80671763,0.0
fp_84,0.16409629583358765,0.0018451088108122,0.007406771,0.29617625,0.018062695860862732,0.6823852,0.8002416,0.0
fp_85,0.11410399526357651,0.3994695842266083,0.006698251,0.68146664,0.0017273123376071453,0.27905834,0.74123275,0.0
fp_86,0.07838734239339828,0.0010725285392254,0.0054394603,0.31591806,0.012764853425323963,0.291148,0.83280873,0.0
fp_87,0.11796607077121735,0.357831597328186,0.0055576265,0.3086421,0.0021059666760265827,0.30922267,0.748211,0.0
fp_88,0.13058291375637054,0.0007777799037285,0.006418526,0.6331111,0.018202994018793106,0.6448115,0.82786274,0.0
fp_89,0.11947941780090332,0.4027253985404968,0.0061932206,0.50719994,0.001845470629632473,0.43961644,0.7749953,0.0
fp_90,0.20216280221939087,0.0031667167786508,0.0056904554,0.21936421,0.010106044821441174,0.8331203,0.85920775,0.0
fp_91,0.10651033371686935,0.4437082409858703,0.006919116,0.4062713,0.010497309267520905,0.45492315,0.80232704,0.0
fp_92,0.057674162089824677,0.0005948143079876,0.0068327785,0.5486909,0.006070607341825962,0.25709456,0.8148992,0.0
fp_93,0.12254098802804947,0.4134575128555298,0.0061982274,0.76086247,0.005313039291650057,0.502417,0.78558695,0.0
fp_94,0.16827526688575745,0.0032080458477139,0.0029412806,0.30978847,0.010526726022362709,0.2817496,0.8275112,0.0
fp_95,0.13824531435966492,0.4261198341846466,0.007117629,0.6274899,0.0016344781033694744,0.6427968,0.79161215,0.0
fp_96,0.10848119854927063,0.0009780620457604,0.0031379461,0.3384679,0.008679053746163845,0.7796662,0.77768576,0.0
fp_97,0.11245226860046387,0.0005689485697075,0.0063628852,0.36644036,0.009883368387818336,0.7520406,0.806802,0.0
fp_98,0.18165834248065948,0.0011132630752399,0.006548077,0.6772937,0.0038797964807599783,0.6863619,0.8285436,0.0
fp_99,0.10595212876796722,0.0004578413208946,0.0081958175,0.48170176,0.004060870036482811,0.74780285,0.78116506,0.0
fp_100,0.12730585038661957,0.0011447699507698,0.003185451,0.30371994,0.010799456387758255,0.30760708,0.816785,0.0
fp_101,0.19897283613681793,0.0005249855457805,0.008236229,0.20734659,0.010816621594130993,0.7663054,0.81220627,0.0
fp_102,0.10621615499258041,0.0040338300168514,0.0038164556,0.21918423,0.026305878534913063,0.27162033,0.8315933,0.0
fp_103,0.13892532885074615,0.0005152661469765,0.007902026,0.27834716,0.01678982563316822,0.7234468,0.8265612,0.0
fp_104,0.06535352766513824,0.0006738997763022,0.0041568577,0.59237856,0.008486812002956867,0.20083855,0.8770085,0.0
fp_105,0.13255733251571655,0.0004699435667134,0.0090277195,0.4693923,0.010330301709473133,0.7214063,0.8058351,0.0
fp_106,0.10537424683570862,0.001546528423205,0.0041885376,0.2969071,0.01575666479766369,0.53312266,0.8171213,0.0
fp_107,0.13659772276878357,0.0009427844197489,0.0070248544,0.38803792,0.015191858634352684,0.695151,0.8444827,0.0
fp_108,0.0638127475976944,0.0012307052966207,0.0037068725,0.4585576,0.01214584894478321,0.35657513,0.8512738,0.0
fp_109,0.12237957864999771,0.0005436087958514,0.0065999627,0.36466798,0.00986300315707922,0.6902362,0.82529783,0.0
fp_110,0.09836830198764801,0.0013935971073806,0.004487604,0.26695052,0.01994810439646244,0.012981745,0.8431155,0.0
fp_111,0.21919789910316467,0.0003849570639431,0.0060710013,0.36939293,0.008894301019608974,0.7339777,0.79595166,0.0
fp_112,0.11443310976028442,0.001031907624565,0.004545033,0.3466267,0.012964588589966297,0.04316975,0.85931283,0.0
fp_113,0.12055690586566925,0.0004392881528474,0.011353493,0.36636302,0.004856513813138008,0.7570544,0.8047838,0.0
fp_114,0.16015256941318512,0.0040671159513294,0.0030943453,0.34536216,0.010525594465434551,0.47827464,0.8075795,0.0
fp_115,0.10611441731452942,0.0003714707563631,0.007158309,0.70768064,0.01095674466341734,0.7853079,0.8090875,0.0
fp_116,0.15022291243076324,0.0124463178217411,0.007417321,0.43143755,0.010925615206360817,0.59400165,0.8752488,0.0
fp_117,0.17091487348079681,0.0002478855021763,0.0073596835,0.35915637,0.0036266029346734285,0.7221828,0.7971189,0.0
fp_118,0.24204422533512115,0.0035022615920752,0.00807634,0.44704714,0.003904994111508131,0.5235848,0.8802862,0.0
fp_119,0.1253025233745575,0.0003415020473767,0.0069390833,0.69099677,0.007978172972798347,0.76865655,0.80408007,0.0
fp_120,0.10682287067174911,0.0021229076664894,0.014331043,0.23965833,0.012838105671107769,0.37824255,0.86621034,0.0
fp_121,0.2123304307460785,0.001506358734332,0.007275164,0.6129574,0.021941889077425003,0.7424012,0.81658846,0.0
fp_122,0.1596493422985077,0.0036683974321931,0.011114925,0.21883914,0.01973823644220829,0.6222689,0.8023391,0.0
fp_123,0.17775000631809235,0.0003620795323513,0.0067726374,0.5785593,0.006551193073391914,0.7865572,0.82010245,0.0
fp_124,0.08496775478124619,0.0035450223367661,0.012644708,0.2731986,0.01339402049779892,0.2101006,0.8100717,0.0
fp_125,0.14231336116790771,0.000863131484948,0.006540686,0.19816673,0.012723330408334732,0.7225184,0.8011844,0.0
fp_126,0.17429572343826294,0.0012729057343676,0.008845955,0.28917378,0.018851537257432938,0.33887002,0.87807614,0.0
fp_127,0.09827279299497604,0.0003232752496842,0.0069307387,0.23254657,0.011191351339221,0.7267474,0.806417,0.0
fp_128,0.19467252492904663,0.0111998822540044,0.009063512,0.18366142,0.012619493529200554,0.65602297,0.82736844,0.0
fp_129,0.13414229452610016,0.0006314064958132,0.0065917373,0.39330116,0.014814365655183792,0.73320585,0.8210223,0.0
fp_130,0.19685479998588562,0.005261281505227,0.009498715,0.28587905,0.009677662514150143,0.57836354,0.8521481,0.0
fp_131,0.20649409294128418,0.000386595405871,0.007466316,0.47253975,0.012723480351269245,0.70289314,0.8124342,0.0
fp_132,0.14504030346870422,0.0011570090427994,0.013670564,0.18179563,0.006547718308866024,0.29213408,0.83737683,0.0
fp_133,0.12399492412805557,0.0005153295351192,0.0071467757,0.658465,0.009171308018267155,0.7973216,0.81421506,0.0
fp_134,0.2497199922800064,0.0050364672206342,0.005228162,0.27717164,0.016917403787374496,0.19175245,0.8529669,0.0
fp_135,0.0743028074502945,0.0113397054374217,0.00740543,0.68979037,0.012404663488268852,0.793352,0.80854595,0.0
fp_136,0.1924717277288437,0.0004159895470365,0.0062551796,0.34309638,0.014859355986118317,0.5015134,0.85014355,0.0
fp_137,0.10584196448326111,0.0229270309209823,0.0070991516,0.61403805,0.003909420222043991,0.7698444,0.79079175,0.0
fp_138,0.19543887674808502,0.0251003801822662,0.008345902,0.35593262,0.006290945690125227,0.226686,0.8762021,0.0
fp_139,0.1184726133942604,0.0199650321155786,0.0119735,0.35538173,0.011764619499444962,0.7972331,0.8090591,0.0
fp_140,0.20588503777980804,0.0022572705056518,0.007468611,0.25828043,0.017227405682206154,0.04061806,0.8582022,0.0
fp_141,0.08496658504009247,0.0147095276042819,0.009105295,0.40514654,0.015264912508428097,0.7516604,0.7939569,0.0
fp_142,0.17075969278812408,0.0025310246273875,0.007730931,0.13430023,0.029749378561973572,0.012333521,0.8461305,0.0
fp_143,0.10410942882299423,0.0169049091637134,0.010975778,0.4609248,0.010229910723865032,0.76190054,0.81517833,0.0
fp_144,0.16070537269115448,0.0039241095073521,0.009038895,0.31970048,0.016425395384430885,0.38124487,0.7819984,0.0
fp_145,0.09139595925807953,0.005571449175477,0.007890135,0.55431986,0.01463956106454134,0.81178325,0.80766475,0.0
fp_146,0.17729783058166504,0.004102770704776,0.007457167,0.42982134,0.014222973957657814,0.46974933,0.8741555,0.0
fp_147,0.09413786977529526,0.0208125878125429,0.007816672,0.47265267,0.010364077053964138,0.81685346,0.81559587,0.0
fp_148,0.16662843525409698,0.0024508340284228,0.0077833235,0.15640625,0.016561755910515785,0.10224841,0.8246291,0.0
fp_149,0.1027776375412941,0.0271131973713636,0.00723809,0.4737483,0.009460165165364742,0.80126774,0.8033745,0.0
fp_150,0.11082171648740768,0.0021341475658118,0.008430451,0.14753576,0.014371558092534542,0.11708002,0.85989845,0.0
fp_151,0.1163720041513443,0.0176099482923746,0.011036605,0.4654624,0.006339843850582838,0.7355371,0.8083857,0.0
fp_152,0.20389997959136963,0.001910412334837,0.0050610304,0.31615365,0.016316024586558342,0.40333727,0.82764614,0.0
fp_153,0.10115113854408264,0.0106079671531915,0.007198423,0.7195846,0.011343634687364101,0.752593,0.7981576,0.0
fp_154,0.0929698646068573,0.0006465451442636,0.0075306296,0.49960464,0.01892130635678768,0.659689,0.835286,0.0
fp_155,0.07343248277902603,0.0892588123679161,0.0077033937,0.5189194,0.003561528865247965,0.6566608,0.79941654,0.0
fp_156,0.09450528025627136,0.002160333096981,0.008775383,0.29860407,0.02062152326107025,0.7457182,0.8064474,0.0
fp_157,0.08513548970222473,0.0348709188401699,0.007250786,0.73310274,0.008434189483523369,0.79344976,0.78707325,0.0
fp_158,0.09066208451986313,0.0006014661048538,0.009791195,0.32362258,0.031184935942292213,0.665087,0.7663199,0.0
fp_159,0.1336955577135086,0.001074212603271,0.0072795153,0.6964754,0.0270619448274374,0.8016367,0.8000079,0.0
fp_160,0.0779959186911583,0.0006852451479062,0.010517776,0.39167044,0.018664134666323662,0.4391224,0.8044115,0.0
fp_161,0.11632879078388214,0.0378377735614776,0.0071379244,0.70301086,0.01160914171487093,0.80763364,0.81338704,0.0
fp_162,0.20334544777870178,0.0020452528260648,0.006935835,0.6029573,0.02874750643968582,0.72636473,0.8213256,0.0
fp_163,0.10029412060976028,0.0128123452886939,0.007837385,0.39371255,0.013686850666999817,0.8126266,0.81718534,0.0
fp_164,0.1318344920873642,0.0007761384476907,0.0067190826,0.5894722,0.018188130110502243,0.34534883,0.7655678,0.0
fp_165,0.08005262166261673,0.0199433304369449,0.0074103177,0.6282419,0.012049701996147633,0.78464276,0.803213,0.0
fp_166,0.20848393440246582,0.0007919329800643,0.007399261,0.2733258,0.0158398374915123,0.6789013,0.839025,0.0
fp_167,0.09369948506355286,0.0145151568576693,0.0071200132,0.45700985,0.018415464088320732,0.6968183,0.81184036,0.0
fp_168,0.0930013582110405,0.0176833178848028,0.008207381,0.55328864,0.012869217433035374,0.6789835,0.76694834,0.0
fp_169,0.13165098428726196,0.0498534925282001,0.007198155,0.63314533,0.014858727343380451,0.75295585,0.8074899,0.0
fp_170,0.09740912914276123,0.0008513610810041,0.006882757,0.29878002,0.025624848902225494,0.5090937,0.84266233,0.0
fp_171,0.08010397851467133,0.0650464296340942,0.0072004795,0.7069537,0.011149532161653042,0.7732441,0.8040839,0.0
fp_172,0.03287319839000702,0.1789132952690124,0.0038865209,0.99902886,0.0307457372546196,0.98476034,0.72574735,0.2
fp_173,0.00445001432672143,0.0671793222427368,0.003919035,0.540719,0.060221485793590546,0.93843234,0.7529253,0.2
fp_174,0.015015115030109882,0.6600415706634521,0.0031404197,0.5608288,0.010469036176800728,0.9806466,0.67506444,0.2
fp_175,0.15018537640571594,0.047703456133604,0.0038127005,0.95721215,0.027280716225504875,0.97802323,0.7021842,0.0
fp_176,0.0055811768397688866,0.6639585494995117,0.0037451684,0.77631706,0.0021187025122344494,0.96740335,0.7224649,0.0
fp_177,0.079016774892807,0.4927162230014801,0.004534662,0.4840355,0.06739290058612823,0.006950213,0.73335564,0.2
fp_178,0.15464764833450317,0.6957650780677795,0.0042005777,0.31918034,0.014752568677067757,0.98463535,0.68733275,0.2
fp_179,0.07192487269639969,0.0288049019873142,0.003088504,0.19823922,0.12395640462636948,0.9654998,0.75942945,0.2
fp_180,0.014264216646552086,0.6670732498168945,0.0039580166,0.36141202,0.0197298564016819,0.9829221,0.64062715,0.0
fp_181,0.007402895018458366,0.1540065109729766,0.0035308897,0.8970059,0.047912273555994034,0.9672336,0.702553,0.2
fp_182,0.0039282492361962795,0.6305984258651733,0.004833907,0.47676912,0.010382482782006264,0.9808328,0.7030153,0.2
fp_183,0.05900123715400696,0.0449067987501621,0.0038213432,0.69717574,0.07781705260276794,0.9663175,0.6866852,0.2
fp_184,0.04556858167052269,0.6884825825691223,0.003637135,0.6109408,0.018615305423736572,0.98128796,0.6284896,0.4
fp_185,0.027133112773299217,0.0985743030905723,0.0035366416,0.8224727,0.06875088810920715,0.9507781,0.7378893,0.2
fp_186,0.011329195462167263,0.6587252616882324,0.0040497184,0.56453407,0.010543657466769218,0.9841706,0.6406293,0.2
fp_187,0.0147700859233737,0.411894142627716,0.0033238232,0.18431458,0.04770909994840622,0.9412049,0.74836373,0.2
fp_188,0.09747608751058578,0.6515843868255615,0.0030869246,0.41133958,0.006192444358021021,0.9826964,0.7188692,0.2
fp_189,0.08300940692424774,0.4325018227100372,0.003935516,0.319616,0.040121741592884064,0.9757327,0.7707082,0.2
fp_190,0.003879311727359891,0.5661609172821045,0.0046818256,0.69046026,0.005919146817177534,0.97305363,0.7148621,0.2
fp_191,0.10206227004528046,0.1447530090808868,0.0037834644,0.5978108,0.06267865747213364,0.96022034,0.7587627,0.2
fp_192,0.022999534383416176,0.5629028081893921,0.002935946,0.44655865,0.015257789753377438,0.97974193,0.67076063,0.2
fp_193,0.12251016497612,0.6798526644706726,0.0037941039,0.9626981,0.018322564661502838,0.9833507,0.70412534,0.2
fp_194,0.009342442266643047,0.7004890441894531,0.0026668906,0.8071685,0.011351585388183594,0.9786502,0.67161626,0.2
fp_195,0.1305510550737381,0.6332765221595764,0.003949493,0.95572364,0.01206484530121088,0.9842881,0.77282965,0.2
fp_196,0.037720564752817154,0.6496402025222778,0.004153639,0.59966546,0.0038629965856671333,0.9839622,0.7232226,0.0
fp_197,0.13326318562030792,0.7008391618728638,0.00452587,0.6179414,0.03021189197897911,0.9708855,0.729553,0.2
fp_198,0.009239841252565384,0.0844360738992691,0.0030948222,0.7577339,0.013550296425819397,0.9794486,0.7316795,0.2
fp_199,0.10737361013889313,0.6904627084732056,0.005090177,0.6510921,0.054949335753917694,0.97882164,0.65501624,0.2
fp_200,0.04357635974884033,0.6762650609016418,0.002855152,0.96229666,0.041843678802251816,0.9793016,0.6698114,0.0
fp_201,0.008953249081969261,0.6957960724830627,0.0040135384,0.6547838,0.021158887073397636,0.9758034,0.6499738,0.2
fp_202,0.0030969707295298576,0.1231368482112884,0.0032050014,0.71859646,0.005945243872702122,0.95842683,0.6430023,0.2
fp_203,0.009897325187921524,0.6995018124580383,0.0041301847,0.9477312,0.04965413734316826,0.9781601,0.6899779,0.2
fp_204,0.01074341032654047,0.685035228729248,0.0035718083,0.38129765,0.014333426021039486,0.98300654,0.637568,0.0
fp_205,0.08109907805919647,0.6889112591743469,0.00396201,0.86557513,0.02652372419834137,0.98184216,0.66271335,0.2
fp_206,0.006366456858813763,0.3748955726623535,0.0030594468,0.49625283,0.011443291790783405,0.9826943,0.69989926,0.2
fp_207,0.16351532936096191,0.0546229109168052,0.0039355755,0.58462656,0.019553737714886665,0.9765869,0.7721167,0.2
fp_208,0.0031489580869674683,0.6694316864013672,0.0033274293,0.6511354,0.04585164785385132,0.97587436,0.632666,0.2
fp_209,0.06707172095775604,0.1313182562589645,0.0049464107,0.8874527,0.008329690434038639,0.9424329,0.6694034,0.2
fp_210,0.018751483410596848,0.6553009152412415,0.0029759407,0.44591737,0.012576313689351082,0.98162866,0.6801984,0.2
fp_211,0.13447178900241852,0.3302950263023376,0.0025824904,0.78970593,0.027799682691693306,0.9700421,0.6926143,0.4
fp_212,0.007144033443182707,0.6598210334777832,0.0041310787,0.54627687,0.029392752796411514,0.98222244,0.78417873,0.2
fp_213,0.011177767999470234,0.6987947821617126,0.0033745766,0.9142005,0.023952290415763855,0.97362816,0.6545435,0.2
fp_214,0.032590437680482864,0.2150396704673767,0.0043777525,0.7883667,0.01180577464401722,0.9724061,0.8103955,0.2
fp_215,0.178041011095047,0.0716733708977699,0.004071802,0.9158939,0.008091900497674942,0.98458016,0.751168,0.2
fp_216,0.06453893333673477,0.2061627656221389,0.009221464,0.35652888,0.03194359317421913,0.97616446,0.7463248,0.2
fp_217,0.12175635993480682,0.1615859568119049,0.0034009814,0.9100059,0.01906588487327099,0.9631634,0.70813847,0.2
fp_218,0.005102567374706268,0.142361581325531,0.0054085553,0.41115746,0.0532039999961853,0.97242945,0.57150733,0.2
fp_219,0.1656615287065506,0.7131181359291077,0.0039106905,0.8098711,0.0427367277443409,0.73577213,0.6957222,0.0
fp_220,0.0023916081991046667,0.1648257821798324,0.008410692,0.4373181,0.03565804287791252,0.98550874,0.7164575,0.2
fp_221,0.1765979826450348,0.0880408138036727,0.003919661,0.9555286,0.010431491769850254,0.97570455,0.6394532,0.2
fp_222,0.00368666322901845,0.1554543375968933,0.0046437383,0.5696001,0.04511446878314018,0.97532946,0.83807075,0.2
fp_223,0.19851703941822052,0.6565684676170349,0.003828615,0.8946037,0.030526790767908096,0.9804022,0.6305935,0.2
fp_224,0.034071870148181915,0.6612786650657654,0.0066639483,0.63983023,0.02861313335597515,0.9835618,0.6473367,0.2
fp_225,0.02665572240948677,0.6482378840446472,0.0040421784,0.35242254,0.021329274401068687,0.9425182,0.65425044,0.2
fp_226,0.13538065552711487,0.11519455909729,0.0044187307,0.4206079,0.025350235402584076,0.97887486,0.7491658,0.2
fp_227,0.1467384546995163,0.234267771244049,0.0041497946,0.9389637,0.0206853449344635,0.70692277,0.75910306,0.2
fp_228,0.012931350618600845,0.2650392651557922,0.010348499,0.69967514,0.010452915914356709,0.6813486,0.7702895,0.2
fp_229,0.10698776692152023,0.1616983860731125,0.0027831495,0.8435098,0.022519094869494438,0.9750123,0.6534048,0.0
fp_230,0.16445228457450867,0.1314658373594284,0.003370732,0.9565234,0.04550435021519661,0.9822317,0.73124456,0.2
fp_231,0.13770852982997894,0.7036299109458923,0.0032411218,0.8561241,0.0057600196450948715,0.95572275,0.69773674,0.2
fp_232,0.05366474762558937,0.1259016394615173,0.00458622,0.6042204,0.010257113724946976,0.9787613,0.83058965,0.2
fp_233,0.054253801703453064,0.7067282795906067,0.0029118657,0.92585933,0.003100723959505558,0.9644975,0.691422,0.2
fp_234,0.020521078258752823,0.4879336059093475,0.0038856864,0.956505,0.039457861334085464,0.9783854,0.8390503,0.2
fp_235,0.01109488494694233,0.7075355052947998,0.003461659,0.412083,0.006410587579011917,0.9710296,0.70079845,0.4
fp_236,0.1382426768541336,0.117029383778572,0.004490584,0.72710574,0.04599108546972275,0.9802365,0.80885506,0.0
fp_237,0.05432024225592613,0.7069527506828308,0.0039058626,0.5468236,0.012970312498509884,0.9593765,0.6973108,0.2
fp_238,0.008541334420442581,0.3233738541603088,0.003358394,0.70309013,0.021098699420690536,0.9416577,0.6639482,0.2
fp_239,0.010511182248592377,0.7062931060791016,0.0039004982,0.6525919,0.0061693983152508736,0.96068543,0.7505089,0.4
fp_240,0.14887647330760956,0.2594331502914428,0.00484699,0.33177292,0.0490606315433979,0.980489,0.63382906,0.2
fp_241,0.01404083427041769,0.6654461622238159,0.0030165613,0.86907184,0.012313978746533394,0.962953,0.6545651,0.4
fp_242,0.060284323990345,0.1813747435808181,0.0034414232,0.530344,0.03634314239025116,0.9821961,0.7493503,0.2
fp_243,0.04820109158754349,0.7045947909355164,0.0028707385,0.71171683,0.0067016058601439,0.8328769,0.69432706,0.4
fp_244,0.01280837133526802,0.18874092400074,0.004496932,0.39324525,0.03541886433959007,0.9740767,0.8345883,0.2
fp_245,0.05883316695690155,0.7077568769454956,0.0034027994,0.577768,0.005642079748213291,0.9695784,0.7374043,0.4
fp_246,0.035575803369283676,0.3925695121288299,0.0049302876,0.7922554,0.027340782806277275,0.9785755,0.7551359,0.2
fp_247,0.031663890928030014,0.7076128721237183,0.0034183562,0.80720633,0.002905367175117135,0.9704232,0.6956984,0.4
fp_248,0.01244495902210474,0.191539779305458,0.0031238198,0.94332945,0.029077062383294106,0.9807662,0.70216894,0.2
fp_249,0.08034376055002213,0.7071539163589478,0.003858924,0.9252397,0.0060964846052229404,0.9829101,0.7317087,0.4
fp_250,0.0611012764275074,0.1507460922002792,0.0015979409,0.8232668,0.029303481802344322,0.97136176,0.76359344,0.2
fp_251,0.014650192111730576,0.1406875550746917,0.0036436617,0.9605894,0.006108634639531374,0.98321205,0.72219133,0.4
fp_252,0.03155792877078056,0.1212002411484718,0.0034710765,0.9569982,0.013818908482789993,0.8847578,0.7922796,0.0
fp_253,0.09015745669603348,0.7043742537498474,0.0029622018,0.8340209,0.0019529520068317652,0.97359055,0.69134194,0.2
fp_254,0.033055003732442856,0.0740084052085876,0.003826499,0.5690234,0.03244400396943092,0.5790131,0.82795846,0.2
fp_255,0.07025622576475143,0.7096594572067261,0.003543079,0.94380987,0.00538583705201745,0.9801703,0.7198461,0.4
fp_256,0.07527067512273788,0.0785127803683281,0.0040180385,0.5639455,0.06107994168996811,0.9645363,0.6194235,0.0
fp_257,0.014591284096240997,0.7046875953674316,0.0036282837,0.90360796,0.005068010650575161,0.84169513,0.69876266,0.4
fp_258,0.004574774298816919,0.0548336170613765,0.0028884113,0.49113995,0.03205320984125137,0.59734994,0.8039558,0.2
fp_259,0.0992303341627121,0.7077279090881348,0.0029625893,0.55184525,0.00869113951921463,0.9261513,0.7019845,0.2
fp_260,0.02913522720336914,0.0429009869694709,0.003463596,0.93033993,0.05233652889728546,0.97107834,0.8075166,0.4
fp_261,0.0763070285320282,0.7081810832023621,0.0033291876,0.829676,0.007819739170372486,0.9540266,0.73080504,0.4
fp_262,0.21025779843330383,0.1133639514446258,0.0029891431,0.46902782,0.030188271775841713,0.9753974,0.8333017,0.2
fp_263,0.019532352685928345,0.7049611806869507,0.003757298,0.66336906,0.026660006493330002,0.9518043,0.70154023,0.4
fp_264,0.0036637887824326754,0.036336962133646,0.003635347,0.8585709,0.012659245170652866,0.57037824,0.77375877,0.2
fp_265,0.016384517773985863,0.7096892595291138,0.0033322275,0.9654608,0.010604079812765121,0.9650738,0.7405256,0.4
fp_266,0.13617581129074097,0.1127629354596138,0.0015676916,0.5321418,0.03387206420302391,0.7971598,0.79322445,0.2
fp_267,0.0866401419043541,0.7070013880729675,0.0038605034,0.89599884,0.005675661377608776,0.97313505,0.7208894,0.4
fp_268,0.020944494754076004,0.0527973622083663,0.0016804934,0.6272209,0.023859143257141113,0.97594154,0.7537128,0.2
fp_269,0.11414194107055664,0.0485784821212291,0.0034609437,0.6907673,0.030317317694425583,0.98225546,0.7115313,0.2
fp_270,0.12125607579946518,0.0608163475990295,0.0035034716,0.95594084,0.01011879462748766,0.9677358,0.78436303,0.0
fp_271,0.08540279418230057,0.0403178110718727,0.0044598877,0.75253016,0.011884164065122604,0.9838013,0.64990044,0.2
fp_272,0.024725817143917084,0.058641031384468,0.0017029941,0.6377979,0.03131485357880592,0.8836414,0.78574663,0.2
fp_273,0.028944529592990875,0.0390523262321949,0.0045010746,0.34434575,0.03211112320423126,0.98233527,0.7154567,0.2
fp_274,0.011667391285300255,0.1253058612346649,0.0020323396,0.41052073,0.054200462996959686,0.6662047,0.81079966,0.0
fp_275,0.06008807569742203,0.0376846976578235,0.0043458045,0.44764382,0.052821531891822815,0.98247266,0.6913207,0.2
fp_276,0.0023875024635344744,0.0404809936881065,0.0022066534,0.89153755,0.022573167458176613,0.43199554,0.85075617,0.2
fp_277,0.02629578486084938,0.0359985418617725,0.0048894584,0.76339686,0.03714685142040253,0.98341966,0.71796536,0.2
fp_278,0.05611547455191612,0.0681237429380416,0.002231568,0.648256,0.042549021542072296,0.9393616,0.76905227,0.0
fp_279,0.02921881340444088,0.0552408918738365,0.0038371384,0.61672854,0.04333718493580818,0.98170507,0.76143324,0.2
fp_280,0.017972344532608986,0.0602184347808361,0.0019768775,0.8183726,0.03739169239997864,0.8070729,0.82290107,0.2
fp_281,0.07965996116399765,0.0462374947965145,0.0036095679,0.5744138,0.027766117826104164,0.9830739,0.72416776,0.2
fp_282,0.007341616787016392,0.065867468714714,0.0024006665,0.36619508,0.04754752665758133,0.00855156,0.8256539,0.2
fp_283,0.08437575399875641,0.0333363711833953,0.0033103824,0.72523093,0.026192571967840195,0.9779237,0.7275529,0.2
fp_284,0.016188519075512886,0.0572665892541408,0.0024223328,0.5598253,0.019995899870991707,0.03562223,0.8355607,0.2
fp_285,0.06801346689462662,0.0364892221987247,0.0061998367,0.5990318,0.009673802182078362,0.9834188,0.6906358,0.2
fp_286,0.07017318159341812,0.1435482054948806,0.0016470551,0.57527065,0.026582924649119377,0.92443806,0.78302044,0.2
fp_287,0.09815377742052078,0.033638909459114,0.0038825572,0.96658766,0.03047563135623932,0.9840045,0.711614,0.2
fp_288,0.1975092589855194,0.2122036516666412,0.0041027963,0.7976878,0.038500845432281494,0.96058047,0.83957213,0.2
fp_289,0.09789908677339554,0.0238950178027153,0.0040104985,0.5352744,0.011428268626332283,0.9821363,0.6720981,0.2
fp_290,0.144201397895813,0.1097379326820373,0.0045107603,0.81441754,0.014379436150193214,0.9458087,0.837589,0.0
fp_291,0.09709827601909637,0.0308828242123127,0.003768444,0.96061486,0.02369658648967743,0.9821306,0.70842063,0.2
fp_292,0.0390133261680603,0.0814846456050872,0.008119047,0.4399879,0.03245929628610611,0.8716647,0.81793445,0.2
fp_293,0.07708358019590378,0.0743091851472854,0.003946036,0.9455956,0.04701516404747963,0.9822353,0.7396988,0.0
fp_294,0.12900304794311523,0.1173930391669273,0.006218016,0.44649643,0.05280819907784462,0.96909493,0.6662381,0.0
fp_295,0.0428193099796772,0.0319524966180324,0.0036793351,0.8310356,0.0206742025911808,0.982591,0.7048305,0.2
fp_296,0.009678531438112259,0.118572324514389,0.0074087083,0.42975006,0.04380030930042267,0.7749065,0.73965704,0.2
fp_297,0.11077633500099182,0.0492622852325439,0.0035566688,0.32879713,0.049546487629413605,0.9818268,0.7090684,0.2
fp_298,0.042902350425720215,0.0495572201907634,0.0049541593,0.7056426,0.05088863894343376,0.80036205,0.7689056,0.4
fp_299,0.09861189872026443,0.0301067139953374,0.0037619174,0.4184518,0.03891527280211449,0.98358953,0.7209289,0.2
fp_300,0.08280733972787857,0.2155921161174774,0.00512743,0.48228255,0.03324994444847107,0.9667736,0.75914973,0.2
fp_301,0.051562558859586716,0.0491852387785911,0.0035827756,0.6130964,0.034608274698257446,0.9765852,0.7292875,0.2
fp_302,0.14633584022521973,0.1402830183506012,0.005152911,0.5624648,0.029058787971735,0.9508911,0.775911,0.2
fp_303,0.046310849487781525,0.030550293624401,0.0040564835,0.75751406,0.026320384815335274,0.9814337,0.71857107,0.2
fp_304,0.04132046923041344,0.0520951673388481,0.0076962113,0.52481925,0.010810465551912785,0.5151763,0.790484,0.2
fp_305,0.08261154592037201,0.0398105159401893,0.0038764477,0.9582974,0.026528306305408478,0.98471284,0.6979642,0.2
fp_306,0.21945250034332275,0.1323028653860092,0.0028126538,0.58333415,0.03815498948097229,0.46012333,0.7369278,0.2
fp_307,0.040591441094875336,0.3545488715171814,0.004014194,0.95774,0.038663994520902634,0.98526824,0.70040727,0.2
fp_308,0.11895133554935455,0.0259314440190792,0.003391087,0.64437854,0.03211744502186775,0.9444527,0.7919024,0.2
fp_309,0.05333847552537918,0.5073989033699036,0.003852427,0.94768715,0.011349545791745186,0.9639981,0.5418322,0.2
fp_310,0.17572472989559174,0.3868430554866791,0.004671514,0.687247,0.014365116134285927,0.48552597,0.83710146,0.0
fp_311,0.022652212530374527,0.4068272113800049,0.0065045655,0.6536266,0.034306298941373825,0.9850161,0.71600807,0.2
fp_312,0.12573440372943878,0.0865807831287384,0.004092604,0.5875183,0.043506793677806854,0.059809618,0.7923945,0.2
fp_313,0.02651836723089218,0.327115923166275,0.004953414,0.6988443,0.04602041840553284,0.9809178,0.5999874,0.2
fp_314,0.1353691965341568,0.0845805257558822,0.004209459,0.3168128,0.06207093596458435,0.006784985,0.74468637,0.0
fp_315,0.025195220485329628,0.3554685413837433,0.0059544444,0.8463634,0.03441808000206947,0.9834925,0.7158127,0.2
fp_316,0.12894226610660553,0.1041179448366165,0.005087197,0.6211463,0.05733183026313782,0.8918972,0.6944156,0.0
fp_317,0.02397305518388748,0.1885523498058319,0.004293889,0.9212531,0.039581265300512314,0.985377,0.7344531,0.2
fp_318,0.1018979400396347,0.1328819394111633,0.004128188,0.80146503,0.030997343361377716,0.96374387,0.8055419,0.2
fp_319,0.04520782083272934,0.4827683568000793,0.0042682886,0.87238634,0.02862424962222576,0.9850804,0.61613417,0.2
fp_320,0.039011772722005844,0.0740070864558219,0.004255384,0.2877923,0.03733387589454651,0.33678505,0.73567045,0.2
fp_321,0.035653844475746155,0.465678870677948,0.003924966,0.8655001,0.02646426297724247,0.9841223,0.7223027,0.2
fp_322,0.1384810507297516,0.0868695527315139,0.004693538,0.38410658,0.03386256471276283,0.16210628,0.79468775,0.2
fp_323,0.04529522359371185,0.3856075406074524,0.005975187,0.8215145,0.014449156820774078,0.9790754,0.5908439,0.2
fp_324,0.17149299383163452,0.0830913856625557,0.0027328432,0.62712604,0.031840112060308456,0.9111593,0.6959363,0.2
fp_325,0.049747925251722336,0.2966347932815552,0.0039037764,0.96835804,0.03238379582762718,0.9836881,0.69425535,0.2
fp_326,0.11341773718595505,0.0415072478353977,0.004045069,0.8239759,0.06963195651769638,0.9681256,0.7425517,0.2
fp_327,0.027272365987300873,0.7100220322608948,0.0041825473,0.8984783,0.011987833306193352,0.8992211,0.54389316,0.2
fp_328,0.1706027090549469,0.0873441100120544,0.0047332942,0.5870059,0.069343201816082,0.9764708,0.7352575,0.2
fp_329,0.0461333766579628,0.592710554599762,0.0039336383,0.9675452,0.025712596252560616,0.98636556,0.64040995,0.2
fp_330,0.015574059449136257,0.0361585095524787,0.005261719,0.6135397,0.109222911298275,0.970334,0.72459495,0.0
fp_331,0.03640428185462952,0.054898377507925,0.003971994,0.9624839,0.05335567519068718,0.98402816,0.71115744,0.0
fp_332,0.003077971749007702,0.0400191470980644,0.005814731,0.517648,0.06145285815000534,0.91777426,0.7465975,0.2
fp_333,0.0284939743578434,0.5576711893081665,0.003871262,0.9631112,0.03708452358841896,0.9851141,0.7086038,0.2
fp_334,0.007297041360288858,0.0805571153759956,0.0037565231,0.9241522,0.09905462712049484,0.972561,0.76131,0.4
fp_335,0.03545818850398064,0.2976910471916199,0.004246235,0.80616534,0.05009353533387184,0.98166645,0.6957219,0.2
fp_336,0.06049967557191849,0.0461809262633323,0.0036429763,0.9149184,0.06330189108848572,0.86522233,0.70927197,0.2
fp_337,0.04836580157279968,0.4513881504535675,0.004019618,0.95499706,0.04623953253030777,0.9831482,0.7236824,0.2
fp_338,0.09060888737440109,0.0522825308144092,0.003955275,0.5972199,0.05080395191907883,0.9646998,0.75939023,0.2
fp_339,0.0398503802716732,0.3982858061790466,0.0038701296,0.7449014,0.04389652982354164,0.9767701,0.7268647,0.2
fp_340,0.006401124410331249,0.3096023499965668,0.004480839,0.84906656,0.03505402058362961,0.9768684,0.70024645,0.2
fp_341,0.03018098697066307,0.6333603262901306,0.0039315224,0.9341391,0.029408207163214684,0.9811664,0.74061227,0.2
fp_342,0.12316805869340897,0.0515690296888351,0.0037368238,0.5192474,0.08354299515485764,0.881302,0.72209144,0.2
fp_343,0.03531381115317345,0.6642882227897644,0.0039049387,0.96784323,0.03595953434705734,0.98404574,0.7243917,0.2
fp_344,0.14469344913959503,0.0024810042232275,0.0710319,,0.010072926059365273,0.8799678,0.796968,0.2
fp_345,0.09483662992715836,0.0004861395573243,0.0711754,0.101547405,0.018697746098041534,0.6263839,0.81563985,0.2
fp_346,0.10705207288265228,0.1193941757082939,0.059459448,0.11065366,0.002194470725953579,0.82175386,0.77142525,0.2
fp_347,0.16774046421051025,0.0002959204430226,0.07050055,0.36813334,0.009014880284667015,0.7365321,0.76714855,0.2
fp_348,0.07792717218399048,0.1167742237448692,0.06804192,0.2613926,0.0005476332735270262,0.6707358,0.74512494,0.2
fp_349,0.1413550078868866,0.0146809574216604,0.08069947,0.09475678,0.02174847573041916,0.005550417,0.81239665,0.2
fp_350,0.27538445591926575,0.0769268497824668,0.076004416,0.114271864,0.002640296472236514,0.87493104,0.74259025,0.2
fp_351,0.11628586053848267,0.0001713142410153,0.05559823,0.08492193,0.04972628876566887,0.71570146,0.8197738,0.2
fp_352,0.08238264918327332,0.0468039140105247,0.07297674,0.10307896,0.003651136765256524,0.8075502,0.69238967,0.2
fp_353,0.0905051976442337,0.0017916340148076,0.066259235,0.32741338,0.016579007729887962,0.7277877,0.77709895,0.2
fp_354,0.07350525259971619,0.0408817753195762,0.09102374,0.1584608,0.0020220214501023293,0.8807448,0.7876828,0.2
fp_355,0.1234617829322815,0.0003004329919349,0.0712499,0.19364183,0.020112402737140656,0.6890898,0.7569922,0.2
fp_356,0.12938345968723297,0.0516687668859958,0.06664163,0.09147905,0.003461899934336543,0.84470737,0.75410026,0.2
fp_357,0.11288571357727051,0.0010065285023301,0.06587589,0.27449962,0.01894366554915905,0.6291038,0.8287861,0.2
fp_358,0.10281787812709808,0.1247767657041549,0.071371645,0.08829538,0.0020187131594866514,0.87893754,0.7065788,0.2
fp_359,0.12234871834516525,0.0106673771515488,0.06100169,0.098068096,0.024492504075169563,0.5055724,0.78860736,0.2
fp_360,0.2530781030654907,0.0649666413664817,0.057774812,0.10020499,0.001795588294044137,0.86866415,0.74915767,0.2
fp_361,0.13467659056186676,0.0106572657823562,0.07088265,0.10680399,0.02190377563238144,0.81226003,0.8151943,0.2
fp_362,0.08260847628116608,0.0310364458709955,0.083176166,0.11863387,0.0017047962173819542,0.79937714,0.76722765,0.2
fp_363,0.1479681134223938,0.0017158981645479,0.06822413,0.14056411,0.020698560401797295,0.7463133,0.8268113,0.2
fp_364,0.13067293167114258,0.0347034223377704,0.055758625,0.101077735,0.0031359954737126827,0.8084665,0.8085176,0.2
fp_365,0.15612101554870605,0.0730154737830162,0.06949833,0.40979123,0.006100999191403389,0.8492901,0.73511016,0.2
fp_366,0.1165972650051117,0.0570230074226856,0.05071336,0.16995524,0.0033426969312131405,0.81221944,0.75991225,0.2
fp_367,0.20981670916080475,0.0340539440512657,0.07216999,0.3878551,0.0036373811308294535,0.8554851,0.79708105,0.2
fp_368,0.1362018883228302,0.096404992043972,0.07284644,0.11676284,0.0012525843922048807,0.854146,0.74530256,0.2
fp_369,0.24064065515995026,0.1137028634548187,0.08167547,0.16739625,0.010368509218096733,0.84377086,0.7720484,0.2
fp_370,0.10103382170200348,0.0007386407232843,0.05851513,0.109293915,0.002624760614708066,0.82969344,0.83963287,0.2
fp_371,0.19302929937839508,0.0761948972940445,0.08995584,0.22836185,0.019084326922893524,0.7084882,0.6720723,0.2
fp_372,0.2255370020866394,0.0510857142508029,0.05354911,0.33652318,0.014956356026232243,0.84196234,0.8079002,0.2
fp_373,0.14312301576137543,0.0876494273543357,0.06911448,0.16724989,0.007432269863784313,0.70549786,0.6679755,0.2
fp_374,0.08633138984441757,0.0016333517851307,0.060123026,0.20744176,0.0013226406881585717,0.6327326,0.6998561,0.2
fp_375,0.19757790863513947,0.100778691470623,0.07484561,0.3304382,0.016016637906432152,0.7473382,0.7306093,0.2
fp_376,0.0859837606549263,0.0514880530536174,0.06664887,0.09529252,0.0026143777649849653,0.813206,0.6861807,0.2
fp_377,0.17581972479820251,0.0964157581329345,0.07192856,0.23098484,0.009170610457658768,0.8360395,0.6792692,0.2
fp_378,0.08052288740873337,0.0164056476205587,0.05803603,0.09800332,0.0027722071390599012,0.8422939,0.7734956,0.2
fp_379,0.2778205871582031,0.0003948695084545,0.07186332,0.19423962,0.007978840731084347,0.8100695,0.8075888,0.2
fp_380,0.07795342803001404,0.0997429192066192,0.06130445,0.24656256,0.02011428214609623,0.7956058,0.799006,0.2
fp_381,0.2043950855731964,0.0017132880166172,0.08869189,0.2904373,0.003991804085671902,0.4695343,0.681288,0.2
fp_382,0.11931002885103226,0.1145882010459899,0.05658707,0.10213058,0.003194960532709956,0.84741724,0.7639445,0.2
fp_383,0.1711074411869049,0.0070197349414229,0.047153205,0.2525134,0.011264761909842491,0.8370973,0.7810506,0.2
fp_384,0.12465059012174606,0.1214801371097564,0.07552788,0.08956258,0.008589077740907669,0.87069523,0.8311857,0.2
fp_385,0.16043893992900848,0.1097994893789291,0.061795503,0.3151759,0.009751886129379272,0.7682427,0.68093276,0.2
fp_386,0.12823350727558136,0.0036096123512834,0.07652262,0.14326225,0.0036123094614595175,0.8297213,0.8367363,0.2
fp_387,0.3094440698623657,0.0005768151022493,0.074261665,0.31620672,0.0027562419418245554,0.8351888,0.77227795,0.2
fp_388,0.08018695563077927,0.0031403556931763,0.14916617,0.1316845,0.009821027517318726,0.8085988,0.83158255,0.2
fp_389,0.20989423990249634,0.0021218329202383,0.062274635,0.27688676,0.007018967531621456,0.71132976,0.7488729,0.2
fp_390,0.08211208879947662,0.0019392382819205,0.09766784,0.13157585,0.015303773805499077,0.721234,0.70029354,0.2
fp_391,0.29647156596183777,0.1203647851943969,0.07110602,0.25708026,0.018455948680639267,0.21979551,0.7507751,0.2
fp_392,0.10489622503519058,0.0022779339924454,0.13560858,0.095172346,0.009196126833558083,0.824568,0.80420494,0.2
fp_393,0.2913093864917755,0.0008927886374294,0.071581244,0.40107074,0.0035769392270594835,0.70704967,0.6688627,0.2
fp_394,0.048132576048374176,0.0031504270154982,0.08270168,0.11974362,0.014696686528623104,0.6366689,0.8809968,0.2
fp_395,0.22041653096675873,0.0524755381047725,0.06998703,0.27523017,0.01003381796181202,0.8637056,0.65509176,0.2
fp_396,0.13753366470336914,0.1309539973735809,0.104444474,0.12037064,0.009497368708252907,0.83005863,0.742038,0.2
fp_397,0.16084440052509308,0.0406283475458622,0.073679715,0.21282682,0.008944017812609673,0.45789814,0.6771233,0.2
fp_398,0.4797036349773407,0.0016161989187821,0.079547554,0.099682614,0.008085434325039387,0.7602273,0.8074064,0.2
fp_399,0.30194616317749023,0.0034748902544379,0.07490283,0.32649764,0.009370893239974976,0.21252291,0.799923,0.2
fp_400,0.10320677608251572,0.0043573584407567,0.15580276,0.12559737,0.004746848251670599,0.23480132,0.818341,0.2
fp_401,0.18621863424777985,0.0019769647624343,0.050896734,0.2662239,0.009029149077832699,0.8624889,0.6985472,0.2
fp_402,0.21867606043815613,0.0024585335049778,0.062576324,0.32168427,0.013299768790602684,0.8463843,0.8477214,0.2
fp_403,0.12759821116924286,0.1910280287265777,0.05988744,0.29339033,0.0012274717446416616,0.5916317,0.7686678,0.2
fp_404,0.1973506659269333,0.0016923557268455,0.07936749,0.08910476,0.0028452910482883453,0.8350235,0.85198045,0.2
fp_405,0.14448656141757965,0.2141428589820861,0.054189086,0.34701908,0.000901398656424135,0.5766721,0.7187424,0.2
fp_406,0.12360364943742752,0.0129819540306925,0.070155054,0.3766976,0.010022144764661789,0.8054831,0.8784307,0.2
fp_407,0.128045454621315,0.169889211654663,0.0633257,0.15634036,0.0013093961169943213,0.67518,0.7328079,0.2
fp_408,0.34045735001564026,0.0017106655286625,0.08040097,0.13109814,0.01964598335325718,0.79091626,0.86745805,0.2
fp_409,0.15041089057922363,0.1599501371383667,0.07257107,0.17734306,0.0025660465471446514,0.57540154,0.7339319,0.2
fp_410,0.09558697044849396,0.0057445652782917,0.063412905,0.12689576,0.006006923038512468,0.4090958,0.7493449,0.2
fp_411,0.1158544048666954,0.1594843864440918,0.069802016,0.16492611,0.0013737790286540985,0.5490389,0.8001486,0.2
fp_412,0.18285498023033142,0.0069478047080338,0.08774969,0.097344175,0.011637364514172077,0.8035569,0.6933849,0.2
fp_413,0.12715528905391693,0.046228177845478,0.056319505,0.2141904,0.0027502626180648804,0.58898884,0.73663557,0.2
fp_414,0.147578626871109,0.0028518817853182,0.064148396,0.12586303,0.009653107263147831,0.79090923,0.8398826,0.2
fp_415,0.15691238641738892,0.2039867043495178,0.05342105,0.1321648,0.0015493356622755527,0.34156322,0.7350175,0.2
fp_416,0.11110623925924301,0.0038830928970128,0.07886067,0.17278503,0.014111071825027466,0.8316286,0.8707669,0.2
fp_417,0.20270325243473053,0.1772035509347915,0.06318134,0.19235395,0.0011648418148979545,0.6726074,0.75826097,0.2
fp_418,0.14706754684448242,0.0085834730416536,0.08629212,0.2206006,0.012202727608382702,0.8170103,0.84075767,0.2
fp_419,0.13792018592357635,0.1636324226856231,0.062230617,0.24741587,0.000718030147254467,0.5771315,0.74800766,0.2
fp_420,0.1585117131471634,0.0028912576381117,0.058445483,0.27254125,0.0090352613478899,0.8392888,0.7983996,0.2
fp_421,0.1502009928226471,0.1716376096010208,0.07061887,0.2696164,0.0013614841736853123,0.8069736,0.80049366,0.2
fp_422,0.12510418891906738,0.0020384085364639,0.03021276,0.26288745,0.010769616812467575,0.76941353,0.77837586,0.2
fp_423,0.10958046466112137,0.0017613238887861,0.067017555,0.3791622,0.001565223908983171,0.84423476,0.7747698,0.2
fp_424,0.11489137262105942,0.0014803149970248,0.0646849,0.41784158,0.004825110547244549,0.6062482,0.8126102,0.2
fp_425,0.18592451512813568,0.1774659603834152,0.055196553,0.21849585,0.0005081073613837361,0.7751298,0.7203511,0.2
fp_426,0.10270324349403381,0.0006621709326282,0.07113588,0.21169296,0.009467133320868015,0.109624915,0.8487097,0.2
fp_427,0.1558450311422348,0.1979936361312866,0.065249264,0.26541644,0.0013985070399940014,0.7531057,0.7982652,0.2
fp_428,0.17340391874313354,0.0007104465621523,0.07369521,0.20306578,0.016571996733546257,0.68851894,0.7779876,0.2
fp_429,0.1288488209247589,0.1753023713827133,0.06649369,0.3536416,0.0014711840776726604,0.22524956,0.73355985,0.2
fp_430,0.08748386800289154,0.0004185336874797,0.054842204,0.13717982,0.011760484427213669,0.114654906,0.82600665,0.2
fp_431,0.14074522256851196,0.1416302919387817,0.055294573,0.17622891,0.0018225905951112509,0.34626663,0.7407788,0.2
fp_432,0.08111579716205597,0.0002781285438686,0.06420308,0.3666231,0.016413766890764236,0.6942326,0.82002985,0.2
fp_433,0.1465681940317154,0.1832040399312973,0.061692804,0.22175772,0.001560612814500928,0.48565015,0.76391715,0.2
fp_434,0.19766996800899506,0.0012821239652112,0.057376713,0.12495367,0.00924807321280241,0.8613098,0.8446071,0.2
fp_435,0.12223538756370544,0.2140911966562271,0.068478525,0.21692047,0.009527964517474174,0.46311563,0.79305714,0.2
fp_436,0.07100637257099152,0.0002227408403996,0.06870672,0.33245662,0.005366496741771698,0.18894024,0.80825096,0.2
fp_437,0.1365184187889099,0.1905503571033477,0.061701566,0.42739183,0.004612671211361885,0.57142985,0.7740847,0.2
fp_438,0.2195243090391159,0.0013058454496785,0.028901756,0.17565724,0.00966023001819849,0.23765688,0.82075906,0.2
fp_439,0.15777382254600525,0.2017505913972854,0.07058421,0.28437313,0.0014028677251189947,0.7277384,0.7832062,0.2
fp_440,0.10980018973350525,0.0003872176457662,0.0308702,0.17565694,0.007602803409099579,0.80285215,0.7714642,0.2
fp_441,0.14750400185585022,0.0002661942271515,0.062764525,0.14896715,0.008899275213479996,0.8317223,0.7967746,0.2
fp_442,0.2060977667570114,0.0005130182253196,0.06569895,0.40999207,0.0033816995564848185,0.6924359,0.81935906,0.2
fp_443,0.14492328464984894,0.0002281333436258,0.08020365,0.26715696,0.003601911710575223,0.805065,0.7407088,0.2
fp_444,0.1463177353143692,0.0004853880673181,0.031487763,0.1387891,0.009898008778691292,0.2646579,0.8098885,0.2
fp_445,0.24738113582134247,0.0002482904528733,0.08008972,0.16681835,0.009747871197760105,0.83482194,0.79602313,0.2
fp_446,0.11953648924827576,0.0016440018080174,0.03803265,0.1547524,0.024901079013943672,0.14588709,0.825716,0.2
fp_447,0.16765956580638885,0.0002294867881573,0.07623473,0.21077976,0.015069421380758286,0.7839778,0.8079824,0.2
fp_448,0.07697232067584991,0.0002608483773656,0.0418458,0.35727164,0.007666963618248701,0.10446901,0.87236446,0.2
fp_449,0.1531204879283905,0.0002128361811628,0.08869335,0.18500914,0.009283218532800674,0.790276,0.79674745,0.2
fp_450,0.11901408433914185,0.0005558392731472,0.042048037,0.17230718,0.014586051926016808,0.49300915,0.80975884,0.2
fp_451,0.15260258316993713,0.0004306383780203,0.06885791,0.20248255,0.0138058140873909,0.75153095,0.83227336,0.2
fp_452,0.07715417444705963,0.000497993954923,0.037083328,0.25188687,0.010957562364637852,0.28279924,0.84193015,0.2
fp_453,0.15566636621952057,0.0002634723496157,0.06443375,0.22192092,0.008841774426400661,0.77227515,0.8124812,0.2
fp_454,0.09698331356048584,0.000547943112906,0.044941396,0.16792838,0.018660977482795715,0.0035063014,0.8388043,0.2
fp_455,0.2726508378982544,0.0001738952996674,0.05953306,0.15807602,0.007985606789588928,0.7926402,0.7792549,0.2
fp_456,0.12909652292728424,0.0004632692725863,0.045699626,0.20398018,0.012074590660631657,0.013275786,0.8492639,0.2
fp_457,0.15603242814540863,0.0002077735116472,0.1083177,0.20047101,0.004330105613917112,0.8313864,0.794389,0.2
fp_458,0.16756360232830048,0.0017571419011801,0.03055957,0.17318133,0.009418477304279804,0.5278823,0.8031595,0.2
fp_459,0.14512990415096283,0.0001706882903818,0.07095632,0.4078253,0.0098569979891181,0.8576966,0.7986709,0.2
fp_460,0.16492095589637756,0.00523546570912,0.072140366,0.20727794,0.009843194857239723,0.59679466,0.86655647,0.2
fp_461,0.21495789289474487,0.0001246454048668,0.0719426,0.21357152,0.003180387429893017,0.78622484,0.77358866,0.2
fp_462,0.270034521818161,0.0014368963893502,0.078122914,0.24636951,0.0034182763192802668,0.45847937,0.8672653,0.2
fp_463,0.164303719997406,0.0001611330371815,0.06872314,0.39661813,0.007188593037426472,0.81831646,0.7929825,0.2
fp_464,0.10061909258365631,0.000828840129543,0.12909558,0.16487268,0.011620992794632912,0.33654875,0.8566847,0.2
fp_465,0.24310117959976196,0.0006479966687038,0.072080284,0.2966314,0.020129695534706116,0.8186062,0.8077282,0.2
fp_466,0.1893245428800583,0.0015040625585243,0.10474333,0.12669417,0.01787220872938633,0.70229095,0.7863395,0.2
fp_467,0.20782680809497833,0.0001722430897643,0.06694543,0.30675375,0.0057620820589363575,0.8337675,0.80510104,0.2
fp_468,0.10714760422706604,0.0015035327523946,0.10322684,0.12773696,0.0123241376131773,0.13659132,0.8023637,0.2
fp_469,0.19242122769355774,0.0003665378317236,0.06446168,0.15162168,0.011344661936163902,0.804992,0.7875395,0.2
fp_470,0.13123291730880737,0.0004160125972703,0.08453986,0.14778277,0.01707165315747261,0.19142406,0.85793525,0.2
fp_471,0.1428690105676651,0.0001528763241367,0.06862107,0.17651136,0.01003620121628046,0.7927738,0.79300463,0.2
fp_472,0.17837782204151154,0.0049518402665853,0.08589563,0.08872293,0.01130015030503273,0.654599,0.8188063,0.2
fp_473,0.1591574251651764,0.0003314261557534,0.06513202,0.22284012,0.013668029569089413,0.75837076,0.81190956,0.2
fp_474,0.27350783348083496,0.0021476878318935,0.092464626,0.14993374,0.008733549155294895,0.64612085,0.84000134,0.2
fp_475,0.22623181343078613,0.0001830940163927,0.0735645,0.25320718,0.011607456021010876,0.7827871,0.7973896,0.2
fp_476,0.16628849506378174,0.0004045540117658,0.12427294,0.096055575,0.005914381239563227,0.10057774,0.82840383,0.2
fp_477,0.15886816382408142,0.0002619542065076,0.07083994,0.3400877,0.008295045234262943,0.8636274,0.8023052,0.2
fp_478,0.3540506362915039,0.0019657013472169,0.052212894,0.11170248,0.01562720350921154,0.083494306,0.8426312,0.2
fp_479,0.096165232360363,0.006407702807337,0.07335439,0.33793694,0.01114707812666893,0.86213607,0.7947579,0.2
fp_480,0.21423259377479553,0.0001372899569105,0.062164962,0.14915481,0.013488691300153732,0.5477434,0.8400971,0.2
fp_481,0.13830570876598358,0.0122347502037882,0.07030803,0.29894972,0.0034923905041068792,0.80215114,0.6939727,0.2
fp_482,0.277935653924942,0.009747770614922,0.080268204,0.18197761,0.005531934089958668,0.0770884,0.87073886,0.2
fp_483,0.1341896653175354,0.0084767900407314,0.115300775,0.21551904,0.010763288475573063,0.86367494,0.79826945,0.2
fp_484,0.24399594962596893,0.0009257174097001,0.073459506,0.09554805,0.01579376496374607,0.012372901,0.8473054,0.2
fp_485,0.10057798027992249,0.0062397154979407,0.089384735,0.21325071,0.014111609198153019,0.8354182,0.7639558,0.2
fp_486,0.22419026494026184,0.0009269397705793,0.07635191,0.06158521,0.027739208191633224,0.0037737421,0.83554846,0.2
fp_487,0.11848369985818863,0.007090242113918,0.105727375,0.18042156,0.009222283959388733,0.8310069,0.80649906,0.2
fp_488,0.1785864531993866,0.0014829108258709,0.085603595,0.1814719,0.015073122456669807,0.324279,0.7681222,0.2
fp_489,0.1047038659453392,0.0025826599448919,0.077697635,0.25780016,0.013351446948945522,0.87615794,0.7924012,0.2
fp_490,0.2085988074541092,0.0018291056621819,0.07282096,0.20213684,0.01294826902449131,0.49631646,0.86429954,0.2
fp_491,0.12078601121902466,0.0111984042450785,0.0766134,0.2177037,0.009301409125328064,0.8783146,0.79445803,0.2
fp_492,0.1660667210817337,0.0008867168216966,0.07674667,0.10235207,0.01542876660823822,0.09936515,0.8151086,0.2
fp_493,0.13008767366409302,0.0122507344931364,0.07174456,0.20144191,0.008538046851754189,0.8718961,0.7916601,0.2
fp_494,0.14939239621162415,0.0009012749651446,0.08126965,0.06419576,0.012977199628949165,0.061410006,0.8503598,0.2
fp_495,0.14575187861919403,0.0079805012792348,0.107046455,0.24746335,0.005656101740896702,0.79587257,0.7913549,0.2
fp_496,0.2192823737859726,0.0008048724848777,0.05038035,0.130814,0.014878913760185242,0.35474876,0.81357,0.2
fp_497,0.12390566617250443,0.0053279255516827,0.07136026,0.40913472,0.010144066996872425,0.82502586,0.7871737,0.2
fp_498,0.10660255700349808,0.0002551866346038,0.0748643,0.23656435,0.01742570847272873,0.7250254,0.82323563,0.2
fp_499,0.09681826084852219,0.0484897457063198,0.076140046,0.25457126,0.003192346543073654,0.69395703,0.7598742,0.2
fp_500,0.1350298821926117,0.0008214531699195,0.08706212,0.20097966,0.018722139298915863,0.8091236,0.7938814,0.2
fp_501,0.11204851418733597,0.0184975396841764,0.07182336,0.42933363,0.007511921226978302,0.85502934,0.7673826,0.2
fp_502,0.10803421586751938,0.0002177772548748,0.09685278,0.22940926,0.028450442478060722,0.7118029,0.75464135,0.2
fp_503,0.15035273134708405,0.0004582762194331,0.07198006,0.41278034,0.025473540648818016,0.8614339,0.7892611,0.2
fp_504,0.09218127280473709,0.0002529430785216,0.09830254,0.1394495,0.01710987091064453,0.48732466,0.79333854,0.2
fp_505,0.13523858785629272,0.0177506003528833,0.07073787,0.377664,0.010472534224390984,0.87586296,0.8013679,0.2
fp_506,0.14889277517795563,0.000743054668419,0.06885743,0.32643622,0.02603485807776451,0.78821796,0.8076767,0.2
fp_507,0.11628852784633636,0.0055075497366487,0.07748538,0.18717745,0.012305913493037224,0.8813428,0.79614496,0.2
fp_508,0.13381516933441162,0.0003100507310591,0.066541135,0.31011823,0.01613069325685501,0.29850543,0.75217927,0.2
fp_509,0.11033328622579575,0.0102914972230792,0.07337597,0.3055117,0.010859547182917595,0.86476266,0.7934997,0.2
fp_510,0.21058706939220428,0.0003453858662396,0.074142724,0.1499299,0.014585464261472225,0.72193134,0.82807803,0.2
fp_511,0.11497221142053604,0.0074452576227486,0.070528954,0.2520564,0.017421608790755272,0.7559911,0.8031481,0.2
fp_512,0.10506340861320496,0.0058149513788521,0.080737144,0.29290822,0.011529377661645412,0.7611492,0.7549858,0.2
fp_513,0.14623968303203583,0.0241183321923017,0.07110739,0.37450126,0.013681264594197273,0.8287476,0.79687655,0.2
fp_514,0.12408795952796936,0.0003458102291915,0.06735113,0.11396966,0.023204758763313293,0.6055967,0.8296121,0.2
fp_515,0.10513878613710403,0.0294413287192583,0.07137856,0.38530186,0.010197684168815613,0.8507662,0.7951659,0.2
fp_516,0.12616634368896484,0.0052850171923637,0.0071657896,0.88425493,0.011193996295332909,0.77409476,0.8069056,0.0
fp_517,0.08050227910280228,0.000916470948141,0.0072370768,0.25436753,0.02082573063671589,0.55193156,0.82794535,0.0
fp_518,0.0835384875535965,0.35697141289711,0.0058938563,0.25861225,0.002557457657530904,0.73305386,0.78931904,0.0
fp_519,0.10280940681695938,0.0004528881981968,0.007071972,0.62505287,0.010025273077189922,0.65224576,0.78068846,0.0
fp_520,0.06613559275865555,0.3577581942081451,0.006892234,0.45519108,0.0006575762527063489,0.63143045,0.74955106,0.0
fp_521,0.1301707774400711,0.0510969161987304,0.008318514,0.20916994,0.023380640894174576,0.014366521,0.8262616,0.0
fp_522,0.24811360239982605,0.2966919243335724,0.0077486634,0.16063705,0.003010031534358859,0.7742252,0.75154895,0.0
fp_523,0.10686084628105164,0.000287469534669,0.0056557953,0.09925665,0.0529973991215229,0.62465966,0.8330223,0.0
fp_524,0.0626482143998146,0.117999330163002,0.0073464513,0.15888947,0.004159288480877876,0.6954674,0.7034558,0.0
fp_525,0.08196879178285599,0.003402801696211,0.0066027343,0.5832598,0.017890689894557,0.6254791,0.7906385,0.0
fp_526,0.05872800573706627,0.105785995721817,0.009158045,0.25773028,0.0023067202419042587,0.82919514,0.79703987,0.0
fp_527,0.10890746861696243,0.0005497526726685,0.0071257055,0.36512738,0.021776380017399788,0.58839196,0.77122086,0.0
fp_528,0.22255076467990875,0.1208982020616531,0.006724477,0.23304525,0.00398988975211978,0.72778076,0.77859414,0.0
fp_529,0.09643914550542831,0.0016607232391834,0.0065953434,0.5187665,0.020789390429854393,0.52340424,0.8420366,0.0
fp_530,0.09631884098052979,0.368581473827362,0.007364303,0.20825371,0.00232748338021338,0.7987373,0.7187047,0.0
fp_531,0.1309524029493332,0.0356583371758461,0.0061516166,0.115684375,0.025754563510417938,0.48661387,0.7987861,0.0
fp_532,0.15991345047950745,0.2601799666881561,0.0057595074,0.17216927,0.0020251248497515917,0.78746456,0.7577531,0.0
fp_533,0.0993821769952774,0.0332311354577541,0.0072199404,0.16178903,0.023407993838191032,0.69119596,0.82759947,0.0
fp_534,0.06930296868085861,0.0724738463759422,0.008581251,0.2764489,0.0020102274138480425,0.69252366,0.77371347,0.0
fp_535,0.145486980676651,0.0031110737472772,0.0069738626,0.3467566,0.02243947796523571,0.6706308,0.83720016,0.0
fp_536,0.10759693384170532,0.110499620437622,0.005530894,0.1905477,0.0034506823867559433,0.6932447,0.83431894,0.0
fp_537,0.09755408018827438,0.2801925837993622,0.007002741,0.69434214,0.006723056081682444,0.7461403,0.7396952,0.0
fp_538,0.09718168526887894,0.1387409269809723,0.005025983,0.39297903,0.003732498502358794,0.68674546,0.7784537,0.0
fp_539,0.16130588948726654,0.1364376246929168,0.0072805583,0.6406012,0.004084059037268162,0.7612031,0.8091595,0.0
fp_540,0.11269913613796234,0.2887317538261413,0.0075504184,0.23652008,0.0014197714626789093,0.76894975,0.7502013,0.0
fp_541,0.06754299998283386,0.3887220919132232,0.008305162,0.29138756,0.011309375986456871,0.7444728,0.7811648,0.0
fp_542,0.09288991987705231,0.0014751603594049,0.0058046877,0.31155422,0.002898682374507189,0.72163385,0.8547018,0.0
fp_543,0.16686059534549713,0.2931887209415436,0.009279966,0.31798273,0.0208528321236372,0.62234294,0.6791057,0.0
fp_544,0.17358075082302094,0.1408403366804123,0.005325973,0.6139023,0.016558688133955002,0.72969013,0.8288732,0.0
fp_545,0.13993139564990997,0.3233200907707214,0.0071917176,0.37007904,0.008178885094821453,0.61093,0.67300045,0.0
fp_546,0.07272624224424362,0.0032838445622473,0.0059865117,0.3784227,0.0015189166879281402,0.58644426,0.70676184,0.0
fp_547,0.1804122030735016,0.3602813482284546,0.007587284,0.59839386,0.0176401250064373,0.6280142,0.7414972,0.0
fp_548,0.0710182636976242,0.1186207234859466,0.00665769,0.17698331,0.0029481789097189903,0.71063995,0.69736767,0.0
fp_549,0.11142684519290924,0.3490839600563049,0.0072804093,0.44056112,0.01007815357297659,0.72307056,0.6905471,0.0
fp_550,0.06697972118854523,0.0475810952484607,0.0057452917,0.21676871,0.0030686433892697096,0.72650445,0.7918798,0.0
fp_551,0.0705948919057846,0.0007186794537119,0.0072529614,0.3000807,0.008799513801932335,0.6932589,0.816763,0.0
fp_552,0.06930641829967499,0.3392256498336792,0.006146699,0.38270283,0.021777784451842308,0.68738556,0.8109019,0.0
fp_553,0.18226557970046997,0.0036773732863366,0.009059101,0.52272314,0.004392334260046482,0.52811646,0.6875458,0.0
fp_554,0.10155384987592697,0.3457151651382446,0.0056091547,0.18222418,0.003601492615416646,0.7380402,0.7817415,0.0
fp_555,0.10324221849441528,0.0199928916990757,0.004763484,0.4785555,0.01257309690117836,0.7458083,0.78781617,0.0
fp_556,0.09811604768037796,0.3864903748035431,0.007678181,0.22822495,0.009512164629995823,0.76460266,0.8405894,0.0
fp_557,0.15238943696022034,0.3810485899448395,0.0062253773,0.5793444,0.010853437706828117,0.6640348,0.68690705,0.0
fp_558,0.10501179844141006,0.006696262396872,0.007929921,0.39296204,0.0040557472966611385,0.7452387,0.8612251,0.0
fp_559,0.08524788916110992,0.0009294114424847,0.0075011253,0.5532814,0.0030895774252712727,0.74273634,0.78287923,0.0
fp_560,0.04340318217873573,0.0066951783373951,0.01657316,0.19945161,0.010618442669510841,0.68181294,0.85466844,0.0
fp_561,0.13553155958652496,0.0043876036070287,0.0062730312,0.52340084,0.007860000245273113,0.6674717,0.75637776,0.0
fp_562,0.08259043097496033,0.003522258484736,0.009953558,0.21407859,0.016597410663962364,0.58727974,0.7186748,0.0
fp_563,0.10977716743946075,0.4065686464309692,0.007193744,0.4844033,0.019550807774066925,0.40841064,0.75879586,0.0
fp_564,0.09969061613082886,0.0044415215961635,0.015274584,0.21637395,0.010169729590415955,0.7157989,0.8172132,0.0
fp_565,0.14396560192108154,0.0015804042341187,0.007225752,0.66798556,0.00402853824198246,0.6405105,0.67513376,0.0
fp_566,0.044055867940187454,0.0063292579725384,0.008455515,0.25633577,0.016019335016608238,0.5553032,0.88978624,0.0
fp_567,0.1337955892086029,0.2035980522632599,0.0070580244,0.50148594,0.010983999818563461,0.7662175,0.6643474,0.0
fp_568,0.11481548100709915,0.3925677239894867,0.011629701,0.30777094,0.01045551523566246,0.7032892,0.7552422,0.0
fp_569,0.16645480692386627,0.1709098815917968,0.0074486732,0.28523603,0.009445128031075,0.46046478,0.6816672,0.0
fp_570,0.37146317958831787,0.0031376250553876,0.008111179,0.17910695,0.008882833644747734,0.6257944,0.8325243,0.0
fp_571,0.08474352210760117,0.0088747097179293,0.0076097846,0.59082216,0.010245220735669136,0.4058211,0.80764246,0.0
fp_572,0.08283062279224396,0.0106940697878599,0.01809004,0.32331097,0.005271815694868565,0.28561258,0.8307225,0.0
fp_573,0.12414010614156723,0.0041151535697281,0.0051339865,0.50362295,0.010105620138347149,0.76667464,0.70281863,0.0
fp_574,0.09634878486394882,0.0049287276342511,0.006274253,0.58034277,0.014516152441501617,0.7430734,0.86507034,0.0
fp_575,0.10972236096858978,0.5194766521453857,0.0060260296,0.5552827,0.0014294289285317063,0.5370199,0.77551496,0.0
fp_576,0.09974373877048492,0.0029586930759251,0.008289546,0.22820334,0.003184225410223007,0.72713673,0.8695365,0.0
fp_577,0.11392293870449066,0.5433120727539062,0.005457282,0.6449085,0.0010846933582797647,0.54538727,0.72519934,0.0
fp_578,0.09879810363054276,0.0345128700137138,0.0071320534,0.62255985,0.010877319611608982,0.69445634,0.88952243,0.0
fp_579,0.10637728124856949,0.4806022047996521,0.0064226687,0.23129368,0.00157548813149333,0.5919574,0.7418443,0.0
fp_580,0.29308438301086426,0.0034406224731355,0.008216798,0.32030877,0.02105513960123062,0.7183417,0.87835443,0.0
fp_581,0.13201157748699188,0.4709308445453644,0.0072992444,0.28161556,0.003039684146642685,0.56614584,0.74064875,0.0
fp_582,0.06365562230348587,0.0160010289400815,0.0063029528,0.31137565,0.006859183311462402,0.43375096,0.76260215,0.0
fp_583,0.09706007689237595,0.4708003103733063,0.0071119964,0.39999703,0.0015996561851352453,0.56654274,0.80655575,0.0
fp_584,0.08183671534061432,0.0161560177803039,0.009008735,0.17683892,0.012930523604154587,0.69322574,0.70346177,0.0
fp_585,0.11073190718889236,0.187773510813713,0.0056625903,0.510374,0.003192322328686714,0.54545254,0.7483983,0.0
fp_586,0.10616037994623184,0.005337506532669,0.006436169,0.2644855,0.010643082670867443,0.6671013,0.85983396,0.0
fp_587,0.1295795887708664,0.5313456654548645,0.0053789914,0.3421343,0.0018396088853478432,0.4426326,0.742243,0.0
fp_588,0.10340212285518646,0.0078111053444445,0.008156985,0.28246823,0.01534199994057417,0.70408,0.87860173,0.0
fp_589,0.16374027729034424,0.4923875629901886,0.006342411,0.33537775,0.0013493557926267385,0.60102075,0.76809084,0.0
fp_590,0.08500120043754578,0.0217289235442876,0.008966923,0.42889157,0.013306853361427784,0.6851762,0.8653991,0.0
fp_591,0.11742231994867325,0.4725934863090515,0.0063234866,0.5047546,0.0008616101113148034,0.5744277,0.7528683,0.0
fp_592,0.1272680163383484,0.006038308609277,0.005852878,0.5376554,0.009850810281932354,0.71512103,0.8106297,0.0
fp_593,0.11898521333932877,0.4864004552364349,0.0071184635,0.5564362,0.0015998855233192444,0.70481414,0.81054354,0.0
fp_594,0.120062455534935,0.0042525026947259,0.0030314028,0.46938458,0.011787687428295612,0.67824113,0.78522265,0.0
fp_595,0.09187383949756622,0.0039543253369629,0.0067376494,0.6860257,0.0018749063601717353,0.74524856,0.78166765,0.0
fp_596,0.09864287823438644,0.0026162073481827,0.006465316,0.6773014,0.005385083146393299,0.5254861,0.8336309,0.0
fp_597,0.15386822819709778,0.4958192408084869,0.005553484,0.47730774,0.0006054062978364527,0.7021462,0.7251922,0.0
fp_598,0.1166449710726738,0.0010961478110402,0.007110685,0.32620254,0.010344336740672588,0.27174556,0.8579486,0.0
fp_599,0.12775655090808868,0.5188227295875549,0.0065580606,0.59990084,0.0016326522454619408,0.6644655,0.80671763,0.0
fp_600,0.16409629583358765,0.0012613571016117,0.007406771,0.3169065,0.018062695860862732,0.6057501,0.8002416,0.0
fp_601,0.11410409212112427,0.4951928257942199,0.006698251,0.6414432,0.0017273123376071453,0.41049552,0.74123275,0.0
fp_602,0.07838734239339828,0.0006882445304654,0.0054394603,0.28588304,0.012764853425323963,0.30142552,0.83280873,0.0
fp_603,0.11796610057353973,0.4434445202350616,0.0055576265,0.32792446,0.0021059666760265827,0.4125662,0.748211,0.0
fp_604,0.13058291375637054,0.0004762348253279,0.006418526,0.6319485,0.018202994018793106,0.5911557,0.82786274,0.0
fp_605,0.11947941780090332,0.4975808560848236,0.0061932206,0.4901034,0.001845470629632473,0.5276105,0.7749953,0.0
fp_606,0.20216278731822968,0.0023237660061568,0.0056904554,0.23931542,0.010106044821441174,0.8042391,0.85920775,0.0
fp_607,0.10651035606861115,0.5432614684104919,0.0069191754,0.3908826,0.010497309267520905,0.503112,0.80232704,0.0
fp_608,0.057674162089824677,0.0003657081688288,0.0068327785,0.5241376,0.006070607341825962,0.30606845,0.8148992,0.0
fp_609,0.12254108488559723,0.5069699883460999,0.0061982274,0.7248954,0.005313039291650057,0.5744414,0.78558695,0.0
fp_610,0.16827529668807983,0.0023834151215851,0.0029413104,0.28582346,0.010526726022362709,0.31192282,0.8275112,0.0
fp_611,0.13824531435966492,0.5247126221656799,0.007117629,0.56125265,0.0016344781033694744,0.65668195,0.79161215,0.0
fp_612,0.10848119854927063,0.0006252969033084,0.0031379461,0.33509785,0.008679053746163845,0.73555076,0.77768576,0.0
fp_613,0.11245226860046387,0.0004478280316106,0.0063628852,0.31958503,0.009883368387818336,0.71536136,0.806802,0.0
fp_614,0.18165843188762665,0.0007869566325098,0.006548077,0.66744834,0.0038797964807599783,0.6232691,0.8285436,0.0
fp_615,0.1059519425034523,0.0003970353864133,0.0081958175,0.4322605,0.004060870036482811,0.7001906,0.78116506,0.0
fp_616,0.12730573117733002,0.0007713053491897,0.003185451,0.32123095,0.010799456387758255,0.2752443,0.816785,0.0
fp_617,0.19897283613681793,0.0004258076369296,0.008236229,0.20133829,0.010816621594130993,0.72165865,0.81220627,0.0
fp_618,0.10621615499258041,0.0030647946987301,0.0038164556,0.22562437,0.026305878534913063,0.29519683,0.8315933,0.0
fp_619,0.13892532885074615,0.0003799214900936,0.007902026,0.2796844,0.01678982563316822,0.6806456,0.8265612,0.0
fp_620,0.06535352766513824,0.0004223306896165,0.0041568577,0.600256,0.008486812002956867,0.20360307,0.8770085,0.0
fp_621,0.13255733251571655,0.0003472175158094,0.0090277195,0.41976374,0.010330301709473133,0.69077796,0.8058351,0.0
fp_622,0.10537426918745041,0.0010377942817285,0.0041885376,0.29793316,0.01575666479766369,0.43876126,0.8171213,0.0
fp_623,0.1365976631641388,0.000722354336176,0.0070248544,0.35800081,0.015191858634352684,0.6620567,0.8444827,0.0
fp_624,0.06381271779537201,0.0008143553859554,0.0037068725,0.44476762,0.01214584894478321,0.30962896,0.8512738,0.0
fp_625,0.12237951904535294,0.0004507996200118,0.0065999627,0.33771223,0.00986300315707922,0.65027696,0.82529783,0.0
fp_626,0.09836823493242264,0.0009557446464896,0.004487604,0.26127028,0.01994810439646244,0.022684516,0.8431155,0.0
fp_627,0.21919789910316467,0.0002955122035928,0.0060710013,0.34364325,0.008894301019608974,0.70219994,0.79595166,0.0
fp_628,0.11443310976028442,0.0007134930347092,0.004545033,0.32839027,0.012964588589966297,0.080697075,0.85931283,0.0
fp_629,0.12055697292089462,0.0003490698290988,0.011353493,0.356808,0.004856513813138008,0.7113972,0.8047838,0.0
fp_630,0.16015256941318512,0.0034228176809847,0.0030943453,0.3046023,0.010525594465434551,0.38630676,0.8075795,0.0
fp_631,0.10611443966627121,0.0002881654072552,0.007158309,0.6643093,0.01095674466341734,0.7470739,0.8090875,0.0
fp_632,0.1502230167388916,0.0105883674696087,0.007417321,0.4337615,0.010925615206360817,0.5943525,0.8752488,0.0
fp_633,0.17091487348079681,0.0001936323678819,0.0073596835,0.31325513,0.0036266029346734285,0.68920356,0.7971189,0.0
fp_634,0.2420441061258316,0.0027536309789866,0.00807634,0.44046777,0.003904994111508131,0.50197893,0.8802862,0.0
fp_635,0.12530246376991272,0.0002757151378318,0.0069390833,0.64209026,0.007978172972798347,0.7144743,0.80408007,0.0
fp_636,0.10682287067174911,0.0015868276823312,0.014331043,0.24024451,0.012838105671107769,0.50340265,0.86621034,0.0
fp_637,0.2123303860425949,0.0011531645432114,0.007275164,0.56913716,0.021941889077425003,0.6986146,0.81658846,0.0
fp_638,0.15964943170547485,0.0029164236038923,0.011115015,0.21848497,0.01973823644220829,0.5988607,0.8023391,0.0
fp_639,0.17775000631809235,0.0002761684299912,0.006772727,0.5261971,0.006551193073391914,0.73805726,0.82010245,0.0
fp_640,0.08496778458356857,0.0028279055841267,0.012644708,0.24494164,0.01339402049779892,0.24057473,0.8100717,0.0
fp_641,0.14231358468532562,0.0006269815494306,0.006540686,0.18665591,0.012723330408334732,0.6909223,0.8011844,0.0
fp_642,0.17429572343826294,0.0008395359036512,0.008846015,0.30908376,0.018851537257432938,0.3077584,0.87807614,0.0
fp_643,0.09827270358800888,0.0002572839730419,0.006930709,0.23986454,0.011191351339221,0.6882487,0.806417,0.0
fp_644,0.19467243552207947,0.010051998309791,0.009063512,0.21468511,0.012619493529200554,0.59697276,0.82736844,0.0
fp_645,0.13414229452610016,0.0005658163572661,0.0065917373,0.40252262,0.014814365655183792,0.6611499,0.8210223,0.0
fp_646,0.19685479998588562,0.0042067379690706,0.009498715,0.3217898,0.009677662514150143,0.603309,0.8521481,0.0
fp_647,0.20649407804012299,0.0003081699833273,0.007466316,0.43933406,0.012723480351269245,0.6596427,0.8124342,0.0
fp_648,0.14504025876522064,0.0007704268209636,0.013670564,0.1827327,0.006547718308866024,0.36643243,0.83737683,0.0
fp_649,0.12399504333734512,0.0004541830276139,0.0071467757,0.6187521,0.009171308018267155,0.7522252,0.81421506,0.0
fp_650,0.2497199922800064,0.003943420946598,0.005228162,0.27739906,0.016917403787374496,0.2427489,0.8529669,0.0
fp_651,0.07430274039506912,0.0127611691132187,0.00740543,0.63338214,0.012404663488268852,0.7505257,0.80854595,0.0
fp_652,0.1924717277288437,0.0002427143917884,0.0062551796,0.34228685,0.014859355986118317,0.5070969,0.85014355,0.0
fp_653,0.10584196448326111,0.0275585632771253,0.0070991516,0.5654875,0.003909420222043991,0.70260173,0.79079175,0.0
fp_654,0.19543887674808502,0.0264088343828916,0.008345902,0.37272766,0.006290945690125227,0.19139388,0.8762021,0.0
fp_655,0.1184726133942604,0.0218084827065467,0.0119735,0.3261071,0.011764619499444962,0.7501814,0.8090591,0.0
fp_656,0.2058849185705185,0.0016861349577084,0.007468611,0.25503692,0.017227405682206154,0.037487824,0.8582022,0.0
fp_657,0.08496657013893127,0.0145541420206427,0.009105295,0.35243586,0.015264912508428097,0.71710086,0.7939569,0.0
fp_658,0.17075969278812408,0.0018707454437389,0.007730931,0.1451429,0.029749378561973572,0.02221265,0.8461305,0.0
fp_659,0.10410940647125244,0.017248110845685,0.010975778,0.42463666,0.010229910723865032,0.7312062,0.81517833,0.0
fp_660,0.16070541739463806,0.0029849980492144,0.009038895,0.31074008,0.016425395384430885,0.3968355,0.7819984,0.0
fp_661,0.09139595925807953,0.0046537583693861,0.007890135,0.5117582,0.01463956106454134,0.7730312,0.80766475,0.0
fp_662,0.17729783058166504,0.0032855740282684,0.007457167,0.42778173,0.014222973957657814,0.47621807,0.8741555,0.0
fp_663,0.09413783997297287,0.0254792217165231,0.007816672,0.44848832,0.010364077053964138,0.77053195,0.81559587,0.0
fp_664,0.1666284203529358,0.0017867574933916,0.0077833235,0.16367379,0.016561755910515785,0.2589576,0.8246291,0.0
fp_665,0.10277761518955231,0.030285183340311,0.00723809,0.46684092,0.009460165165364742,0.7565761,0.8033745,0.0
fp_666,0.11082164198160172,0.0016001886688172,0.008430451,0.15589628,0.014371558092534542,0.17629257,0.85989845,0.0
fp_667,0.11637198179960251,0.0179707370698452,0.011036605,0.43113166,0.006339843850582838,0.6985498,0.8083857,0.0
fp_668,0.20389997959136963,0.0014491775073111,0.0050610304,0.31931695,0.016316024586558342,0.4341198,0.82764614,0.0
fp_669,0.10115113854408264,0.0104443365707993,0.007198423,0.67800695,0.011343634687364101,0.70588386,0.7981576,0.0
fp_670,0.0929698646068573,0.0004337720456533,0.00753057,0.46607956,0.01892130635678768,0.6168044,0.835286,0.0
fp_671,0.07343248277902603,0.1396567672491073,0.007703334,0.48344406,0.003561528865247965,0.5557767,0.79941654,0.0
fp_672,0.09450532495975494,0.0015873037045821,0.008775383,0.30874297,0.02062152326107025,0.7103571,0.8064474,0.0
fp_673,0.08513552695512772,0.0449140891432762,0.007250786,0.7012836,0.008434189483523369,0.7501534,0.78707325,0.0
fp_674,0.09066210687160492,0.0003795982047449,0.009791195,0.3320377,0.031184935942292213,0.60103774,0.7663199,0.0
fp_675,0.133695587515831,0.0007732799276709,0.0072795153,0.65220124,0.0270619448274374,0.7560753,0.8000079,0.0
fp_676,0.07799592614173889,0.0004363607731647,0.010517776,0.34060097,0.018664134666323662,0.57236737,0.8044115,0.0
fp_677,0.11632879078388214,0.0462670661509037,0.0071379244,0.66357815,0.01160914171487093,0.76073366,0.81338704,0.0
fp_678,0.20334544777870178,0.0014869932783767,0.006935835,0.5739871,0.02874750643968582,0.6665808,0.8213256,0.0
fp_679,0.10029415786266327,0.0118744354695081,0.007837385,0.35391682,0.013686850666999817,0.7717889,0.81718534,0.0
fp_680,0.1318344920873642,0.0005232520052231,0.0067190826,0.563128,0.018188130110502243,0.3606099,0.7655678,0.0
fp_681,0.08005265891551971,0.0230743661522865,0.0074103177,0.56333417,0.012049701996147633,0.7594086,0.803213,0.0
fp_682,0.20848414301872253,0.000549859018065,0.007399261,0.29044497,0.0158398374915123,0.6065202,0.839025,0.0
fp_683,0.09369948506355286,0.0152084194123744,0.0071200132,0.47513932,0.018415464088320732,0.6416509,0.81184036,0.0
fp_684,0.09300127625465393,0.0168439671397209,0.008207381,0.5076667,0.012869217433035374,0.6267447,0.76694834,0.0
fp_685,0.13165095448493958,0.0655657202005386,0.007198155,0.5991255,0.014858727343380451,0.71354103,0.8074899,0.0
fp_686,0.09740912914276123,0.0005717166350223,0.006882757,0.2806498,0.025624848902225494,0.52438545,0.84266233,0.0
fp_687,0.08010397851467133,0.0872678160667419,0.0072004795,0.66146535,0.011149532161653042,0.7420742,0.8040839,0.0
fp_688,0.07451508939266205,0.0023246814962476,0.7565964,0.65983564,0.010218589566648006,0.81666505,0.76038086,0.2
fp_689,0.026504121720790863,0.0004340044979471,0.7571749,0.11180911,0.017954090610146523,0.48776755,0.7837311,0.0
fp_690,0.0381673239171505,0.1064315736293792,0.7238632,0.16223931,0.0020751741249114275,0.7063481,0.72507334,0.2
fp_691,0.07260815799236298,0.0002650889800861,0.7559376,0.39870527,0.008821705356240273,0.59304035,0.7388092,0.2
fp_692,0.03496479615569115,0.1035533249378204,0.7450954,0.2874646,0.000542879686690867,0.5833139,0.71412563,0.2
fp_693,0.07637952268123627,0.0109864249825477,0.7781937,0.11149297,0.020381702110171318,0.020668693,0.7788898,0.0
fp_694,0.19738297164440155,0.0505487248301506,0.76770926,0.12288141,0.0026491296011954546,0.8190951,0.7140416,0.2
fp_695,0.0818786472082138,0.0001537993521196,0.7032051,0.090813816,0.0475328229367733,0.64597756,0.78771555,0.2
fp_696,0.027069373056292534,0.0297804586589336,0.7647173,0.12514344,0.0036340176593512297,0.66707164,0.6576946,0.2
fp_697,0.041557636111974716,0.0018600967014208,0.74420875,0.3988226,0.015448917634785175,0.6298251,0.7386631,0.0
fp_698,0.020874930545687675,0.0259439833462238,0.8058411,0.15239364,0.0019305676687508821,0.666177,0.74270636,0.2
fp_699,0.05198328197002411,0.0002616003039292,0.7585858,0.26184353,0.019042659550905228,0.6228926,0.72490615,0.2
fp_700,0.1262996792793274,0.0332510881125927,0.7434186,0.15445709,0.0033147060312330723,0.76138294,0.70988274,0.0
fp_701,0.04240606725215912,0.000899844628293,0.7429147,0.34960973,0.017831476405262947,0.5769116,0.7950351,0.0
fp_702,0.05881448835134506,0.1130969375371933,0.7508215,0.14712316,0.0019504738738760352,0.8204123,0.666309,0.2
fp_703,0.04517241194844246,0.0078248940408229,0.72640175,0.094800554,0.02479005977511406,0.45034626,0.7618702,0.0
fp_704,0.16151605546474457,0.0447327680885791,0.7157113,0.14134264,0.0016868741950020194,0.74208736,0.7166529,0.0
fp_705,0.08809418976306915,0.0082176020368933,0.7544608,0.107686564,0.02177036926150322,0.7362446,0.79055893,0.0
fp_706,0.0308772511780262,0.0197719261050224,0.78146505,0.16898629,0.0016673472709953785,0.7222952,0.72921944,0.2
fp_707,0.08137814700603485,0.0016552740707993,0.7474345,0.17469148,0.02013285644352436,0.6423962,0.79749185,0.0
fp_708,0.05865418538451195,0.022309310734272,0.7105171,0.11799338,0.0031190654262900352,0.7000848,0.7501005,0.0
fp_709,0.11740536987781525,0.0529598593711853,0.75263524,0.43114048,0.005932531785219908,0.7397456,0.7144284,0.2
fp_710,0.04290572926402092,0.0366125926375389,0.68885523,0.22303481,0.0032761807087808847,0.759581,0.7112023,0.0
fp_711,0.12306219339370728,0.0249443370848894,0.7595185,0.40733972,0.0038203548174351454,0.7249436,0.7653168,0.2
fp_712,0.044180404394865036,0.0925808101892471,0.7528112,0.18837751,0.0012430482311174273,0.7834231,0.71683013,0.2
fp_713,0.06332431733608246,0.0856817960739135,0.78298354,0.18561967,0.010890373960137367,0.687037,0.7395135,0.2
fp_714,0.049597181379795074,0.0006530426908284,0.71948075,0.16241404,0.0026532388292253017,0.7834635,0.8084563,0.2
fp_715,0.11870477348566055,0.0567045137286186,0.7990178,0.21503262,0.018961912021040916,0.51798785,0.6476073,0.2
fp_716,0.0692400336265564,0.0328065380454063,0.7004049,0.38074,0.01407514326274395,0.75241077,0.75401753,0.2
fp_717,0.07308565080165863,0.0654990896582603,0.73941296,0.20342131,0.007208883762359619,0.37546247,0.6542205,0.2
fp_718,0.028660167008638382,0.0011333973379805,0.7258967,0.2513352,0.001282723736949265,0.35758635,0.66840214,0.2
fp_719,0.07671064883470535,0.0741760432720184,0.7666498,0.3628499,0.015970591455698013,0.5478873,0.69387555,0.2
fp_720,0.030294792726635933,0.0331509262323379,0.74552083,0.11311392,0.0024932778906077147,0.6822691,0.65344256,0.2
fp_721,0.1384737193584442,0.0717823728919029,0.7582164,0.2979524,0.009652993641793728,0.77728593,0.65727943,0.2
fp_722,0.02674635872244835,0.0104984994977712,0.71907544,0.12103734,0.0027338096406310797,0.7611589,0.73352754,0.0
fp_723,0.06560597568750381,0.0003536268195603,0.7586273,0.19579375,0.008123774081468582,0.72528255,0.77516913,0.0
fp_724,0.026396360248327255,0.0868487730622291,0.7276577,0.2353498,0.01970553584396839,0.719878,0.7230911,0.2
fp_725,0.11326559633016586,0.0015873082447797,0.7971667,0.31134635,0.004210734739899635,0.32366356,0.65700155,0.2
fp_726,0.06109628453850746,0.1086611747741699,0.7138195,0.113250874,0.003117246786132455,0.77398723,0.71782184,0.2
fp_727,0.10849316418170929,0.0053453193977475,0.66682655,0.2854718,0.011199643835425377,0.49921387,0.75875765,0.0
fp_728,0.022735629230737686,0.101397156715393,0.7677533,0.1404375,0.008279127068817616,0.7142556,0.8105931,0.2
fp_729,0.074580617249012,0.0826797261834144,0.72793245,0.37143242,0.010171222500503063,0.58504426,0.66165304,0.0
fp_730,0.05243287980556488,0.0028933668509125,0.76463413,0.23823893,0.0036672104615718126,0.6657885,0.79363817,0.2
fp_731,0.07300960272550583,0.0005168481147848,0.7648798,0.37123436,0.002914721379056573,0.6966241,0.7436659,0.2
fp_732,0.03988607972860336,0.0028817276470363,0.86759627,0.12860776,0.009811962023377419,0.567571,0.76461375,0.2
fp_733,0.14200511574745178,0.0021006003953516,0.72957605,0.3418922,0.006806757766753435,0.40469173,0.7166053,0.2
fp_734,0.03325340896844864,0.0016485614469274,0.81425583,0.11691074,0.014696719124913216,0.4417756,0.6270027,0.2
fp_735,0.10015038400888443,0.0908794552087783,0.7561872,0.31840748,0.01880751922726631,0.11259093,0.721235,0.2
fp_736,0.02252897433936596,0.0020920059178024,0.84425485,0.11205921,0.008504155091941357,0.575169,0.75446045,0.2
fp_737,0.0898754671216011,0.000799803470727,0.7580285,0.40372318,0.0034913038834929466,0.5221616,0.64578044,0.2
fp_738,0.02065274491906166,0.0017160075949504,0.781454,0.13921215,0.01430953573435545,0.46080142,0.8587635,0.2
fp_739,0.06777562946081161,0.0362230278551578,0.75378364,0.27822238,0.009479040279984474,0.71560806,0.62930185,0.2
fp_740,0.04466603696346283,0.1138228550553321,0.80397856,0.17838427,0.009498655796051025,0.6978784,0.6897181,0.2
fp_741,0.0959603562951088,0.0294654201716184,0.7633648,0.22711346,0.008891758508980274,0.3841954,0.65642035,0.2
fp_742,0.11014977097511292,0.0011558941332623,0.7740001,0.09539838,0.0077013554982841015,0.56736565,0.74105334,0.2
fp_743,0.07597283273935318,0.0032972313929349,0.7657207,0.3849544,0.009209748357534409,0.118922286,0.7696933,0.2
fp_744,0.04611394926905632,0.0038399456534534,0.8646686,0.17507192,0.004828924313187599,0.096355334,0.7805499,0.2
fp_745,0.17165076732635498,0.0020512745250016,0.6847855,0.3044508,0.009053115732967854,0.7728067,0.67237973,0.2
fp_746,0.04180280864238739,0.0013442628551274,0.73308617,0.36928442,0.013127793557941914,0.69869643,0.7896238,0.2
fp_747,0.060894738882780075,0.1475694477558136,0.72351766,0.35056865,0.0012228708947077394,0.45427245,0.7357289,0.2
fp_748,0.024479221552610397,0.0013040121411904,0.7687745,0.14035715,0.0029054624028503895,0.6940842,0.8116826,0.2
fp_749,0.06394605338573456,0.166683554649353,0.7018223,0.38860664,0.0008991306531243026,0.34176835,0.6752935,0.2
fp_750,0.035308655351400375,0.0108081148937344,0.752511,0.39584416,0.009418384172022343,0.72525156,0.8517097,0.2
fp_751,0.04885760322213173,0.1304157674312591,0.7343961,0.16708794,0.0012341305846348405,0.449136,0.7082037,0.0
fp_752,0.10621706396341324,0.0011328662512823,0.7779435,0.1711933,0.019897546619176865,0.5253973,0.836037,0.2
fp_753,0.05531858652830124,0.1223941594362258,0.76571286,0.21015096,0.0024277949705719948,0.43838122,0.71100175,0.2
fp_754,0.021013732999563217,0.005199066363275,0.73510206,0.1793613,0.005784876644611359,0.22709316,0.6997856,0.2
fp_755,0.03915732353925705,0.1220268234610557,0.74954975,0.2005897,0.0013684583827853203,0.30337277,0.77732813,0.0
fp_756,0.07038564234972,0.0044442131184041,0.79368806,0.09625028,0.01088433526456356,0.5811432,0.6612394,0.2
fp_757,0.03872460499405861,0.0340638644993305,0.7121467,0.3023604,0.002631248440593481,0.35370082,0.68554634,0.0
fp_758,0.044740770012140274,0.0021706488914787,0.73725814,0.14588365,0.009260077960789204,0.60516125,0.7789055,0.2
fp_759,0.07350972294807434,0.1582471579313278,0.69888806,0.20270233,0.0014865777920931578,0.13493958,0.7099792,0.0
fp_760,0.030556418001651764,0.0022441893815994,0.7711705,0.18153134,0.013953892514109612,0.61508304,0.8424547,0.2
fp_761,0.09110032021999359,0.1363531649112701,0.7350554,0.20765033,0.00112744455691427,0.4946546,0.73224294,0.0
fp_762,0.03834839165210724,0.0075110215693712,0.7878314,0.26179093,0.012097257189452648,0.61484915,0.7741999,0.2
fp_763,0.06517376750707626,0.1253707557916641,0.7284168,0.31270152,0.0007124982657842338,0.31980136,0.7141255,0.0
fp_764,0.03887145221233368,0.0026673730462789,0.7196074,0.3299963,0.008895033039152622,0.6828944,0.7498859,0.2
fp_765,0.061212729662656784,0.1318183541297912,0.7556829,0.35080868,0.0013024781364947557,0.6371182,0.7693542,0.0
fp_766,0.061459731310606,0.0017371493158861,0.5626801,0.3119833,0.01068627368658781,0.6272653,0.7636517,0.2
fp_767,0.04215545952320099,0.0018328862497583,0.7459741,0.42249116,0.0014883101684972644,0.7083877,0.74814004,0.0
fp_768,0.05149533972144127,0.0012850851053372,0.74018717,0.43994784,0.0050056553445756435,0.3804622,0.78654337,0.2
fp_769,0.07027383893728256,0.1366192400455474,0.70600235,0.33041736,0.0004898339975625277,0.58771396,0.68370295,0.2
fp_770,0.11675314605236053,0.0005937834503129,0.7605922,0.22547479,0.009287416934967041,0.14413667,0.82297707,0.2
fp_771,0.06747633963823318,0.1534146964550018,0.7407217,0.3491671,0.0013544983230531216,0.49469736,0.7663584,0.0
fp_772,0.07852689176797867,0.0006361663690768,0.7679421,0.2218605,0.01578088104724884,0.6257319,0.7061442,0.2
fp_773,0.05390014871954918,0.1348347067832946,0.7438924,0.39734155,0.0014210200170055032,0.19170004,0.71037793,0.0
fp_774,0.027299966663122177,0.0003753390919882,0.70734495,0.1711944,0.011654851026833057,0.23341723,0.8004252,0.2
fp_775,0.05010640248656273,0.1077164709568023,0.7072808,0.21094875,0.0018121438333764672,0.20128803,0.71846896,0.2
fp_776,0.07652892917394638,0.0002492943021934,0.7396756,0.40271544,0.015803297981619835,0.5587193,0.8062679,0.0
fp_777,0.0510922372341156,0.1412674784660339,0.7299298,0.31122547,0.001509072259068489,0.2643976,0.73897034,0.0
fp_778,0.2367558479309082,0.0011162183945998,0.7191555,0.18017897,0.008807902224361897,0.75810707,0.81674314,0.0
fp_779,0.050292883068323135,0.166640967130661,0.748892,0.2309877,0.009900582954287529,0.35628322,0.7456608,0.0
fp_780,0.022038398310542107,0.0001998639927478,0.7546352,0.359763,0.0055222525261342525,0.17189923,0.7837865,0.2
fp_781,0.06445648521184921,0.1472961157560348,0.72973007,0.44343758,0.0045433975756168365,0.32370284,0.7488886,0.0
fp_782,0.06935866177082062,0.0011264516506344,0.54972315,0.20401385,0.009237135760486126,0.19966532,0.7876499,0.0
fp_783,0.06539876013994217,0.1564491987228393,0.755528,0.36001995,0.0013495859457179904,0.4994036,0.7534299,0.0
fp_784,0.04310823231935501,0.0003473297401797,0.5666523,0.21475358,0.007167849689722061,0.69256055,0.75558376,0.0
fp_785,0.07974732667207718,0.0002388792199781,0.7305155,0.18874018,0.008476669900119305,0.7349716,0.7668966,0.2
fp_786,0.0838506743311882,0.0004606934962794,0.7437296,0.4335491,0.003379063680768013,0.56632245,0.7933787,0.2
fp_787,0.07621193677186966,0.0002050207840511,0.7784754,0.28907484,0.0036972523666918278,0.6719533,0.66404915,0.2
fp_788,0.06859172880649567,0.0004359932499937,0.5715826,0.18923035,0.009475105442106724,0.30694157,0.7830415,0.2
fp_789,0.10984206944704056,0.0002228869852842,0.7775527,0.16130546,0.009607696905732155,0.6554253,0.74033624,0.2
fp_790,0.04786957427859306,0.0013056353200227,0.62126905,0.18610616,0.024370688945055008,0.27895033,0.7996453,0.2
fp_791,0.07181291282176971,0.0002061005361611,0.76706254,0.20679745,0.014421362429857254,0.594363,0.7325905,0.2
fp_792,0.024349281564354897,0.0002340130740776,0.6458825,0.4109536,0.007646406069397926,0.12444074,0.8542229,0.2
fp_793,0.06792929023504257,0.0001911786675918,0.7957533,0.19840018,0.008527519181370735,0.54837656,0.75463724,0.2
fp_794,0.04504714161157608,0.0004972520982846,0.6450343,0.20697777,0.01394598837941885,0.5072752,0.78833544,0.2
fp_795,0.05949440971016884,0.000385622610338,0.7488946,0.23360899,0.013524537906050682,0.56103843,0.78864,0.2
fp_796,0.024544592946767807,0.0004467769758775,0.61476016,0.31380466,0.010409129783511162,0.26950848,0.813645,0.0
fp_797,0.09362231194972992,0.0002366106782574,0.7335851,0.23713963,0.008920236490666866,0.62832063,0.76077473,0.2
fp_798,0.03596508130431175,0.0004908976261503,0.66164625,0.17502482,0.01858571171760559,0.015348115,0.81685925,0.2
fp_799,0.13615339994430542,0.0001562599936733,0.7180768,0.19467369,0.007591759320348501,0.6654527,0.7253032,0.2
fp_800,0.056192830204963684,0.0004163414414506,0.6663557,0.24181494,0.0123376976698637,0.036925316,0.8238925,0.2
fp_801,0.080619677901268,0.0001864425139501,0.8284419,0.2178278,0.004463012330234051,0.71187085,0.7447825,0.2
fp_802,0.1072927936911583,0.0017180279828608,0.565053,0.19629054,0.009132853709161282,0.5565141,0.7837119,0.2
fp_803,0.07771296054124832,0.0001532289170427,0.7563839,0.438265,0.00962298084050417,0.758415,0.75832355,0.2
fp_804,0.07338277995586395,0.0028835667762905,0.7552871,0.27753717,0.00924175325781107,0.49663076,0.8475127,0.2
fp_805,0.09776517003774643,0.000112283443741,0.7568462,0.23276863,0.0031715354416519403,0.6967647,0.70505077,0.2
fp_806,0.10941503196954727,0.0011317552998661,0.7686614,0.27945414,0.0033838057424873114,0.37257925,0.8289455,0.2
fp_807,0.0911070927977562,0.0001449904812034,0.74970293,0.41664782,0.006634456105530262,0.74925727,0.75003916,0.2
fp_808,0.08358270674943924,0.0007079350762069,0.84516025,0.20624848,0.0116051584482193,0.22211716,0.82193345,0.2
fp_809,0.1352788507938385,0.0005801984225399,0.7594483,0.36214432,0.020122384652495384,0.73055786,0.7767832,0.2
fp_810,0.0664023756980896,0.001161238993518,0.82086515,0.16762084,0.017220618203282356,0.611154,0.7325762,0.2
fp_811,0.09848185628652573,0.0001548080908833,0.74423385,0.32218778,0.005534776020795107,0.7611935,0.7432778,0.2
fp_812,0.03383346647024155,0.0012082527391612,0.7755016,0.14228165,0.011877994053065777,0.22848654,0.7672075,0.2
fp_813,0.0771665945649147,0.0003285560524091,0.73607695,0.14784081,0.010682801716029644,0.64898676,0.73785937,0.2
fp_814,0.09289015829563141,0.0003243804967496,0.7823457,0.18819346,0.01636900007724762,0.32883522,0.82740444,0.0
fp_815,0.05387762933969498,0.0001373931445414,0.74953806,0.1635886,0.00955312978476286,0.6398432,0.7446158,0.2
fp_816,0.08723308891057968,0.00285335467197,0.7808807,0.15274711,0.011193430982530117,0.6026724,0.7846373,0.2
fp_817,0.0839569941163063,0.000297391146887,0.73843926,0.23741989,0.01351696252822876,0.67024356,0.76889294,0.2
fp_818,0.2417965829372406,0.0015017871046438,0.8023082,0.19587152,0.008603016845881939,0.34107438,0.79513055,0.0
fp_819,0.11524492502212524,0.0001647638418944,0.76279765,0.29250908,0.011485074646770954,0.6555291,0.7464692,0.2
fp_820,0.07702203840017319,0.0003626557299867,0.83919144,0.15421575,0.006041065324097872,0.25482193,0.7999364,0.2
fp_821,0.08843567967414856,0.0002353417366975,0.75605595,0.39688393,0.008224696852266788,0.78934956,0.74616754,0.2
fp_822,0.15731748938560486,0.0013616890646517,0.6960018,0.14502712,0.015414555557072163,0.17443345,0.79850686,0.0
fp_823,0.051718570291996,0.005700942594558,0.7629955,0.39877504,0.010538658127188683,0.80480653,0.7702724,0.2
fp_824,0.07637094706296921,0.0001228411565534,0.73295957,0.19251406,0.013699924573302269,0.37188068,0.81837094,0.0
fp_825,0.07193835079669952,0.0099257947877049,0.7544522,0.3472343,0.003567309118807316,0.7777198,0.67126036,0.2
fp_826,0.11483094096183777,0.0072296280413866,0.7723682,0.24524844,0.005832764785736799,0.15993495,0.84009176,0.2
fp_827,0.050404712557792664,0.006876241415739,0.8408011,0.22303085,0.010722353123128414,0.7320567,0.7604984,0.2
fp_828,0.09681785851716995,0.0008214946719817,0.7643441,0.13011914,0.015568014234304428,0.078847386,0.8096446,0.2
fp_829,0.0471879281103611,0.0050216168165206,0.8014506,0.24205434,0.013705975376069546,0.65287775,0.65779793,0.2
fp_830,0.1633981317281723,0.0006839187117293,0.77171266,0.10671983,0.02681872807443142,0.014080577,0.78856766,0.2
fp_831,0.05729296803474426,0.0056460029445588,0.8264647,0.18841664,0.008615897968411446,0.6677217,0.7647481,0.2
fp_832,0.0656820759177208,0.0009270042064599,0.780794,0.22761445,0.014317696914076805,0.41141278,0.73453116,0.2
fp_833,0.04806673899292946,0.002048784866929,0.7739393,0.31661838,0.013065562583506107,0.778478,0.7629708,0.2
fp_834,0.0628398209810257,0.0014611489605158,0.75864005,0.26074934,0.012666972354054451,0.32589915,0.825701,0.0
fp_835,0.07043783366680145,0.009556989185512,0.76787406,0.30662975,0.009645368903875351,0.7882042,0.7326209,0.2
fp_836,0.06255483627319336,0.0006545287906192,0.77118206,0.1207885,0.01546427235007286,0.07801453,0.7730572,0.2
fp_837,0.06351485848426819,0.0089156627655029,0.7585967,0.24636033,0.008015681989490986,0.7998036,0.7492766,0.2
fp_838,0.1062958762049675,0.0008097058162093,0.777022,0.104260996,0.01258791796863079,0.1618764,0.81513476,0.2
fp_839,0.0729595422744751,0.0061211884021759,0.82922304,0.2864161,0.0057136197574436665,0.67438483,0.69767034,0.2
fp_840,0.08923888206481934,0.0007227358291856,0.68735015,0.17016216,0.014970426447689533,0.3781064,0.77326417,0.2
fp_841,0.07086026668548584,0.0041428823024034,0.7575217,0.44075578,0.01008234079927206,0.7259082,0.74216855,0.2
fp_842,0.06447633355855942,0.000228816687013,0.7676153,0.33843046,0.016285479068756104,0.6414711,0.7943814,0.2
fp_843,0.04325893521308899,0.0355041660368442,0.7695916,0.31624138,0.003278236836194992,0.7182825,0.6932777,0.2
fp_844,0.07743324339389801,0.0007237448589876,0.79646593,0.23297766,0.017938174307346344,0.68434733,0.76420176,0.0
fp_845,0.06471044570207596,0.0138907674700021,0.75868094,0.45023283,0.006942395120859146,0.75345755,0.684801,0.2
fp_846,0.03403390198945999,0.0001953967148438,0.81587875,0.2409908,0.026429204270243645,0.6858121,0.73165673,0.2
fp_847,0.07964763790369034,0.0004109770234208,0.7573012,0.42470318,0.025302482768893242,0.78777754,0.7476346,0.2
fp_848,0.029607657343149185,0.0002268436510348,0.8050288,0.17926224,0.01626223511993885,0.15859891,0.76512396,0.0
fp_849,0.06595832854509354,0.0127557283267378,0.755767,0.41862637,0.009727593511343002,0.8026129,0.7567979,0.2
fp_850,0.03843703120946884,0.0006379319820553,0.7518382,0.35575128,0.024301748722791672,0.72521496,0.77750474,0.0
fp_851,0.050454281270504,0.0043519539758563,0.773502,0.22884853,0.011443437077105045,0.795884,0.745178,0.2
fp_852,0.07960829883813858,0.0002780118666123,0.7431028,0.34042203,0.015088718384504318,0.24578245,0.7256303,0.0
fp_853,0.04370476305484772,0.00803027395159,0.7629069,0.35591364,0.010401484556496143,0.7540891,0.7615576,0.2
fp_854,0.13103754818439484,0.000309066788759,0.7663613,0.1981238,0.013838122598826885,0.6742735,0.7914121,0.0
fp_855,0.06351500004529953,0.0061972239054739,0.7545835,0.2776507,0.01740524359047413,0.6563494,0.76149666,0.2
fp_856,0.03956400230526924,0.004856638610363,0.77983946,0.31795746,0.011140488088130951,0.65541154,0.7281879,0.0
fp_857,0.07576999068260193,0.0173855666071176,0.7545656,0.4155426,0.013773207552731037,0.74297,0.7658912,0.2
fp_858,0.057607501745224,0.0003094294224865,0.7453563,0.12491826,0.02140079066157341,0.4293541,0.79301584,0.0
fp_859,0.059589993208646774,0.02126295119524,0.75757,0.42343006,0.010141219012439251,0.74235964,0.76107776,0.2
fp_860,0.0007752994424663484,0.0359526686370372,0.44847894,0.73749554,0.017062222585082054,0.008795947,0.517521,0.5
fp_861,8.979948324849829e-05,0.0126011706888675,0.44904077,0.47876114,0.03864218294620514,0.02462109,0.61318016,0.5
fp_862,0.0004689248453360051,0.3869962692260742,0.40135324,0.5142747,0.005780029576271772,0.012710885,0.51647997,0.5
fp_863,0.006541039794683456,0.008926523849368,0.44650006,0.76076514,0.017131952568888664,0.0122605935,0.5277934,0.5
fp_864,0.00017970215412788093,0.3825299441814422,0.4314397,0.7062211,0.0007373989792540669,0.016121348,0.6156989,0.5
fp_865,0.002902059117332101,0.1072428449988365,0.4818242,0.43514013,0.04909146577119827,0.5193171,0.5549445,0.5
fp_866,0.005477565340697765,0.2976183295249939,0.46366185,0.34244683,0.007048467174172401,0.010540065,0.5239483,0.5
fp_867,0.0019510076381266117,0.0052985060028731,0.38332665,0.21401577,0.08699925988912582,0.020209547,0.6067515,0.5
fp_868,0.00039395643398165703,0.2453589290380478,0.45675242,0.3688078,0.012138310819864273,0.012301435,0.515764,0.5
fp_869,0.0001337209832854569,0.0314248539507389,0.42954665,0.69174254,0.030964320525527,0.018440485,0.48240834,0.5
fp_870,8.804982644505799e-05,0.227352499961853,0.5147943,0.46895236,0.005784580484032631,0.0038529085,0.51166946,0.5
fp_871,0.00133904826361686,0.0083472086116671,0.44931677,0.6042322,0.06681804358959198,0.021253105,0.4978072,0.5
fp_872,0.0018606102094054222,0.2703425288200378,0.4294641,0.5412653,0.011116293258965015,0.011884516,0.46686417,0.5
fp_873,0.0006187655963003635,0.0191377662122249,0.42839745,0.6253909,0.055563926696777344,0.025069896,0.5416775,0.5
fp_874,0.000365398358553648,0.3993576467037201,0.441963,0.5071915,0.00459769181907177,0.007680855,0.5114855,0.5
fp_875,0.00029055727645754814,0.0867716372013092,0.4084976,0.19552848,0.03926375135779381,0.053683385,0.60378575,0.5
fp_876,0.016766244545578957,0.2860110998153686,0.3923911,0.37590337,0.0035517090000212193,0.008978022,0.5287663,0.5
fp_877,0.002280155662447214,0.0864178836345672,0.44682366,0.3388675,0.024052400141954422,0.012790579,0.5784118,0.5
fp_878,9.133586718235165e-05,0.1975963711738586,0.48540556,0.6117388,0.0024978136643767357,0.01229236,0.61226916,0.5
fp_879,0.004502609837800264,0.0291548855602741,0.43749925,0.47228217,0.04171640798449516,0.01853675,0.6082308,0.5
fp_880,0.0038441247306764126,0.1832198053598404,0.38378695,0.4353791,0.007970809005200863,0.014833168,0.51690495,0.5
fp_881,0.015029536560177803,0.3234738111495971,0.44308168,0.79917395,0.009149442426860332,0.008976784,0.6131754,0.5
fp_882,0.00023489112209063023,0.2830556035041809,0.35976452,0.6858157,0.005392339080572128,0.013270029,0.5090499,0.5
fp_883,0.00602007657289505,0.1953013837337494,0.4527128,0.8005034,0.004454181995242834,0.009699386,0.6223703,0.5
fp_884,0.001740841194987297,0.3454375267028808,0.44406274,0.520013,0.0016452567651867867,0.007600336,0.6331681,0.5
fp_885,0.0021107883658260107,0.414036750793457,0.48525494,0.5224431,0.015348916873335838,0.01057429,0.52455413,0.5
fp_886,0.00023967659217305481,0.0161634162068367,0.39633706,0.634527,0.006583802402019501,0.012915166,0.52982396,0.5
fp_887,0.0031788961496204138,0.3296419382095337,0.5093818,0.57590353,0.03199002146720886,0.011344234,0.5699884,0.5
fp_888,0.006737751420587301,0.2591064870357513,0.37466308,0.7936086,0.022006461396813393,0.011028253,0.49258617,0.5
fp_889,0.00014190275396686047,0.3561865091323852,0.43104324,0.600363,0.011037003248929977,0.0106216995,0.56763196,0.5
fp_890,6.427080370485783e-05,0.0242352504283189,0.4054463,0.61265355,0.002449041698127985,0.027968926,0.5225755,0.5
fp_891,0.00016387435607612133,0.3830978274345398,0.4619782,0.78154176,0.027207622304558754,0.014179956,0.54986316,0.5
fp_892,0.0007799983723089099,0.2711560428142547,0.4299159,0.4179237,0.00942634604871273,0.010083421,0.52447116,0.5
fp_893,0.012486041523516178,0.3820578157901764,0.45084873,0.6808808,0.013034033589065075,0.011204499,0.57926154,0.5
fp_894,0.0002556256949901581,0.1041616722941398,0.39481258,0.4890042,0.007511320523917675,0.0100528,0.5170121,0.5
fp_895,0.003291729371994734,0.0102254590019583,0.4514297,0.49503392,0.011616919189691544,0.011121945,0.51559854,0.5
fp_896,5.491796400747262e-05,0.350502073764801,0.40849403,0.51368815,0.03350565955042839,0.015264633,0.4498998,0.5
fp_897,0.0019387179054319859,0.0260261483490467,0.50816274,0.7279938,0.0037333073560148478,0.04147629,0.6020447,0.5
fp_898,0.0008287334931083024,0.3852843344211578,0.38763118,0.4151867,0.006101065780967474,0.010314486,0.51857483,0.5
fp_899,0.01430442649871111,0.0662006735801696,0.34317285,0.6058654,0.01682661846280098,0.014270694,0.57852244,0.5
fp_900,0.00014635158004239202,0.3979014158248901,0.46556693,0.48530784,0.019847966730594635,0.007859012,0.65518284,0.5
fp_901,0.00022025199723429978,0.4058246314525604,0.4114443,0.70992434,0.011899396777153015,0.01502658,0.5708762,0.5
fp_902,0.0006471252418123186,0.048619944602251,0.46185863,0.66074955,0.0058974334970116615,0.006089487,0.67752856,0.5
fp_903,0.0033935580868273973,0.0136014111340045,0.4598736,0.7524959,0.003080252092331648,0.009216125,0.6252922,0.5
fp_904,0.0006526075303554535,0.0422923825681209,0.64491695,0.36639124,0.019826065748929977,0.008752675,0.47460896,0.5
fp_905,0.012851539999246597,0.0332990363240242,0.41344622,0.7036454,0.009486003778874874,0.015923098,0.56765544,0.5
fp_906,8.636843267595395e-05,0.0296487510204315,0.5348349,0.43577665,0.035018086433410645,0.014580612,0.36808312,0.5
fp_907,0.004792227875441313,0.424894630908966,0.4484611,0.6685401,0.03202654421329498,0.084587336,0.5626282,0.5
fp_908,6.406354805221781e-05,0.034714750945568,0.5988242,0.4019316,0.022689079865813255,0.00430754,0.483153,0.5
fp_909,0.002331142546609044,0.016868557780981,0.45034665,0.7711484,0.0043179625645279884,0.013907577,0.50971186,0.5
fp_910,0.00012939964653924108,0.0338410027325153,0.48507157,0.5468177,0.029258253052830696,0.011360643,0.6248672,0.5
fp_911,0.004091213922947645,0.2536970973014831,0.4446151,0.7744806,0.017544740810990334,0.009546401,0.5263396,0.5
fp_912,0.0005145736504346132,0.412043809890747,0.5315288,0.5649845,0.016909411177039146,0.011539762,0.43059027,0.5
fp_913,0.0004934768076054752,0.2199107855558395,0.45817953,0.32841638,0.011402246542274952,0.022561334,0.5523202,0.5
fp_914,0.0030683635268360376,0.0232502352446317,0.4763221,0.4653778,0.01696711778640747,0.012956103,0.482645,0.5
fp_915,0.002887177746742964,0.0455131195485591,0.4621515,0.75285304,0.009400632232427597,0.08422801,0.5344571,0.5
fp_916,0.00034388501080684364,0.0511020086705684,0.6464399,0.6152201,0.005436543840914965,0.10751365,0.64037067,0.5
fp_917,0.015449119731783867,0.0330592580139637,0.36190838,0.64339167,0.010956279933452606,0.009934918,0.5612565,0.5
fp_918,0.0021916807163506746,0.027156725525856,0.41665268,0.76222515,0.03156398981809616,0.00835539,0.46474364,0.5
fp_919,0.0052501182071864605,0.5461456775665283,0.40539867,0.6788784,0.0035682939924299717,0.019365037,0.5504396,0.5
fp_920,0.00018403340072836727,0.0241695269942283,0.46867153,0.52606684,0.00401926226913929,0.005305882,0.7055235,0.5
fp_921,0.0017042089020833373,0.5605199933052063,0.38041675,0.776895,0.0013857372105121613,0.020154033,0.56328714,0.5
fp_922,0.0005114365485496819,0.1127609089016914,0.44456828,0.78700024,0.02473556436598301,0.009553419,0.67169905,0.5
fp_923,0.000183724652742967,0.50523442029953,0.41951716,0.38669997,0.0029421551153063774,0.012045634,0.5912764,0.5
fp_924,0.003557960269972682,0.0231610536575317,0.48095402,0.64138734,0.03424275293946266,0.007484944,0.61454034,0.5
fp_925,0.0012469413923099637,0.4933837950229645,0.45929205,0.46569306,0.00675529008731246,0.020159692,0.5814897,0.5
fp_926,0.0001234890951309353,0.0630052685737609,0.4191298,0.58562386,0.010648220777511597,0.030226465,0.4693365,0.5
fp_927,0.0001997670333366841,0.4930774271488189,0.43983853,0.57506406,0.003807010827586055,0.020744575,0.60803306,0.5
fp_928,0.001548475120216608,0.0595022030174732,0.5056866,0.36931884,0.034814123064279556,0.0064774775,0.477611,0.5
fp_929,0.0002564979949966073,0.2370480149984359,0.391631,0.73152566,0.006513554137200117,0.021651968,0.4612726,0.5
fp_930,0.0006581508787348866,0.0337511226534843,0.42248392,0.50904,0.024584131315350533,0.009152737,0.4598294,0.5
fp_931,0.0014695583377033472,0.5565245747566223,0.37685212,0.64974403,0.0030456087552011013,0.059240215,0.5718087,0.5
fp_932,0.0002721042837947607,0.0419366136193275,0.47206408,0.3784643,0.021374940872192383,0.0086395815,0.6898152,0.5
fp_933,0.001390483696013689,0.5181291699409485,0.4199167,0.49037328,0.003221839666366577,0.018754164,0.60818094,0.5
fp_934,0.00028112318250350654,0.0872982442378997,0.49925655,0.6719812,0.015333977527916431,0.009526903,0.46329224,0.5
fp_935,0.0007510758587159216,0.4960783720016479,0.41273803,0.69372547,0.0012122939806431532,0.013825824,0.541712,0.5
fp_936,0.00027324477559886873,0.0388617627322673,0.39976966,0.74655133,0.01697268895804882,0.012092813,0.46283346,0.5
fp_937,0.0025294143706560135,0.5121507048606873,0.44716206,0.75669616,0.0032425865065306425,0.008536986,0.5710243,0.5
fp_938,0.001195235992781818,0.0304178353399038,0.24596536,0.71378607,0.0190912913531065,0.01906734,0.7030166,0.5
fp_939,0.00028057213057763875,0.0294878333806991,0.43414477,0.81861514,0.002786423545330763,0.0076723993,0.5865941,0.5
fp_940,0.0011320651974529028,0.0239861290901899,0.42419067,0.8232172,0.007053672336041927,0.062291596,0.70959663,0.5
fp_941,0.0022177959326654673,0.5244983434677124,0.384843,0.7127035,0.000720535812433809,0.012172888,0.57775915,0.5
fp_942,0.0025917459279298782,0.0140771344304084,0.45107666,0.46770388,0.018297063186764717,0.1228954,0.7098894,0.5
fp_943,0.0022765842732042074,0.5375167727470398,0.42744124,0.78478026,0.0027343181427568197,0.0072471728,0.49159795,0.5
fp_944,0.0011335744056850672,0.015006442554295,0.46059358,0.5195679,0.040769804269075394,0.020372292,0.3487367,0.5
fp_945,0.00024495690013282,0.5175222754478455,0.4314316,0.7417838,0.0024673256557434797,0.068577506,0.591287,0.5
fp_946,9.556625445839018e-05,0.0103077702224254,0.3797974,0.4566949,0.021497301757335663,0.127822,0.6911516,0.5
fp_947,0.002165412763133645,0.4648114144802093,0.38618857,0.5215284,0.005748714320361614,0.041005928,0.5859558,0.5
fp_948,0.0007131188176572323,0.0080032059922814,0.4228939,0.7998394,0.0326642282307148,0.023035118,0.57767326,0.5
fp_949,0.0016027106903493404,0.5239686965942383,0.41339993,0.6385746,0.004606831353157759,0.02048554,0.5971283,0.5
fp_950,0.025555510073900223,0.0222814120352268,0.39466602,0.5208398,0.019915074110031128,0.010585596,0.7126858,0.5
fp_951,0.000354414718458429,0.5623161196708679,0.43828312,0.53466547,0.013989899307489395,0.03711625,0.4822108,0.5
fp_952,9.369906911160797e-05,0.0067608468234539,0.4426121,0.72899425,0.006163854617625475,0.14905769,0.62983805,0.5
fp_953,0.00028197973733767867,0.5270576477050781,0.4130181,0.8201062,0.006013381294906139,0.016570581,0.6096033,0.5
fp_954,0.007981411181390285,0.0221189260482788,0.23630577,0.4994184,0.02306966297328472,0.1004619,0.67487824,0.5
fp_955,0.0028034052811563015,0.5452501177787781,0.4469645,0.7375135,0.002712645335122943,0.014762204,0.5914759,0.5
fp_956,0.0003519357996992767,0.0099106142297387,0.24946514,0.57166076,0.012582880444824696,0.013199834,0.6927026,0.5
fp_957,0.005829458124935627,0.0091132707893848,0.41492015,0.578573,0.020498882979154587,0.00857961,0.5170382,0.5
fp_958,0.00274826493114233,0.0114587405696511,0.42849487,0.8221855,0.004378568381071091,0.024786038,0.700229,0.5
fp_959,0.0030761826783418655,0.0075444593094289,0.48148212,0.6369106,0.006078701000660658,0.007361225,0.51223105,0.5
fp_960,0.0005203233449719846,0.0110114775598049,0.25328833,0.5180824,0.019821614027023315,0.11775159,0.6556165,0.5
fp_961,0.00037088655517436564,0.0072945659048855,0.4791233,0.32819876,0.01980092190206051,0.0071362387,0.45739794,0.5
fp_962,0.0002186023339163512,0.0246988087892532,0.29367918,0.38332123,0.03520655259490013,0.14766455,0.7090781,0.5
fp_963,0.0014594049425795674,0.0070136212743818,0.4634592,0.41598815,0.03398860991001129,0.007895738,0.39868313,0.5
fp_964,5.171830707695335e-05,0.0075537767261266,0.31706655,0.7419063,0.012584107927978039,0.18657358,0.7588693,0.5
fp_965,0.00043876521522179246,0.0067012631334364,0.5068799,0.67980695,0.023572007194161415,0.005993437,0.47073787,0.5
fp_966,0.0013716932153329253,0.0129185756668448,0.3176641,0.6190094,0.029995819553732872,0.04703482,0.6375493,0.5
fp_967,0.0004343136679381132,0.0104023925960063,0.4388071,0.5336405,0.027338456362485886,0.010182458,0.51458967,0.5
fp_968,0.0003518081794027239,0.0113441543653607,0.2895335,0.6775254,0.02525886707007885,0.09694132,0.6992482,0.5
fp_969,0.0037981905043125153,0.0086671561002731,0.42029428,0.5155674,0.016204360872507095,0.010086168,0.46376914,0.5
fp_970,0.00015143143536988646,0.0124470209702849,0.33268103,0.35323644,0.032297130674123764,0.4469002,0.73100114,0.5
fp_971,0.002607782604172826,0.0062166065908968,0.40040752,0.64996684,0.017472591251134872,0.010576739,0.46518603,0.5
fp_972,0.0002599097497295588,0.0107466438785195,0.33699208,0.53766644,0.011381952092051506,0.34024262,0.7196531,0.5
fp_973,0.0019884458743035793,0.0068187341094017,0.5637,0.5410185,0.005000466480851173,0.007946654,0.49382108,0.5
fp_974,0.001650919090025127,0.028833569958806,0.24767265,0.52394736,0.01551024429500103,0.054708686,0.70303786,0.5
fp_975,0.004213034640997648,0.006355486344546,0.4481899,0.8028857,0.01877991482615471,0.009184025,0.47682422,0.5
fp_976,0.00991417933255434,0.0494856350123882,0.44805676,0.6756915,0.02477361634373665,0.010475604,0.7381289,0.5
fp_977,0.00320166302844882,0.0044754366390407,0.4506148,0.5014923,0.00479447515681386,0.010805398,0.49996543,0.5
fp_978,0.01617102511227131,0.0225779842585325,0.46714753,0.7098904,0.005914031062275171,0.017472189,0.7270736,0.5
fp_979,0.0046234093606472015,0.0057830559089779,0.4393409,0.790026,0.012637496925890446,0.00777736,0.4886379,0.5
fp_980,0.0012897697743028402,0.0161704402416944,0.59677225,0.39121914,0.018895097076892853,0.03351121,0.63556004,0.5
fp_981,0.0028963263612240553,0.0141086438670754,0.4524899,0.75092596,0.03526708856225014,0.009778062,0.52863467,0.5
fp_982,0.002310447860509157,0.0243434552103281,0.5487582,0.41831356,0.0337495282292366,0.022137625,0.43361914,0.5
fp_983,0.0007434473955072463,0.0059482823126018,0.43231848,0.6907936,0.010382776148617268,0.007509728,0.45450795,0.5
fp_984,0.00023894483456388116,0.0244890097528696,0.4955226,0.43753642,0.028014056384563446,0.10649699,0.52918094,0.5
fp_985,0.0029151136986911297,0.0092069767415523,0.4219844,0.30685416,0.03475182130932808,0.008357074,0.47225255,0.5
fp_986,0.0008693011477589607,0.009145569987595,0.48900247,0.59105253,0.03181261569261551,0.117316596,0.44296455,0.5
fp_987,0.0020825376268476248,0.0056760921142995,0.4391209,0.35100016,0.026862407103180885,0.009240379,0.45138216,0.5
fp_988,0.010516257025301456,0.0503401942551136,0.48797858,0.45439687,0.018168173730373383,0.015319412,0.58370996,0.5
fp_989,0.0014177042758092284,0.009256575256586,0.42486426,0.53449965,0.020746227353811264,0.012129691,0.5209812,0.5
fp_990,0.08221334964036942,0.0290635582059621,0.51496273,0.5335299,0.018950508907437325,0.015970599,0.5184923,0.5
fp_991,0.0009452435187995434,0.0056710452772676,0.45808107,0.66361994,0.014366528019309044,0.01392588,0.4455371,0.5
fp_992,0.0015577177982777357,0.0097057446837425,0.5877149,0.4561595,0.0055405194871127605,0.07963876,0.63980675,0.5
fp_993,0.0040876721031963825,0.0074450462125241,0.4477433,0.78678167,0.015360579825937748,0.008132617,0.44458455,0.5
fp_994,0.04695212468504906,0.0269510969519615,0.3705823,0.5482236,0.02373955398797989,0.15101185,0.5215266,0.5
fp_995,0.0011163650779053569,0.0724856108427047,0.45724344,0.79941404,0.025489773601293564,0.010141674,0.49414864,0.5
fp_996,0.0031770439818501472,0.0048215421847999,0.41521746,0.57561547,0.017343373969197273,0.029837556,0.6374923,0.5
fp_997,0.0012036109110340476,0.1075144559144973,0.4456903,0.7928104,0.0058663953095674515,0.0069244322,0.37386942,0.5
fp_998,0.026389921084046364,0.0797037705779075,0.47359174,0.62516147,0.007622364442795515,0.11258394,0.71612537,0.5
fp_999,0.0003450623480603099,0.0782599821686744,0.58345246,0.48218974,0.021548504009842873,0.007822822,0.4946823,0.5
fp_1000,0.02086406759917736,0.016790023073554,0.4582654,0.53223276,0.02701830491423607,0.40902388,0.58642244,0.5
fp_1001,0.0003935879794880748,0.0630539879202842,0.5133511,0.5785233,0.03001718781888485,0.008717312,0.31048515,0.5
fp_1002,0.022407034412026405,0.0166762489825487,0.46766624,0.29753664,0.040309350937604904,0.47529235,0.5056746,0.5
fp_1003,0.0003994647413492203,0.0681774169206619,0.5554304,0.6942192,0.022182976827025414,0.0071999747,0.4677985,0.5
fp_1004,0.007676135748624802,0.0211696345359087,0.4861784,0.5656991,0.039946310222148895,0.07671977,0.52530515,0.5
fp_1005,0.0002935566590167582,0.0373069755733013,0.47316703,0.76953185,0.02573670819401741,0.0076284837,0.4016879,0.5
fp_1006,0.003294760826975107,0.0275093615055084,0.4515505,0.67731154,0.02011908032000065,0.018656481,0.6239076,0.5
fp_1007,0.001536468043923378,0.1018359065055847,0.46554214,0.7079017,0.01727687567472458,0.0075847893,0.37682793,0.5
fp_1008,0.0007739275461062789,0.0144695276394486,0.46794426,0.31244865,0.023713575676083565,0.13832399,0.50929785,0.5
fp_1009,0.0009768072050064802,0.0945963189005851,0.4511877,0.72801435,0.01656000129878521,0.008950842,0.46844018,0.5
fp_1010,0.007063624914735556,0.017081145197153,0.47946134,0.38208008,0.019563350826501846,0.2658643,0.5719079,0.5
fp_1011,0.0010282540461048484,0.074476920068264,0.5627447,0.67469823,0.007849432528018951,0.009635673,0.33618957,0.5
fp_1012,0.012914253398776054,0.016601288691163,0.36169142,0.58321536,0.018558038398623466,0.046818204,0.48945856,0.5
fp_1013,0.001394946128129959,0.0576079189777374,0.44973773,0.81825876,0.0196373350918293,0.010246435,0.47430182,0.5
fp_1014,0.0052528479136526585,0.0077124149538576,0.46297523,0.6493623,0.05318642035126686,0.01919629,0.57754165,0.5
fp_1015,0.00042418588418513536,0.2318755239248275,0.46689212,0.7332696,0.004966899752616882,0.0066091726,0.35414267,0.5
fp_1016,0.00506233936175704,0.0167234167456626,0.5049844,0.47208762,0.049472033977508545,0.010248689,0.5326564,0.5
fp_1017,0.0015758046647533774,0.1346813887357711,0.45145875,0.82777756,0.013228366151452065,0.00748836,0.4177854,0.5
fp_1018,0.0003189356066286564,0.0067022279836237,0.5355104,0.50727284,0.08656884729862213,0.018625772,0.60661113,0.5
fp_1019,0.0012781808618456125,0.0102684423327445,0.45025364,0.8154589,0.04127639904618263,0.008547287,0.47845954,0.5
fp_1020,5.822421007906087e-05,0.0074386144988238,0.5292506,0.49634418,0.04736056551337242,0.026000613,0.6071216,0.5
fp_1021,0.0005175372934900224,0.1211815252900123,0.44732684,0.806483,0.023150360211730003,0.009113008,0.4658558,0.5
fp_1022,8.144721505232155e-05,0.0153012238442897,0.44147453,0.7623843,0.07276225090026855,0.013579001,0.5827507,0.5
fp_1023,0.0005623555043712258,0.057992585003376,0.47212613,0.68143994,0.035919684916734695,0.006685779,0.459319,0.5
fp_1024,0.003094141138717532,0.0086025651544332,0.43153954,0.75719243,0.04285076633095741,0.06377013,0.5611131,0.5
fp_1025,0.0005695220897905529,0.0908321365714073,0.4572011,0.7675458,0.03150428831577301,0.008526789,0.48538756,0.5
fp_1026,0.0022114769089967012,0.0097879786044359,0.4594157,0.47227153,0.037262123078107834,0.023742288,0.4959101,0.5
fp_1027,0.001150510972365737,0.0786563903093338,0.44599167,0.5924543,0.02772538550198078,0.013566634,0.48954654,0.5
fp_1028,0.00011923738202312961,0.0611092746257782,0.48283923,0.7112872,0.02072872966527939,0.015862444,0.53927666,0.5
fp_1029,0.000674431212246418,0.1493094861507415,0.44672287,0.7806025,0.01703452691435814,0.010828905,0.5068953,0.5
fp_1030,0.004549021366983652,0.0096499715000391,0.43415272,0.45466763,0.06531022489070892,0.029747242,0.6036792,0.5
fp_1031,0.0010101530933752656,0.1631037890911102,0.4498064,0.8106295,0.021988574415445328,0.00975875,0.49285904,0.5
fp_1032,0.01357103232294321,0.1480717658996582,0.1417953,0.99925196,0.02834688127040863,0.5260288,0.71938866,0.5
fp_1033,0.004027714021503925,0.0700327679514885,0.14311582,0.61745393,0.054387472569942474,0.24681947,0.7523247,0.5
fp_1034,0.01256041694432497,0.8633148670196533,0.1197682,0.61388,0.009059959091246128,0.45077386,0.6771315,0.5
fp_1035,0.06618914753198624,0.0453985296189785,0.1406855,0.97628367,0.02465667761862278,0.43529195,0.69919,0.5
fp_1036,0.0034689807798713446,0.8617691993713379,0.13574278,0.82130355,0.0015943751204758883,0.42069122,0.72120094,0.5
fp_1037,0.030130205675959587,0.3172870576381683,0.16081488,0.5824192,0.06425581127405167,0.005550178,0.72793806,0.5
fp_1038,0.1758340746164322,0.7404210567474365,0.152278,0.312064,0.012773089110851288,0.50729257,0.67825836,0.5
fp_1039,0.023802245035767555,0.0370168089866638,0.11285189,0.21478347,0.11819114536046982,0.38895118,0.7540099,0.5
fp_1040,0.011101258918642998,0.2348539680242538,0.14716041,0.36885872,0.017340106889605522,0.40526578,0.63620377,0.5
fp_1041,0.0039057377725839615,0.1242668405175209,0.13212365,0.9448784,0.04492780938744545,0.3389076,0.69620657,0.5
fp_1042,0.0031463024206459522,0.2028174549341201,0.17866638,0.60378444,0.00894619058817625,0.5452561,0.68599826,0.5
fp_1043,0.033552128821611404,0.0644120797514915,0.14175755,0.79830086,0.07328589260578156,0.32801405,0.67960525,0.5
fp_1044,0.06717294454574585,0.3256708085536957,0.13402423,0.6417995,0.01590685360133648,0.4295946,0.62084436,0.5
fp_1045,0.018870269879698753,0.0949757695198059,0.13219509,0.8558424,0.06400618702173233,0.30632237,0.73025596,0.5
fp_1046,0.006070510018616915,0.8632351160049438,0.14232832,0.58371717,0.008568528108298779,0.564114,0.63641876,0.5
fp_1047,0.011370217427611351,0.2943041920661926,0.12330869,0.23884523,0.048482321202754974,0.26726088,0.74293995,0.5
fp_1048,0.054420944303274155,0.8150488138198853,0.11644986,0.4886734,0.005431170575320721,0.4888547,0.69177353,0.5
fp_1049,0.01582789607346058,0.2712232172489166,0.14182335,0.40788192,0.039225250482559204,0.43081832,0.7638125,0.5
fp_1050,0.0027631011325865984,0.2881500422954559,0.16489655,0.7517017,0.004758864175528288,0.41313553,0.71077913,0.5
fp_1051,0.06639581173658371,0.1236894428730011,0.13789481,0.6766493,0.057245805859565735,0.41541928,0.75335264,0.5
fp_1052,0.017573663964867592,0.4500552713871002,0.11300486,0.5147414,0.013629032298922539,0.3890595,0.66989243,0.5
fp_1053,0.051969900727272034,0.6653149127960205,0.13890874,0.9825007,0.016351882368326187,0.47206753,0.7008405,0.5
fp_1054,0.011004708707332611,0.2880104482173919,0.10303491,0.8561902,0.009790007956326008,0.44666362,0.6721926,0.5
fp_1055,0.029705557972192764,0.4954817295074463,0.1439215,0.9756505,0.010419203899800777,0.47916296,0.76468045,0.5
fp_1056,0.04232242330908775,0.8545401692390442,0.14489257,0.61180794,0.003261083969846368,0.54087645,0.7239512,0.5
fp_1057,0.0499638095498085,0.716071367263794,0.16200396,0.7048532,0.026865597814321518,0.4191365,0.7182672,0.5
fp_1058,0.005651472136378288,0.097524844110012,0.11785087,0.8137229,0.011999196372926235,0.46186548,0.7238497,0.5
fp_1059,0.02361016906797886,0.6629210114479065,0.1771813,0.7222571,0.05158232897520065,0.35037962,0.6495276,0.5
fp_1060,0.0218425951898098,0.3226403295993805,0.10865587,0.97472227,0.03766555339097977,0.44285557,0.6677991,0.5
fp_1061,0.004561341367661953,0.685594916343689,0.13705179,0.81267786,0.019075198099017143,0.25659683,0.6449684,0.5
fp_1062,0.0023318722378462553,0.1325842589139938,0.12088546,0.8049529,0.00486835278570652,0.2108791,0.6380447,0.5
fp_1063,0.005903128068894148,0.7145535945892334,0.14915228,0.95839834,0.044888947159051895,0.34050086,0.6816905,0.5
fp_1064,0.009647637605667114,0.3296296298503876,0.13373512,0.42012018,0.012523320503532887,0.43516716,0.62988985,0.5
fp_1065,0.02762729860842228,0.6991406083106995,0.14338437,0.9009525,0.02374529466032982,0.47219157,0.6590549,0.5
fp_1066,0.00480157695710659,0.5182093977928162,0.11728695,0.55388945,0.010116936638951302,0.4602796,0.69043684,0.5
fp_1067,0.06044373661279678,0.0778013467788696,0.14335576,0.68053657,0.01836269162595272,0.4209318,0.7502433,0.5
fp_1068,0.002394371898844838,0.8536648154258728,0.12383327,0.7516109,0.0448438860476017,0.4282306,0.6311594,0.5
fp_1069,0.014713543467223644,0.1235964968800544,0.17474568,0.9423555,0.007438871078193188,0.27505845,0.66162676,0.5
fp_1070,0.014675400219857693,0.8604984879493713,0.11456826,0.5061016,0.010952064767479897,0.4691294,0.67257214,0.5
fp_1071,0.04464681074023247,0.2444293797016143,0.09607917,0.84888077,0.025493646040558815,0.29013416,0.69275564,0.5
fp_1072,0.005049434490501881,0.8613782525062561,0.15096107,0.612108,0.0269648265093565,0.43237984,0.78333455,0.5
fp_1073,0.006500702351331711,0.7187681794166565,0.12438935,0.94551754,0.021998221054673195,0.35336888,0.6530359,0.5
fp_1074,0.019490674138069153,0.189401626586914,0.15188274,0.8736685,0.010560166090726852,0.41387966,0.805321,0.5
fp_1075,0.06163083761930466,0.0826037228107452,0.14776307,0.9450558,0.007021473720669746,0.46227682,0.74670774,0.5
fp_1076,0.01183352805674076,0.1578971445560455,0.2776002,0.39424276,0.028984680771827698,0.3033998,0.73882353,0.5
fp_1077,0.0377996526658535,0.1367681920528412,0.12528968,0.95501864,0.016584739089012146,0.31394553,0.7016834,0.5
fp_1078,0.002245199866592884,0.1282981932163238,0.19052312,0.457333,0.04801821708679199,0.21382108,0.5658187,0.5
fp_1079,0.049055617302656174,0.7248988151550293,0.1419667,0.8947116,0.040541768074035645,0.12554865,0.69173133,0.5
fp_1080,0.0011595594696700573,0.1365693360567093,0.24475941,0.5837429,0.032232314348220825,0.40320867,0.69705766,0.5
fp_1081,0.04047515243291855,0.082464225590229,0.14278457,0.9704076,0.008838377892971039,0.3668052,0.63213503,0.5
fp_1082,0.0019310455536469817,0.1933320462703704,0.16258538,0.6860259,0.04128670692443848,0.309333,0.83517504,0.5
fp_1083,0.06807297468185425,0.6043218374252319,0.13983342,0.9526323,0.02779640071094036,0.44148347,0.62175894,0.5
fp_1084,0.020390605553984642,0.8597007989883423,0.19845983,0.72643596,0.02597157098352909,0.4000467,0.64169574,0.5
fp_1085,0.00807693786919117,0.5434306263923645,0.14664072,0.5109807,0.018831394612789154,0.27093893,0.64730066,0.5
fp_1086,0.0694163367152214,0.1213791221380233,0.15761694,0.4980882,0.023334942758083344,0.29917526,0.7245923,0.5
fp_1087,0.04967663809657097,0.1691561639308929,0.14903909,0.9695164,0.018351024016737938,0.11966329,0.74696666,0.5
fp_1088,0.007621780503541231,0.1865306347608566,0.2835279,0.78998,0.009333333931863308,0.05967491,0.7651874,0.5
fp_1089,0.040747325867414474,0.1446885466575622,0.103404105,0.88962543,0.020500291138887405,0.5093953,0.6519357,0.5
fp_1090,0.0597502775490284,0.1566430479288101,0.12622666,0.9787022,0.04323805123567581,0.43025512,0.71657693,0.5
fp_1091,0.07547631859779358,0.7191999554634094,0.12109834,0.91414803,0.004957387689501047,0.3257948,0.70703936,0.5
fp_1092,0.024350523948669434,0.0910556986927986,0.15646836,0.6810818,0.008973577059805393,0.43089205,0.82637393,0.5
fp_1093,0.023808300495147705,0.7007084488868713,0.10997751,0.9709161,0.0025831994134932756,0.27431577,0.6869527,0.5
fp_1094,0.019274549558758736,0.3109868168830871,0.14072672,0.98135215,0.03608059883117676,0.42996964,0.831234,0.5
fp_1095,0.007138881366699934,0.7134066224098206,0.12819505,0.44659296,0.005094904452562332,0.3315329,0.7006725,0.5
fp_1096,0.06926022469997406,0.1501838564872741,0.15906411,0.8311162,0.044785916805267334,0.37909925,0.80208963,0.5
fp_1097,0.02846357226371765,0.7211371064186096,0.14604807,0.58876973,0.01060230378061533,0.3640997,0.69569004,0.5
fp_1098,0.0030119754374027252,0.1996612399816513,0.12736207,0.81106985,0.01882367581129074,0.1593777,0.6580096,0.5
fp_1099,0.0066664014011621475,0.7220520377159119,0.13887885,0.7749506,0.005355535540729761,0.33164027,0.74607277,0.5
fp_1100,0.05738838389515877,0.2778131067752838,0.17379418,0.38365296,0.044498126953840256,0.3511226,0.631513,0.5
fp_1101,0.009491028264164925,0.5430685877799988,0.11443165,0.9109546,0.010248790495097637,0.2874982,0.6501353,0.5
fp_1102,0.036529045552015305,0.1291926950216293,0.12985176,0.6308036,0.033648353070020676,0.3571041,0.73696756,0.5
fp_1103,0.020434841513633728,0.7144901752471924,0.10841867,0.8311402,0.005544913932681084,0.13312943,0.69252384,0.5
fp_1104,0.009927326813340187,0.2200523763895034,0.15545297,0.50041616,0.03175868093967438,0.33486447,0.8250996,0.5
fp_1105,0.022338412702083588,0.7135815024375916,0.1271477,0.7193534,0.004740641452372074,0.32873586,0.72627753,0.5
fp_1106,0.011063198558986187,0.2570888102054596,0.17020562,0.8957224,0.02648964338004589,0.32919893,0.7408502,0.5
fp_1107,0.014420920982956886,0.7158626914024353,0.12555403,0.8894919,0.0024164302740246058,0.32019484,0.6875901,0.5
fp_1108,0.010036347433924675,0.1392035782337188,0.11863664,0.9694222,0.026281310245394707,0.376605,0.69064385,0.5
fp_1109,0.04122185707092285,0.715334415435791,0.14101624,0.9648679,0.0051050130277872086,0.4225929,0.7287681,0.5
fp_1110,0.03172648325562477,0.1386851817369461,0.062360734,0.9287988,0.026998186483979225,0.42413113,0.7623287,0.5
fp_1111,0.008773255161941051,0.1276968866586685,0.13415936,0.98179036,0.004970633890479803,0.4615005,0.7249137,0.5
fp_1112,0.021717438474297523,0.112049400806427,0.12994745,0.9809915,0.01226221676915884,0.14911257,0.7853974,0.5
fp_1113,0.04006621614098549,0.7162635326385498,0.11196032,0.9331862,0.001543483231216669,0.38006288,0.68962014,0.5
fp_1114,0.022749628871679306,0.0769325345754623,0.14281586,0.6832856,0.02961236611008644,0.15720893,0.82183933,0.5
fp_1115,0.03180386498570442,0.7024449706077576,0.13076395,0.9750665,0.004475383087992668,0.38494933,0.7130346,0.5
fp_1116,0.045148078352212906,0.080023393034935,0.14853367,0.6401498,0.05610213801264763,0.39969605,0.6187538,0.5
fp_1117,0.007308134343475103,0.7222922444343567,0.13335213,0.9518197,0.004265523515641689,0.21841395,0.700372,0.5
fp_1118,0.0041969651356339455,0.062015064060688,0.11103761,0.65844727,0.02981436252593994,0.30486524,0.79978,0.5
fp_1119,0.051849521696567535,0.7239282131195068,0.11227852,0.64221853,0.007672057952731848,0.20764193,0.69829917,0.5
fp_1120,0.026785163208842278,0.054289910942316,0.12968656,0.97071874,0.04886188730597496,0.3117852,0.8065084,0.5
fp_1121,0.03822082653641701,0.7103917002677917,0.12427521,0.8790595,0.006655008997768164,0.27849934,0.7289536,0.5
fp_1122,0.20739683508872986,0.1009435132145881,0.11697742,0.56604975,0.027762170881032944,0.5618387,0.8226291,0.5
fp_1123,0.009629513137042522,0.7031113505363464,0.13713926,0.8164879,0.024297654628753662,0.3045438,0.68884003,0.5
fp_1124,0.0029320227913558483,0.0439368337392807,0.13830009,0.9512143,0.011466596275568008,0.12866712,0.76829195,0.5
fp_1125,0.007287583779543638,0.7050131559371948,0.12446925,0.9851244,0.009625016711652279,0.31621006,0.7402542,0.5
fp_1126,0.08296661078929901,0.1033764258027076,0.060340375,0.5875298,0.030371593311429024,0.112260364,0.7889534,0.5
fp_1127,0.04275510832667351,0.702969491481781,0.14096475,0.9499038,0.004594192840158939,0.3706258,0.7251375,0.5
fp_1128,0.020066024735569954,0.0612188316881656,0.06450507,0.7415787,0.020816922187805176,0.5029802,0.7518798,0.5
fp_1129,0.05332751199603081,0.0574162267148494,0.12657508,0.8016537,0.02788720652461052,0.44735608,0.709162,0.5
fp_1130,0.07164918631315231,0.0633543580770492,0.13188243,0.9791962,0.008798482827842236,0.3233469,0.7753216,0.5
fp_1131,0.028106356039643288,0.0558877177536487,0.15942731,0.82473314,0.010680221021175385,0.44052643,0.6381664,0.5
fp_1132,0.011889819987118244,0.0642131119966507,0.06559554,0.76341385,0.02843589521944523,0.14868453,0.7788775,0.5
fp_1133,0.013034192845225334,0.0580596961081028,0.15969157,0.3941597,0.02928444929420948,0.38886088,0.70455086,0.5
fp_1134,0.006830922327935696,0.1160184368491172,0.0788022,0.4520065,0.05198277160525322,0.24396104,0.8064991,0.5
fp_1135,0.022789984941482544,0.0507622584700584,0.1527912,0.48803383,0.04775634780526161,0.39696425,0.6815843,0.5
fp_1136,0.0018336862558498979,0.0483635067939758,0.086033106,0.96828735,0.02026904560625553,0.09368305,0.8471657,0.5
fp_1137,0.01050733495503664,0.0469910800457,0.17308366,0.8746975,0.033656537532806396,0.39699847,0.69786656,0.5
fp_1138,0.0419800691306591,0.0780239328742027,0.08609128,0.80683565,0.03986063227057457,0.27725312,0.76306415,0.5
fp_1139,0.012634415179491043,0.0779131427407264,0.13833746,0.6535331,0.03951682150363922,0.38682196,0.76090753,0.5
fp_1140,0.014919617213308811,0.0654046759009361,0.0765681,0.9088303,0.03436985984444618,0.13596524,0.8167294,0.5
fp_1141,0.02254633791744709,0.0598566383123397,0.1299817,0.6211143,0.02532833442091942,0.38065332,0.71309155,0.5
fp_1142,0.006479229312390089,0.0770122930407524,0.09268731,0.45014152,0.045313917100429535,0.016690416,0.8216854,0.5
fp_1143,0.025909891352057457,0.0425781495869159,0.1205858,0.8169735,0.024050194770097733,0.42381135,0.6971159,0.5
fp_1144,0.008927591145038605,0.0624804571270942,0.09378302,0.6855458,0.019229739904403687,0.053373665,0.8289325,0.5
fp_1145,0.02124820090830326,0.0487223304808139,0.21058711,0.6781118,0.008709996938705444,0.4212369,0.68066823,0.5
fp_1146,0.046911291778087616,0.1174388453364372,0.06369132,0.6715213,0.023591648787260056,0.22681874,0.7812953,0.5
fp_1147,0.03539307042956352,0.04111884906888,0.14165756,0.9846939,0.027473021298646927,0.47046503,0.70507467,0.5
fp_1148,0.14236891269683838,0.2406677156686782,0.14398074,0.8649675,0.034010641276836395,0.4581809,0.8342109,0.5
fp_1149,0.03366817906498909,0.0290407501161098,0.14417464,0.60245556,0.010124479420483112,0.45347685,0.66550505,0.5
fp_1150,0.0834302306175232,0.123310349881649,0.15438697,0.86908185,0.01258955430239439,0.31975725,0.83191776,0.5
fp_1151,0.03609613701701164,0.0420949459075927,0.1375131,0.9831063,0.020769955590367317,0.48239046,0.7044012,0.5
fp_1152,0.022532980889081955,0.1029823347926139,0.24314532,0.49211884,0.029818058013916016,0.29776576,0.81407326,0.5
fp_1153,0.021695449948310852,0.0979703962802887,0.1437724,0.9754332,0.04578881338238716,0.43047166,0.7356236,0.5
fp_1154,0.08392126858234406,0.1353813558816909,0.20366281,0.5243873,0.049135465174913406,0.37420455,0.6592864,0.5
fp_1155,0.014444010332226753,0.0396045744419097,0.13436761,0.9044343,0.018605422228574753,0.4851119,0.691567,0.5
fp_1156,0.007606726139783859,0.129939392209053,0.19232205,0.5660336,0.04060840606689453,0.17365803,0.7250549,0.5
fp_1157,0.04262913763523102,0.0745415836572647,0.12985495,0.40482157,0.0453483909368515,0.3915029,0.70268977,0.5
fp_1158,0.038540810346603394,0.0787300691008567,0.1666677,0.7480167,0.047433897852897644,0.22639002,0.75697863,0.5
fp_1159,0.03746508061885834,0.0383327566087245,0.13741797,0.5185623,0.03618410974740982,0.40761065,0.70933783,0.5
fp_1160,0.04760609194636345,0.2497028410434723,0.1679393,0.5455524,0.030434099957346916,0.47475633,0.7469515,0.5
fp_1161,0.018513953313231468,0.0728862434625625,0.13096258,0.75172335,0.0311371348798275,0.40952346,0.71536696,0.5
fp_1162,0.07723568379878998,0.1434275805950164,0.18034422,0.67331296,0.026837263256311417,0.2775826,0.76661265,0.5
fp_1163,0.012330024503171444,0.0463971048593521,0.14693275,0.9053745,0.02519078180193901,0.37424073,0.70828354,0.5
fp_1164,0.026565946638584137,0.0715643316507339,0.23477924,0.5955665,0.009904328733682632,0.46304294,0.781168,0.5
fp_1165,0.029636221006512642,0.0626195296645164,0.14144555,0.9824373,0.02378920651972294,0.49411812,0.68839633,0.5
fp_1166,0.10410038381814957,0.140870064496994,0.10612938,0.62614906,0.036557700484991074,0.18467323,0.7205008,0.5
fp_1167,0.018849657848477364,0.2259079217910766,0.1461376,0.98127586,0.03528643399477005,0.50604814,0.6961688,0.5
fp_1168,0.11604121327400208,0.0361205972731113,0.12541986,0.6694751,0.029760466888546944,0.28137395,0.78173774,0.5
fp_1169,0.01656443625688553,0.260435938835144,0.14052641,0.9714451,0.010088200680911541,0.50362146,0.5015396,0.5
fp_1170,0.1270405799150467,0.2523117959499359,0.15824187,0.7446158,0.01295725628733635,0.18307118,0.827978,0.5
fp_1171,0.011196783743798733,0.2298048287630081,0.22256249,0.7226325,0.03082199953496456,0.4474657,0.69940615,0.5
fp_1172,0.07944376021623611,0.0928847640752792,0.14663357,0.6002215,0.04064761474728584,0.04423089,0.78025556,0.5
fp_1173,0.01042662002146244,0.2128318697214126,0.17715335,0.7696723,0.041061073541641235,0.3829149,0.57928836,0.5
fp_1174,0.06771347671747208,0.1156913042068481,0.15183184,0.2945024,0.05948963761329651,0.0149346,0.7281189,0.5
fp_1175,0.010171894915401936,0.2200213968753814,0.20427796,0.9151987,0.03256741911172867,0.43516493,0.69335,0.5
fp_1176,0.09712940454483032,0.1491560935974121,0.1674152,0.7295401,0.05311409384012222,0.30583578,0.6898061,0.5
fp_1177,0.009664702229201794,0.1374749839305877,0.15480536,0.95342267,0.03566984087228775,0.50253785,0.7227936,0.5
fp_1178,0.0937347337603569,0.1258129328489303,0.14515433,0.8945837,0.02948703058063984,0.2847161,0.7993277,0.5
fp_1179,0.017887616530060768,0.2628749012947082,0.15192103,0.9095956,0.025549111887812614,0.49693,0.58562946,0.5
fp_1180,0.028942953795194626,0.1050997078418731,0.15229467,0.35745183,0.03362694010138512,0.059357923,0.7212155,0.5
fp_1181,0.014542834833264351,0.2787953317165375,0.14311013,0.90940344,0.024068960919976234,0.4942645,0.7022265,0.5
fp_1182,0.04429839923977852,0.0951765030622482,0.16064653,0.3854671,0.03055211529135704,0.09977449,0.7808691,0.5
fp_1183,0.014696340076625347,0.2239584177732467,0.20821145,0.8562046,0.01277727447450161,0.44964734,0.571309,0.5
fp_1184,0.13721305131912231,0.0987585186958313,0.10266918,0.69308394,0.02993800863623619,0.33452335,0.6826247,0.5
fp_1185,0.018870115280151367,0.1916539967060089,0.14239627,0.98399746,0.029635755345225334,0.42815858,0.672782,0.5
fp_1186,0.07428620755672455,0.0553427748382091,0.14915016,0.9064559,0.06353689730167389,0.3469719,0.74119884,0.5
fp_1187,0.010455160401761532,0.4732995629310608,0.15138322,0.9307483,0.01060436386615038,0.46555096,0.5008871,0.5
fp_1188,0.09803976863622665,0.0942240804433822,0.17131811,0.6474627,0.06301660090684891,0.4098798,0.72635686,0.5
fp_1189,0.019104493781924248,0.3174552321434021,0.14330691,0.9844079,0.022770777344703674,0.48398015,0.6156366,0.5
fp_1190,0.011260672472417355,0.0493591539561748,0.1891551,0.6697311,0.10090503096580505,0.37455904,0.7210461,0.5
fp_1191,0.015473493374884129,0.0759477019309997,0.14295435,0.9824422,0.05243642255663872,0.5038105,0.69024765,0.5
fp_1192,0.002358035882934928,0.0536026060581207,0.1920555,0.64803094,0.05789197236299515,0.20813954,0.74366605,0.5
fp_1193,0.011500556953251362,0.3180303275585174,0.14125982,0.98219573,0.035010386258363724,0.50150377,0.69534314,0.5
fp_1194,0.0072611793875694275,0.0926788970828056,0.13800505,0.9685804,0.08949042111635208,0.37033096,0.7534218,0.5
fp_1195,0.01442463044077158,0.2060647010803222,0.15381178,0.9062122,0.04668634012341499,0.49806878,0.67982715,0.5
fp_1196,0.02167484350502491,0.0634130090475082,0.13340238,0.9700878,0.05704418197274208,0.16454378,0.7058919,0.5
fp_1197,0.015702471137046814,0.2484764903783798,0.14614862,0.97707623,0.0425998792052269,0.4637542,0.710083,0.5
fp_1198,0.02180064655840397,0.0611115619540214,0.14654872,0.7091061,0.0469418503344059,0.33938813,0.7518637,0.5
fp_1199,0.01524796336889267,0.201428011059761,0.14068285,0.8358649,0.03971533849835396,0.3934727,0.70426345,0.5
fp_1200,0.003975572530180216,0.2194963246583938,0.16005534,0.91451234,0.03137163445353508,0.3532143,0.69438696,0.5
fp_1201,0.011833294294774532,0.3599867224693298,0.1413475,0.9771663,0.02847759984433651,0.4404585,0.72599113,0.5
fp_1202,0.07204118371009827,0.0633569210767746,0.13621616,0.6106444,0.07688238471746445,0.20114039,0.7222167,0.5
fp_1203,0.015227091498672962,0.3897811472415924,0.14243105,0.9836445,0.0333731584250927,0.4560709,0.7032503,0.5
fp_1204,0.1550755500793457,0.0596810914576053,0.0021754205,0.86700296,0.013146765530109406,0.23117761,0.80096567,0.5
fp_1205,0.07670973986387253,0.017380828037858,0.002213329,0.30587447,0.024360930547118187,0.09815602,0.8210031,0.5
fp_1206,0.07933148741722107,0.4851024448871612,0.0017803013,0.28547698,0.0031736737582832575,0.15207171,0.7827313,0.5
fp_1207,0.18402625620365143,0.0073302313685417,0.0021401942,0.7096142,0.011753736063838005,0.16681005,0.7748276,0.5
fp_1208,0.078890360891819,0.4858739674091339,0.0021079183,0.5287808,0.0007551162270829082,0.12357522,0.7431625,0.5
fp_1209,0.1824432760477066,0.2065255790948867,0.002551645,0.25076088,0.028556760400533676,0.036184832,0.81861013,0.5
fp_1210,0.13470196723937988,0.5021936893463135,0.0023807883,0.1853686,0.0036216287408024073,0.23101918,0.74455416,0.5
fp_1211,0.17717908322811127,0.0064021130092442,0.0017423928,0.11627962,0.05945234373211861,0.14872713,0.8253166,0.5
fp_1212,0.07474162429571152,0.7220511436462402,0.0022477508,0.18803719,0.005065565928816795,0.1653541,0.69604826,0.5
fp_1213,0.08818889409303665,0.041269451379776,0.0019895434,0.644965,0.02191024459898472,0.14480391,0.78146964,0.5
fp_1214,0.07730430364608765,0.6997724771499634,0.0027220547,0.31006283,0.0028350132051855326,0.2760821,0.7914272,0.5
fp_1215,0.14317665994167328,0.011234164237976,0.0021490753,0.4404575,0.027292778715491295,0.13896161,0.76323307,0.5
fp_1216,0.21265709400177002,0.7055807113647461,0.002059251,0.26259908,0.004914978984743357,0.20670597,0.76901186,0.5
fp_1217,0.11393428593873978,0.0274160988628864,0.0020025969,0.57426655,0.025041431188583374,0.13009396,0.8354986,0.5
fp_1218,0.08189746737480164,0.4974267780780792,0.0022773147,0.24218443,0.002778510097414255,0.26875746,0.7108108,0.5
fp_1219,0.15380677580833435,0.1791923940181732,0.0018801391,0.13642871,0.02995956689119339,0.15188748,0.79195803,0.5
fp_1220,0.10183374583721161,0.4179076254367828,0.0017480254,0.18862459,0.0025320998392999172,0.20332833,0.7524096,0.5
fp_1221,0.16833946108818054,0.1741741001605987,0.0022061467,0.19962437,0.027294307947158813,0.19021763,0.8216939,0.5
fp_1222,0.08741465210914612,0.6095178723335266,0.002642572,0.3331563,0.00234828214161098,0.14742026,0.76713645,0.5
fp_1223,0.18985167145729065,0.0400423184037208,0.0021461844,0.4100359,0.026748258620500565,0.2088141,0.829692,0.5
fp_1224,0.08602847903966904,0.5165917873382568,0.0016724467,0.2337375,0.004188963677734137,0.1599567,0.8266547,0.5
fp_1225,0.12996147572994232,0.5209882259368896,0.0021260083,0.7605194,0.007909955456852913,0.19477245,0.73489773,0.5
fp_1226,0.09730923175811768,0.737035870552063,0.0015239716,0.49387473,0.0046516405418515205,0.16532356,0.7717036,0.5
fp_1227,0.2657831311225891,0.3507869243621826,0.002208501,0.72283465,0.005156268365681171,0.20568962,0.80128014,0.5
fp_1228,0.0654677078127861,0.4091416597366333,0.002339512,0.2892471,0.0017454477492719889,0.20535323,0.7418138,0.5
fp_1229,0.11720673739910126,0.5991156697273254,0.0025261939,0.3593643,0.013127644546329975,0.21730556,0.77505744,0.5
fp_1230,0.08284933865070343,0.0258473679423332,0.0017547905,0.3726982,0.0034948973916471004,0.18037286,0.8501394,0.5
fp_1231,0.25153520703315735,0.5228973627090454,0.0028395653,0.38587052,0.024775251746177673,0.11725759,0.6721161,0.5
fp_1232,0.13661089539527893,0.6950104832649231,0.0016179085,0.70123154,0.019333230331540108,0.17672247,0.8214044,0.5
fp_1233,0.1456410437822342,0.5434191823005676,0.0022352338,0.41204014,0.009475708939135075,0.13679287,0.66930133,0.5
fp_1234,0.08740696310997009,0.0533332526683807,0.001811862,0.4652509,0.0018645143136382103,0.14731045,0.6991334,0.5
fp_1235,0.1922117918729782,0.577639102935791,0.0023088157,0.65994257,0.020937232300639153,0.12735729,0.7339767,0.5
fp_1236,0.07960156351327896,0.7047423124313354,0.002017498,0.21574235,0.0035762512125074863,0.15115201,0.6908759,0.5
fp_1237,0.1404646635055542,0.5715627670288086,0.002214551,0.46366185,0.012007169425487518,0.19073793,0.68261683,0.5
fp_1238,0.07897869497537613,0.2533281147480011,0.0017381608,0.25637418,0.003891024738550186,0.21269031,0.7850504,0.5
fp_1239,0.11396536976099014,0.0133549962192773,0.002200961,0.37099442,0.010474704205989838,0.15178399,0.81085384,0.5
fp_1240,0.0934193879365921,0.4657657146453857,0.0018714666,0.4271303,0.02557501010596752,0.1671352,0.80365604,0.5
fp_1241,0.25070521235466003,0.0458687879145145,0.0027505457,0.6108623,0.00526389991864562,0.10351641,0.6801949,0.5
fp_1242,0.07590018212795258,0.4729619324207306,0.0016947985,0.22663239,0.00450667692348361,0.1823192,0.77419376,0.5
fp_1243,0.15685249865055084,0.135744497179985,0.0014659166,0.5073166,0.014732910320162773,0.235036,0.78245044,0.5
fp_1244,0.07984815537929535,0.5151379704475403,0.0023441315,0.24572818,0.01105122733861208,0.2234761,0.8366255,0.5
fp_1245,0.13856613636016846,0.5864542126655579,0.0018976927,0.63575184,0.012902267277240753,0.120566085,0.68120676,0.5
fp_1246,0.12564046680927277,0.0700443908572197,0.0024542212,0.4429132,0.004775380715727806,0.23964286,0.84523535,0.5
fp_1247,0.14442384243011475,0.0161788612604141,0.002275139,0.624741,0.003558345604687929,0.19836202,0.77600586,0.5
fp_1248,0.06956476718187332,0.0634302794933319,0.0050961077,0.21702531,0.012245295569300652,0.21876724,0.8388178,0.5
fp_1249,0.17670418322086334,0.0496704988181591,0.0019119382,0.5600805,0.009147731587290764,0.1668286,0.7496506,0.5
fp_1250,0.056561022996902466,0.0446926578879356,0.003017515,0.2517033,0.01963437721133232,0.18559319,0.7066635,0.5
fp_1251,0.17708125710487366,0.6170430779457092,0.002186805,0.53958076,0.022992949932813644,0.12718548,0.75289005,0.5
fp_1252,0.07771261781454086,0.0499017834663391,0.0047750175,0.2537548,0.012173484079539776,0.19749914,0.80391884,0.5
fp_1253,0.2186400592327118,0.0268685966730117,0.002193749,0.7569874,0.004630704876035452,0.1545165,0.6705688,0.5
fp_1254,0.056257214397192,0.0871642231941223,0.0025784671,0.31328362,0.018882781267166138,0.12547687,0.8850376,0.5
fp_1255,0.22355742752552032,0.461058646440506,0.0021437407,0.59109414,0.012938407249748707,0.20385125,0.6568427,0.5
fp_1256,0.11779570579528809,0.5165241360664368,0.0036731064,0.36134332,0.0123792365193367,0.19400099,0.74450374,0.5
fp_1257,0.18177925050258636,0.3938308358192444,0.0022592843,0.2901946,0.01063245814293623,0.113686964,0.67637706,0.5
fp_1258,0.3399408161640167,0.0452646315097808,0.0024763942,0.22875576,0.010493556037545204,0.1749816,0.81719005,0.5
fp_1259,0.14268317818641663,0.0710449516773223,0.0023140311,0.6786599,0.012146992608904839,0.13383584,0.8019722,0.5
fp_1260,0.09727971255779266,0.0868036523461341,0.0056697726,0.36862567,0.006190821528434753,0.0967639,0.8193526,0.5
fp_1261,0.1330181360244751,0.046942226588726,0.0015754998,0.5423076,0.012102204374969006,0.20024998,0.6978358,0.5
fp_1262,0.18029332160949707,0.071086011826992,0.0019059777,0.6674681,0.0165236983448267,0.20591484,0.8503947,0.5
fp_1263,0.1868363916873932,0.693278431892395,0.0018417239,0.632141,0.0017956839874386787,0.088103674,0.770285,0.5
fp_1264,0.16235151886940002,0.0423438772559165,0.0025761425,0.2669663,0.0035847825929522514,0.27224946,0.85592604,0.5
fp_1265,0.1849190592765808,0.7027118802070618,0.0016685724,0.73083776,0.0013227162417024374,0.096178666,0.7173685,0.5
fp_1266,0.08372317254543304,0.1580817699432373,0.0021877289,0.7021297,0.012485112994909286,0.18318205,0.87910116,0.5
fp_1267,0.1209627240896225,0.6668806076049805,0.0019817352,0.26071167,0.0018548117950558662,0.16121328,0.73734796,0.5
fp_1268,0.3576985001564026,0.0502920262515544,0.0024926662,0.37065572,0.024252288043498993,0.24340944,0.86608523,0.5
fp_1269,0.17291438579559326,0.6571599245071411,0.0022241771,0.33603147,0.00362005433999002,0.14344464,0.7364238,0.5
fp_1270,0.0945882722735405,0.0945659726858139,0.0019057691,0.34922475,0.007946334779262543,0.09377546,0.75110936,0.5
fp_1271,0.11111424118280411,0.6563056111335754,0.0021890402,0.44842768,0.002026378409937024,0.11354635,0.8024304,0.5
fp_1272,0.15778526663780212,0.1447436660528183,0.0027395487,0.19602582,0.01567600481212139,0.20794757,0.6948602,0.5
fp_1273,0.1276693046092987,0.3931652307510376,0.0017297864,0.59093463,0.003808423178270459,0.12577689,0.74084044,0.5
fp_1274,0.1020905151963234,0.0639591366052627,0.0019655824,0.2580643,0.012339197099208832,0.18623383,0.846189,0.5
fp_1275,0.19123567640781403,0.7025889158248901,0.0016462505,0.37256756,0.0021792815532535315,0.06911623,0.7377061,0.5
fp_1276,0.12045169621706009,0.0929403007030487,0.0024998188,0.32404995,0.01769387349486351,0.21517636,0.8688456,0.5
fp_1277,0.2252037227153778,0.6729766130447388,0.0019259453,0.39176708,0.0016547988634556532,0.13696295,0.7637019,0.5
fp_1278,0.1466945856809616,0.1159529238939285,0.0027457774,0.49429783,0.015624083578586578,0.19457145,0.84809566,0.5
fp_1279,0.15163856744766235,0.659569501876831,0.0019491911,0.5841915,0.001026736805215478,0.12437355,0.7471,0.5
fp_1280,0.12707458436489105,0.0562097132205963,0.0017811656,0.6157376,0.011557741090655327,0.18150002,0.8005003,0.5
fp_1281,0.19557884335517883,0.6697781682014465,0.0021608174,0.66755414,0.0019344728207215667,0.18537895,0.80439126,0.5
fp_1282,0.17144861817359924,0.0563788302242755,0.00093618035,0.547849,0.014197536744177341,0.1962758,0.78382915,0.5
fp_1283,0.10783816874027252,0.0395390428602695,0.0020456314,0.78041744,0.002243178430944681,0.18219616,0.7771466,0.5
fp_1284,0.13333693146705627,0.0389467924833297,0.0019569695,0.7502917,0.006423259153962135,0.120344065,0.8233179,0.5
fp_1285,0.22197175025939941,0.670313835144043,0.0016981065,0.55123925,0.000715566158760339,0.18800251,0.7179096,0.5
fp_1286,0.12156783044338226,0.0200864877551794,0.0021543205,0.36139104,0.012172875925898552,0.112355486,0.85147893,0.5
fp_1287,0.2007620930671692,0.6864488124847412,0.001992315,0.6941036,0.00199535908177495,0.15931234,0.800531,0.5
fp_1288,0.18906082212924957,0.0237404368817806,0.0022605062,0.35533208,0.021274499595165253,0.15200655,0.7938771,0.5
fp_1289,0.1264532059431076,0.672019362449646,0.0020371377,0.7260113,0.0021172594279050827,0.085577376,0.7373775,0.5
fp_1290,0.09901528060436249,0.0141625488176941,0.0016498566,0.32208323,0.015523078851401806,0.15381311,0.8262706,0.5
fp_1291,0.18486902117729187,0.6387940645217896,0.0016975105,0.38172683,0.0026115693617612123,0.076419644,0.74457335,0.5
fp_1292,0.15154887735843658,0.010568993166089,0.0019516647,0.68750495,0.021759187802672386,0.15216644,0.82424766,0.5
fp_1293,0.17811046540737152,0.676563024520874,0.0018837154,0.55384386,0.002230291487649083,0.104731984,0.76988554,0.5
fp_1294,0.13920114934444427,0.0392331779003143,0.0017109513,0.29111263,0.012122591026127338,0.2514763,0.848045,0.5
fp_1295,0.12591245770454407,0.7052614688873291,0.0021047294,0.4345266,0.01241818256676197,0.10296511,0.79463476,0.5
fp_1296,0.07045251876115799,0.0081912251189351,0.0020667315,0.5793954,0.007012007758021355,0.10261895,0.80756664,0.5
fp_1297,0.13560301065444946,0.680604875087738,0.001886338,0.80314195,0.006440439727157354,0.09905077,0.7790499,0.5
fp_1298,0.26350805163383484,0.0391122177243232,0.00091692805,0.34289813,0.011910396628081799,0.07993699,0.8190347,0.5
fp_1299,0.20800888538360596,0.6933310031890869,0.0021617115,0.67538774,0.0019744234159588814,0.117962874,0.7866918,0.5
fp_1300,0.11083211749792099,0.0129753071814775,0.0009777248,0.37867364,0.010203736834228039,0.21109012,0.7751943,0.5
fp_1301,0.2025405466556549,0.0077451816760003,0.0019443631,0.36839446,0.011655631475150585,0.17344631,0.8021172,0.5
fp_1302,0.20141422748565674,0.0142117394134402,0.0019792318,0.7354653,0.004478422459214926,0.19321121,0.8208368,0.5
fp_1303,0.19583308696746826,0.0061763310804963,0.0024896562,0.4879493,0.004789931233972311,0.19393389,0.7664715,0.5
fp_1304,0.1484082192182541,0.0145359886810183,0.0009907484,0.35114318,0.012304071336984634,0.10465082,0.8094538,0.5
fp_1305,0.24637556076049805,0.0068653025664389,0.0025180876,0.21129635,0.012590069323778152,0.22088528,0.8038833,0.5
fp_1306,0.11526989191770554,0.0471815727651119,0.0011749566,0.23315683,0.03002971038222313,0.10291225,0.824214,0.5
fp_1307,0.21338391304016113,0.0068001272156834,0.002438426,0.2976283,0.019990479573607445,0.18681127,0.8121191,0.5
fp_1308,0.07371385395526886,0.009256706573069,0.00127092,0.63582313,0.009846210479736328,0.1119065,0.8718519,0.5
fp_1309,0.16493569314479828,0.0062743993476033,0.0027228892,0.49234742,0.012264023534953594,0.17990613,0.7992146,0.5
fp_1310,0.11482837796211243,0.020312450826168,0.0012810528,0.33993608,0.019075164571404457,0.116934046,0.8128841,0.5
fp_1311,0.17722155153751373,0.0120134502649307,0.002148807,0.38655773,0.017863724380731583,0.16205093,0.83846337,0.5
fp_1312,0.07366038858890533,0.0158698745071887,0.0011417866,0.504172,0.014420509338378906,0.13144568,0.8448385,0.5
fp_1313,0.2097090780735016,0.0072811185382306,0.0020266175,0.36122164,0.011491535231471062,0.14615689,0.81489223,0.5
fp_1314,0.11513708531856537,0.0177828725427389,0.0013771355,0.29838353,0.023425593972206116,0.021369884,0.83578694,0.5
fp_1315,0.3133721947669983,0.0052589708939194,0.0018635094,0.40512004,0.010512813925743103,0.15094915,0.78791344,0.5
fp_1316,0.1477082073688507,0.0131038203835487,0.0013881922,0.37211174,0.015538985840976238,0.09164225,0.8541036,0.5
fp_1317,0.20557951927185059,0.00597161706537,0.0034445822,0.397039,0.005702380556613207,0.1917514,0.79687095,0.5
fp_1318,0.17964600026607513,0.0426334477961063,0.00096160173,0.37461528,0.01233425922691822,0.10715717,0.80432534,0.5
fp_1319,0.1940518170595169,0.0052256900817155,0.002173245,0.7566528,0.012680736370384693,0.20966752,0.8023945,0.5
fp_1320,0.19534477591514587,0.1243164539337158,0.0022957623,0.48600006,0.012829085811972618,0.14722806,0.87210894,0.5
fp_1321,0.2716771066188812,0.0033712573349475,0.0022466183,0.3515908,0.004145649261772633,0.15741774,0.7858526,0.5
fp_1322,0.21711976826190948,0.0390611588954925,0.002491653,0.489645,0.004623356740921736,0.14968622,0.872272,0.5
fp_1323,0.21853430569171906,0.0046457471325993,0.0021098256,0.7284373,0.009338753297924995,0.19827862,0.7980983,0.5
fp_1324,0.1278841197490692,0.0243209153413772,0.0044898987,0.27582723,0.015317359939217567,0.14948921,0.8588318,0.5
fp_1325,0.29494404792785645,0.0187475476413965,0.0022076964,0.66311246,0.025639431551098824,0.17629741,0.8113184,0.5
fp_1326,0.17352037131786346,0.0407721661031246,0.0034459531,0.26049802,0.024397755041718483,0.11706807,0.7952256,0.5
fp_1327,0.23791055381298065,0.0049341372214257,0.0020630658,0.60127306,0.007601321209222078,0.21362896,0.81073886,0.5
fp_1328,0.09867861121892929,0.0396850779652595,0.004279226,0.29653233,0.016025975346565247,0.093046695,0.80171573,0.5
fp_1329,0.24892130494117737,0.0108678024262189,0.001997441,0.20546702,0.015288655646145344,0.15354061,0.7906399,0.5
fp_1330,0.18779775500297546,0.0155004383996129,0.0027487576,0.3378169,0.02318497933447361,0.12463631,0.8712774,0.5
fp_1331,0.1823965609073639,0.0045284423977136,0.0021078289,0.23367265,0.013058377429842949,0.17384298,0.79989904,0.5
fp_1332,0.13943779468536377,0.1077289879322052,0.0028342605,0.21885888,0.015090775676071644,0.16449206,0.82109886,0.5
fp_1333,0.18867433071136475,0.0081758294254541,0.0020102262,0.43028396,0.01701938733458519,0.2147087,0.81508565,0.5
fp_1334,0.13922786712646484,0.0586412549018859,0.0028814673,0.35764658,0.01139820460230112,0.1286336,0.84159935,0.5
fp_1335,0.2628525495529175,0.0050160731188952,0.0022690296,0.502557,0.014971972443163395,0.15627922,0.8052174,0.5
fp_1336,0.14617273211479187,0.0145741943269968,0.00430128,0.23119667,0.007819742895662785,0.17148222,0.82942396,0.5
fp_1337,0.21334856748580933,0.0065705706365406,0.0021700263,0.7074801,0.010877427645027637,0.21980587,0.8058512,0.5
fp_1338,0.31167250871658325,0.0568663440644741,0.0015908182,0.32117906,0.02000569924712181,0.1462514,0.8433904,0.5
fp_1339,0.12764543294906616,0.1082386523485183,0.0022457838,0.7290676,0.01469251699745655,0.21730714,0.804705,0.5
fp_1340,0.13744573295116425,0.0055766822770237,0.0019002557,0.37391502,0.017676742747426033,0.13456361,0.8452084,0.5
fp_1341,0.18153975903987885,0.1907061636447906,0.0021570027,0.6584732,0.004644188564270735,0.24839237,0.7731628,0.5
fp_1342,0.1895037293434143,0.1514660865068435,0.0025846362,0.3998214,0.007443358190357685,0.17302215,0.8687119,0.5
fp_1343,0.1402272880077362,0.1477138102054596,0.0036085248,0.38486642,0.013819394633173943,0.23963913,0.79785705,0.5
fp_1344,0.13636808097362518,0.0266833566129207,0.0022750795,0.2877429,0.020225392654538155,0.072309904,0.8479908,0.5
fp_1345,0.12485696375370026,0.1203094348311424,0.0027700663,0.44693398,0.018392406404018402,0.192859,0.7760123,0.5
fp_1346,0.16623015701770782,0.0290729384869337,0.002344638,0.13192482,0.03454018384218216,0.021930046,0.83574754,0.5
fp_1347,0.13722993433475494,0.131923109292984,0.0033195317,0.50917655,0.012155218049883842,0.19450235,0.80423707,0.5
fp_1348,0.1759965717792511,0.0442250743508338,0.0028251708,0.38619623,0.01976708322763443,0.08407303,0.77599216,0.5
fp_1349,0.12914015352725983,0.0660215318202972,0.0023989677,0.61359835,0.017418965697288513,0.23630366,0.8008754,0.5
fp_1350,0.12286505848169327,0.0457022935152053,0.002292484,0.49061823,0.017173392698168755,0.11176706,0.8655237,0.5
fp_1351,0.1525421291589737,0.1661712825298309,0.0023898482,0.5213417,0.012432084418833256,0.2544149,0.8014577,0.5
fp_1352,0.1750856339931488,0.0282152816653251,0.0023637414,0.18980949,0.018926061689853668,0.045812707,0.8160669,0.5
fp_1353,0.1502678096294403,0.1924836337566375,0.0021963418,0.5320243,0.011191146448254585,0.22727306,0.79135233,0.5
fp_1354,0.1894383281469345,0.0248684547841548,0.002601713,0.1645417,0.016941012814641,0.10328896,0.8512932,0.5
fp_1355,0.1729753315448761,0.1521702110767364,0.0033290982,0.49127373,0.0072764563374221325,0.17645642,0.78980017,0.5
fp_1356,0.17712712287902832,0.0218170080333948,0.0015457869,0.3679744,0.01943921484053135,0.12426793,0.8176201,0.5
fp_1357,0.16937324404716492,0.1069284826517105,0.002184838,0.7659753,0.013235426507890224,0.1894365,0.78759694,0.5
fp_1358,0.15543267130851746,0.0085120275616645,0.002278924,0.54643214,0.02324649505317211,0.14256182,0.8293652,0.5
fp_1359,0.11967116594314575,0.3780280947685241,0.0023362637,0.5612925,0.003979418892413378,0.21259588,0.78390706,0.5
fp_1360,0.13055506348609924,0.027586767449975,0.0026452541,0.33829433,0.024968136101961136,0.18345663,0.79995364,0.5
fp_1361,0.14581333100795746,0.2502790093421936,0.0022012591,0.77739125,0.009917092509567738,0.22096111,0.76963186,0.5
fp_1362,0.10911277681589127,0.0081091374158859,0.0029433072,0.38115302,0.03779248893260956,0.15383704,0.76045,0.5
fp_1363,0.15918782353401184,0.013178571127355,0.0022084117,0.72985756,0.031368546187877655,0.22774935,0.7896397,0.5
fp_1364,0.08405009657144547,0.0092526227235794,0.0032501519,0.41176605,0.023054635152220726,0.11748972,0.79825693,0.5
fp_1365,0.1489029824733734,0.2444566488265991,0.0021672845,0.7520892,0.013518687337636948,0.23864238,0.7985688,0.5
fp_1366,0.15244002640247345,0.0260270684957504,0.0021071434,0.65356463,0.03407837450504303,0.18003702,0.8136266,0.5
fp_1367,0.1450197398662567,0.11477991938591,0.002373308,0.4437422,0.016311580315232277,0.23346645,0.7988425,0.5
fp_1368,0.17955182492733002,0.0100683625787496,0.002047807,0.640112,0.02156127244234085,0.1244725,0.7587027,0.5
fp_1369,0.14834453165531158,0.1690423786640167,0.002247274,0.66577756,0.013983775861561298,0.19266525,0.7945367,0.5
fp_1370,0.2336595505475998,0.0102857379242777,0.0022200346,0.3254003,0.019252367317676544,0.17402014,0.8328427,0.5
fp_1371,0.13743574917316437,0.1455897688865661,0.0021616817,0.5059848,0.020607799291610718,0.16429919,0.8010423,0.5
fp_1372,0.09763508290052414,0.1153971925377845,0.0024987757,0.5824267,0.014641384594142437,0.1428105,0.7602514,0.5
fp_1373,0.15585444867610931,0.2891478240489959,0.0021852255,0.683027,0.017116103321313858,0.18914865,0.79857594,0.5
fp_1374,0.1678435057401657,0.0110986204817891,0.0021174252,0.32681507,0.030209355056285858,0.14979981,0.8343241,0.5
fp_1375,0.13893689215183258,0.3136627078056335,0.0021853745,0.7524277,0.01295959111303091,0.19393101,0.79565483,0.5
fp_1376,0.0011130827479064465,0.1031300798058509,0.0012850463,0.9983765,0.017793260514736176,0.020100202,0.18541825,0.0
fp_1377,9.113289706874639e-05,0.0366794392466545,0.0012874007,0.4872356,0.04105750471353531,0.017140096,0.16633175,0.0
fp_1378,0.000175820488948375,0.6196328401565552,0.0010606349,0.5224995,0.006616633851081133,0.018335966,0.20082265,0.0
fp_1379,0.005060605704784393,0.0259142611175775,0.0012652576,0.7423903,0.0182085819542408,0.0131932385,0.20855546,0.0
fp_1380,6.90898741595447e-05,0.6197488307952881,0.0012385547,0.6003345,0.0007351214881055057,0.014367332,0.2603954,0.0
fp_1381,0.0019263550639152527,0.3230268359184265,0.0014821589,0.46539778,0.054772716015577316,0.03089023,0.16992271,0.0
fp_1382,0.0028629451990127563,0.5029456615447998,0.0013837218,0.38238063,0.00788645725697279,0.024619104,0.24211997,0.0
fp_1383,0.0039032171480357647,0.0154840312898159,0.0010291636,0.22550794,0.0935988798737526,0.02112744,0.17050704,0.0
fp_1384,0.00014022382674738765,0.2496826499700546,0.0013155341,0.44570288,0.013612266629934311,0.016581068,0.2798468,0.0
fp_1385,0.00012076175335096195,0.0881009325385093,0.0011849701,0.74895597,0.03468034043908119,0.023687156,0.20031612,0.0
fp_1386,4.455423550098203e-05,0.2369826287031173,0.0015897155,0.5081121,0.00652899406850338,0.004884998,0.1977361,0.0
fp_1387,0.0009019240387715399,0.0243031792342662,0.0012726188,0.66358954,0.07404163479804993,0.024988363,0.22519355,0.0
fp_1388,0.019549258053302765,0.2678406536579132,0.0012061298,0.5355571,0.011810765601694584,0.022973774,0.20805264,0.0
fp_1389,0.0005552491638809443,0.0547781251370906,0.0011807382,0.7184544,0.06079418212175369,0.028885188,0.15016796,0.0
fp_1390,0.00012256608169991523,0.6201901435852051,0.00132671,0.47167474,0.004741633776575327,0.01691634,0.2673992,0.0
fp_1391,0.00028208328876644373,0.2719120681285858,0.0011148155,0.24536459,0.041683364659547806,0.024967844,0.2043958,0.0
fp_1392,0.00220108381472528,0.5433467030525208,0.0010377765,0.43764773,0.00417661527171731,0.013416332,0.24200116,0.0
fp_1393,0.0036065918393433094,0.2874585390090942,0.0012986362,0.36801285,0.02789461240172386,0.02156175,0.16835056,0.0
fp_1394,3.743288471014239e-05,0.2322953790426254,0.0015351772,0.59007734,0.002482758369296789,0.020824043,0.2353614,0.0
fp_1395,0.003074371488764882,0.082208439707756,0.0012457073,0.5339261,0.04528540372848511,0.018995,0.16435467,0.0
fp_1396,0.0003972277045249939,0.2740814387798309,0.0009951293,0.45049104,0.008987033739686012,0.023633538,0.15540494,0.0
fp_1397,0.008719595149159431,0.466771125793457,0.0012571216,0.77050614,0.009653680957853794,0.014772217,0.2617143,0.0
fp_1398,9.704902913654223e-05,0.2678484916687011,0.00091156363,0.60110295,0.005964683368802071,0.026809724,0.20999107,0.0
fp_1399,0.00594617985188961,0.4213443100452423,0.0013047159,0.7485479,0.004630333743989468,0.014098772,0.20308384,0.0
fp_1400,0.00032667737104929984,0.6173548698425293,0.0013611019,0.50498545,0.0017414212925359607,0.01587085,0.26988363,0.0
fp_1401,0.0009300262900069356,0.5052798986434937,0.0014854372,0.6226541,0.016452951356768608,0.012379453,0.21119912,0.0
fp_1402,8.937430538935587e-05,0.0464726090431213,0.0010470748,0.5576497,0.0076229264959692955,0.028768653,0.15274958,0.0
fp_1403,0.0035628220066428185,0.477735310792923,0.0016648769,0.60843277,0.034963980317115784,0.009752434,0.30926105,0.0
fp_1404,0.0005774427554570138,0.2612594962120056,0.0009660721,0.75432414,0.02219546213746071,0.02018697,0.16021833,0.0
fp_1405,0.00010997382923960686,0.4900615513324737,0.0013003945,0.6136624,0.01165501493960619,0.007027174,0.31429192,0.0
fp_1406,3.227514389436692e-05,0.068778172135353,0.0010770857,0.66785777,0.002535237930715084,0.011950214,0.2805757,0.0
fp_1407,0.00013677746756002307,0.496703565120697,0.0013596714,0.7249824,0.030042726546525955,0.013297021,0.2415001,0.0
fp_1408,0.00013433198910206556,0.2668449878692627,0.0011903942,0.44155985,0.010628285817801952,0.016239839,0.28582186,0.0
fp_1409,0.007007109001278877,0.4883197247982025,0.0013053119,0.64187646,0.01388827245682478,0.021126186,0.30278966,0.0
fp_1410,7.380513125099242e-05,0.2434751540422439,0.0010341108,0.5140521,0.008461550809442997,0.020479714,0.19842361,0.0
fp_1411,0.0010989278089255095,0.0296750552952289,0.0012997687,0.59475225,0.012876136228442192,0.019553231,0.17996806,0.0
fp_1412,3.2474406907567754e-05,0.6128851175308228,0.0011112094,0.53990805,0.03344637528061867,0.02392593,0.1737947,0.0
fp_1413,0.002399250864982605,0.0737634375691413,0.001616925,0.711027,0.0038204584270715714,0.016481388,0.31261405,0.0
fp_1414,0.00018807766900863498,0.619681715965271,0.0010087788,0.450034,0.006712393835186958,0.020394636,0.20632523,0.0
fp_1415,0.01168312318623066,0.2068685293197631,0.000874877,0.6220079,0.017003288492560387,0.010704089,0.21046309,0.0
fp_1416,0.00022329135390464216,0.6198842525482178,0.0013673007,0.5390202,0.021814720705151558,0.0133449845,0.16091377,0.0
fp_1417,0.00013251813652459532,0.5108917951583862,0.0011250079,0.71688515,0.012816278263926506,0.014805641,0.30100006,0.0
fp_1418,0.0005933353677392006,0.1302267014980316,0.0014193952,0.6753672,0.00615055812522769,0.009087772,0.17116834,0.0
fp_1419,0.0011442814720794559,0.0393428914248943,0.0013422966,0.69870067,0.0030808893498033285,0.0134502305,0.23605768,0.0
fp_1420,0.001703773275949061,0.1205974221229553,0.0029444098,0.45163983,0.020640738308429718,0.010222647,0.14132087,0.0
fp_1421,0.007991974242031574,0.0923529639840126,0.0011332333,0.7019952,0.009343889541924,0.007105593,0.23183468,0.0
fp_1422,0.000489917816594243,0.0804414600133895,0.0017601252,0.5153892,0.037713613361120224,0.014176477,0.24583338,0.0
fp_1423,0.0027927388437092304,0.5059208273887634,0.0012916625,0.6424001,0.03265644609928131,0.011726068,0.22959119,0.0
fp_1424,7.057213952066377e-05,0.0942902415990829,0.0028098822,0.4707029,0.023915719240903854,0.006050986,0.17749134,0.0
fp_1425,0.001932461280375719,0.0485763028264045,0.0012951493,0.7493617,0.004497028421610594,0.011432337,0.3044605,0.0
fp_1426,0.0007870301487855613,0.0883335173130035,0.0014997423,0.6188482,0.03174140676856041,0.011184416,0.1402557,0.0
fp_1427,0.002701578428968787,0.438114583492279,0.0012665391,0.7116246,0.01827218383550644,0.012718217,0.31483883,0.0
fp_1428,0.0006483006291091442,0.6220605969429016,0.0021222532,0.60433996,0.017708465456962585,0.018192438,0.22996578,0.0
fp_1429,0.0005845563136972487,0.4363527297973633,0.001334101,0.43023562,0.011763050220906734,0.013438093,0.3000558,0.0
fp_1430,0.00036582237225957215,0.0640097260475158,0.0014495254,0.53130734,0.019025292247533798,0.016133683,0.16296719,0.0
fp_1431,0.001468293135985732,0.1390448063611984,0.0013649166,0.72122246,0.010327319614589214,0.010779868,0.18571073,0.0
fp_1432,0.0002689186076167971,0.1599887758493423,0.0032690465,0.6310112,0.005847077816724777,0.014647073,0.18229681,0.0
fp_1433,0.006872952915728092,0.092550128698349,0.00093844533,0.6547071,0.011223247274756432,0.013024866,0.28256583,0.0
fp_1434,0.0009470107615925372,0.0735941231250763,0.0011329651,0.75054157,0.03331565856933594,0.013308663,0.12223628,0.0
fp_1435,0.006890620104968548,0.536916196346283,0.001093626,0.7425889,0.003916517831385136,0.012824975,0.21687075,0.0
fp_1436,6.607305840589106e-05,0.0702728927135467,0.0014846027,0.5619937,0.00409675482660532,0.010396239,0.18254435,0.0
fp_1437,0.002818297129124403,0.5401354432106018,0.0009955764,0.74860233,0.0013558915816247463,0.010556763,0.2646319,0.0
fp_1438,0.00036249897675588727,0.3234589099884033,0.0012805164,0.7614377,0.02552221715450287,0.01927774,0.1495547,0.0
fp_1439,0.00013986515114083886,0.5287992358207703,0.0011683702,0.45515904,0.00307923904620111,0.009944072,0.25417724,0.0
fp_1440,0.001214946387335658,0.0651915445923805,0.0014662147,0.5669503,0.03704392910003662,0.006594034,0.13138838,0.0
fp_1441,0.0018690277356654406,0.5297905802726746,0.001317352,0.5551527,0.006958152633160353,0.014214331,0.2542119,0.0
fp_1442,0.00024012167705222964,0.2016890496015548,0.0011312664,0.66217864,0.011233756318688393,0.01093231,0.22434705,0.0
fp_1443,0.00023465967387892306,0.530660092830658,0.0012880266,0.6449067,0.00418104836717248,0.00825715,0.1914733,0.0
fp_1444,0.0024951917584985495,0.1604078412055969,0.0015906394,0.42154613,0.03702007979154587,0.008756801,0.27908167,0.0
fp_1445,0.0003831622889265418,0.4589168429374695,0.0010325909,0.69148445,0.006601112894713879,0.012433565,0.22729363,0.0
fp_1446,0.001673133228905499,0.1044810935854911,0.0011527538,0.53100765,0.026332268491387367,0.012589417,0.13076626,0.0
fp_1447,0.0033342912793159485,0.5386568307876587,0.0009819269,0.5698148,0.0031196465715765953,0.009005917,0.25110856,0.0
fp_1448,0.0002970440255012363,0.1102867200970649,0.0014694333,0.41626626,0.02338327467441559,0.012090881,0.16853413,0.0
fp_1449,0.0015260311774909496,0.5338019728660583,0.0011461377,0.57073706,0.0036286180838942528,0.013712777,0.23337393,0.0
fp_1450,0.00022980011999607086,0.2624357938766479,0.0015934706,0.6300445,0.017224162817001343,0.013600913,0.12283622,0.0
fp_1451,0.0012246053665876389,0.5288816094398499,0.0011467338,0.70756793,0.0012789078755304217,0.0075641074,0.23833308,0.0
fp_1452,0.0001579185773152858,0.1109958738088607,0.001060456,0.72410434,0.017565442249178886,0.0194332,0.17627133,0.0
fp_1453,0.004698227159678936,0.5309768915176392,0.0012779236,0.7517972,0.0033204611390829086,0.011420109,0.18734533,0.0
fp_1454,0.0023151403293013573,0.0856042429804802,0.0005713403,0.69077355,0.02133088745176792,0.018930582,0.19956708,0.0
fp_1455,0.0003819074481725693,0.0794965699315071,0.001213491,0.7996388,0.00294561218470335,0.012093314,0.21522492,0.0
fp_1456,0.0007636488298885524,0.0679249316453933,0.001160264,0.756055,0.006797074805945158,0.02676437,0.16380325,0.0
fp_1457,0.0024972385726869106,0.5402787923812866,0.0010128021,0.6831567,0.0007540879887528718,0.01148398,0.26954654,0.0
fp_1458,0.012458070181310177,0.040650226175785,0.0012730956,0.62590086,0.019405828788876534,0.017271616,0.1463903,0.0
fp_1459,0.003850411158055067,0.537399411201477,0.0011835694,0.75242794,0.0028834324330091476,0.0063896226,0.18678558,0.0
fp_1460,0.003620765171945095,0.0432221628725528,0.00133425,0.6175989,0.04292478784918785,0.022288062,0.18920203,0.0
fp_1461,0.0002586366608738899,0.5381138324737549,0.0012050271,0.77622217,0.002679588505998254,0.014673097,0.25495785,0.0
fp_1462,0.00011442007962614298,0.0298909582197666,0.0009796023,0.5397389,0.024254318326711655,0.027527247,0.16091071,0.0
fp_1463,0.0022130084689706564,0.5214348435401917,0.0010136962,0.55365264,0.006376361474394798,0.012297223,0.24704453,0.0
fp_1464,0.0061787492595613,0.023289781063795,0.0011567771,0.7301549,0.035681333392858505,0.023480985,0.15838766,0.0
fp_1465,0.002510014921426773,0.5353220701217651,0.0011207461,0.7084366,0.004830915946513414,0.008937727,0.22607093,0.0
fp_1466,0.007441022899001837,0.0634373575448989,0.0010189712,0.5394394,0.02222159504890442,0.014818813,0.13634819,0.0
fp_1467,0.0005579510470852256,0.5395787358283997,0.0012416542,0.5860024,0.015284671448171139,0.014989846,0.1827315,0.0
fp_1468,5.034688365412876e-05,0.0197094194591045,0.0012219846,0.7174927,0.006527457386255264,0.02071905,0.17546323,0.0
fp_1469,0.0002750917919911444,0.535434901714325,0.0011193752,0.79026616,0.006725301034748554,0.0077907066,0.21794257,0.0
fp_1470,0.0029886499978601933,0.0630187839269638,0.0005516708,0.5534732,0.022693388164043427,0.020892125,0.16030195,0.0
fp_1471,0.004938894417136908,0.5370103716850281,0.001278162,0.7473933,0.002950972178950906,0.010799579,0.20814966,0.0
fp_1472,0.0006711194873787463,0.0287670623511075,0.0005863607,0.59514713,0.012858813628554344,0.015858715,0.20733671,0.0
fp_1473,0.008129936642944813,0.0264965184032917,0.0011426806,0.58675164,0.022509468719363213,0.01612373,0.18366377,0.0
fp_1474,0.004327354021370411,0.0332216173410415,0.0011719465,0.7381584,0.004526540637016296,0.022524247,0.16878241,0.0
fp_1475,0.0053436229936778545,0.0220123473554849,0.001458168,0.6264447,0.006415169686079025,0.012323401,0.1912005,0.0
fp_1476,0.0005947400932200253,0.0319816619157791,0.00059607625,0.62777585,0.020599404349923134,0.04554137,0.17261265,0.0
fp_1477,0.00023233875981532037,0.0212733335793018,0.0014677644,0.43031365,0.020829852670431137,0.010841727,0.17561586,0.0
fp_1478,0.00024959136499091983,0.0702913478016853,0.0007017851,0.4093767,0.03588082641363144,0.034325093,0.16314134,0.0
fp_1479,0.0022794019896537066,0.0204587802290916,0.0014174283,0.5132207,0.037313312292099,0.010412421,0.15469857,0.0
fp_1480,3.375257438165136e-05,0.0219974052160978,0.0007663071,0.7514469,0.013370292261242867,0.032136295,0.13632739,0.0
fp_1481,0.0006348259630613029,0.0195548981428146,0.0016036332,0.6328721,0.025475718080997467,0.006793609,0.18500626,0.0
fp_1482,0.000673336791805923,0.0373096279799938,0.0007724166,0.6477765,0.03394732624292374,0.043778677,0.20673001,0.0
fp_1483,0.0009198319166898727,0.0301830619573593,0.0012566447,0.5819368,0.030300628393888474,0.010420364,0.1529389,0.0
fp_1484,0.00024365668650716543,0.0328720845282077,0.00068989396,0.6891502,0.026278948411345482,0.02868594,0.14709723,0.0
fp_1485,0.00712595833465457,0.0252294037491083,0.0011831522,0.5631985,0.01722165197134018,0.014753213,0.17081268,0.0
fp_1486,0.00013784036855213344,0.036017470061779,0.000821501,0.36714068,0.03513241931796074,0.020584507,0.1622026,0.0
fp_1487,0.0019188575679436326,0.0181563608348369,0.0010910034,0.64122975,0.019589636474847794,0.014009665,0.19061148,0.0
fp_1488,0.00041042224620468915,0.0312337446957826,0.00082832575,0.53646576,0.013331306166946888,0.015868764,0.13515498,0.0
fp_1489,0.0032519488595426083,0.0198926571756601,0.0020000637,0.5867561,0.005458487663418055,0.014892457,0.18384592,0.0
fp_1490,0.0043006823398172855,0.0814145505428314,0.0005784631,0.6094136,0.015804529190063477,0.07438255,0.18133402,0.0
fp_1491,0.007759985979646444,0.0185040868818759,0.0012837648,0.782518,0.0199208315461874,0.018000457,0.17736559,0.0
fp_1492,0.010547283105552197,0.1244019418954849,0.0013445616,0.6415649,0.025392884388566017,0.009039343,0.13288331,0.0
fp_1493,0.0029973099008202553,0.0130824763327836,0.0013121068,0.5412378,0.004956278018653393,0.017202051,0.18685925,0.0
fp_1494,0.007067565340548754,0.0609759427607059,0.0014616847,0.646104,0.0060409968718886375,0.010847947,0.1596286,0.0
fp_1495,0.0072183432057499886,0.0169219560921192,0.0012444258,0.7779397,0.013031477108597755,0.0171765,0.18108915,0.0
fp_1496,0.0052869077771902084,0.0446209758520126,0.0026222765,0.49198332,0.019911989569664,0.00861758,0.1583208,0.0
fp_1497,0.002265429822728038,0.0407357439398765,0.0013037324,0.7171122,0.03797614946961403,0.019554505,0.1777162,0.0
fp_1498,0.005117520224303007,0.0656268522143364,0.002010703,0.48252177,0.03647030144929886,0.022647204,0.17925042,0.0
fp_1499,0.0007980387890711427,0.0173798333853483,0.0012148619,0.69145143,0.011151366867125034,0.015571787,0.16797274,0.0
fp_1500,0.00015957135474309325,0.0662094578146934,0.0024878979,0.47431922,0.02978650853037834,0.03347104,0.18323125,0.0
fp_1501,0.0021505714394152164,0.0267726425081491,0.001173079,0.4362685,0.038054827600717545,0.013091641,0.18347089,0.0
fp_1502,0.005894387140870094,0.026614150032401,0.0016082227,0.5458997,0.03455890342593193,0.039163396,0.10292351,0.0
fp_1503,0.003124954178929329,0.0165542718023061,0.0012432039,0.4763115,0.02881297655403614,0.012612063,0.1793813,0.0
fp_1504,0.00279683037661016,0.132933959364891,0.0016596317,0.44576055,0.019337661564350128,0.016562944,0.17629918,0.0
fp_1505,0.0024615698494017124,0.0269255749881267,0.0011833012,0.5114254,0.023182343691587448,0.018249154,0.17010963,0.0
fp_1506,0.010101012885570526,0.0790662840008735,0.0016849935,0.59391165,0.02078138291835785,0.006682227,0.15066083,0.0
fp_1507,0.0011301221093162894,0.0165938157588243,0.0013336837,0.62268555,0.01616169512271881,0.020245334,0.17434482,0.0
fp_1508,0.0009570139227434993,0.02820960059762,0.0025001466,0.5063436,0.006287956610321999,0.02015902,0.17662507,0.0
fp_1509,0.0071558235213160515,0.0217159949243068,0.0012817383,0.76973355,0.015872392803430557,0.018114079,0.17341813,0.0
fp_1510,0.020658450201153755,0.0742545276880264,0.00094616413,0.4646852,0.02587609551846981,0.02467143,0.1458447,0.0
fp_1511,0.003284880891442299,0.2253143489360809,0.0013259351,0.7628406,0.02775859460234642,0.02167538,0.17675199,0.0
fp_1512,0.0016277279937639832,0.0140842320397496,0.0011229813,0.52217233,0.018708549439907074,0.016871547,0.14908779,0.0
fp_1513,0.0027486728504300117,0.3188690543174743,0.0012730658,0.74171335,0.005854127928614616,0.017109286,0.18497479,0.0
fp_1514,0.009136923588812351,0.2565834820270538,0.001514852,0.5818373,0.007784005254507065,0.024546187,0.15943049,0.0
fp_1515,0.0004597972147166729,0.2663195431232452,0.0021080375,0.6206344,0.021499432623386383,0.014425478,0.19057743,0.0
fp_1516,0.004386303946375847,0.0476431623101234,0.0013386309,0.44817933,0.028495969250798225,0.07512847,0.14722015,0.0
fp_1517,0.001229477347806096,0.2045639902353286,0.0016247928,0.64629966,0.031849510967731476,0.011321934,0.18818752,0.0
fp_1518,0.00887727364897728,0.046382550150156,0.0013745725,0.2746594,0.04256110638380051,0.016965408,0.14609952,0.0
fp_1519,0.0008414884796366096,0.2258743196725845,0.0019388199,0.7075246,0.023731941357254982,0.00989364,0.18932815,0.0
fp_1520,0.004274097271263599,0.0576769709587097,0.0016508102,0.5955324,0.04226471483707428,0.04154041,0.21068297,0.0
fp_1521,0.0010117393685504794,0.1094648316502571,0.0014083087,0.7173058,0.027977684512734413,0.014248783,0.17979026,0.0
fp_1522,0.002189677208662033,0.0746442899107933,0.0013453066,0.6761972,0.02235659956932068,0.010078639,0.14757271,0.0
fp_1523,0.0038667437620460987,0.2984864115715027,0.0014007986,0.6600357,0.017401378601789474,0.016909204,0.17993096,0.0
fp_1524,0.000792794453445822,0.0403095819056034,0.0013921857,0.32209235,0.024809682741761208,0.010788301,0.16410321,0.0
fp_1525,0.0013321019941940904,0.2979860007762909,0.0012975633,0.68356925,0.018830588087439537,0.020154187,0.18933219,0.0
fp_1526,0.008048594929277897,0.0478078424930572,0.001522094,0.31535953,0.02119053341448307,0.029189073,0.14493307,0.0
fp_1527,0.0017065589781850576,0.2493482232093811,0.0019465387,0.6976438,0.008074164390563965,0.01246396,0.1728665,0.0
fp_1528,0.005777736660093069,0.0455219559371471,0.00091946125,0.5012316,0.02012534625828266,0.022687577,0.15350932,0.0
fp_1529,0.003695791121572256,0.1823274493217468,0.0012907982,0.78751135,0.02110232226550579,0.018857146,0.20371294,0.0
fp_1530,0.0060092611238360405,0.0224626474082469,0.0013413131,0.7028608,0.05870477482676506,0.024373036,0.14961775,0.0
fp_1531,0.0013125119730830193,0.4595502316951751,0.0013755858,0.6885467,0.004889742471277714,0.020170609,0.18086515,0.0
fp_1532,0.004973465111106634,0.0481823161244392,0.0015613437,0.5771193,0.052056316286325455,0.014306135,0.18773651,0.0
fp_1533,0.003384153125807643,0.375961571931839,0.0012995899,0.78681195,0.013781682588160038,0.015614085,0.19148621,0.0
fp_1534,0.00040453721885569394,0.0195604022592306,0.0017355084,0.61693984,0.09107602387666702,0.027967107,0.23544389,0.0
fp_1535,0.0013961037620902061,0.0298227500170469,0.0012996793,0.77038676,0.04383989796042442,0.01780821,0.20014907,0.0
fp_1536,4.036238897242583e-05,0.0216840859502553,0.0018681884,0.5364464,0.05416977405548096,0.0066972747,0.19621581,0.0
fp_1537,0.0007523161475546658,0.3567411303520202,0.0012798309,0.76578814,0.024696631357073784,0.022602178,0.18128628,0.0
fp_1538,0.0002382232778472826,0.0441996492445468,0.0012457073,0.7315198,0.07689883559942245,0.026393684,0.17057851,0.0
fp_1539,0.0008946748566813767,0.1831513047218322,0.001398772,0.6750279,0.038681190460920334,0.013947169,0.18036889,0.0
fp_1540,0.002109099645167589,0.0250314492732286,0.0012081861,0.724253,0.04520145058631897,0.018472057,0.22850265,0.0
fp_1541,0.0011801348300650716,0.294160932302475,0.0013259351,0.7329363,0.03388592600822449,0.014799514,0.19518124,0.0
fp_1542,0.0018373618368059397,0.0283907782286405,0.001319021,0.5764299,0.042491521686315536,0.033588614,0.16261926,0.0
fp_1543,0.002249748446047306,0.2595789134502411,0.001274854,0.60055435,0.02990931272506714,0.020926472,0.19160202,0.0
fp_1544,0.00010642084816936404,0.1916685700416565,0.0014701784,0.66588956,0.022156767547130585,0.024378248,0.2230759,0.0
fp_1545,0.0009995577856898308,0.4022001326084137,0.0012844503,0.75674057,0.018961260095238686,0.018084398,0.19766565,0.0
fp_1546,0.0052373409271240234,0.0279969163239002,0.0012284815,0.46958393,0.0666964203119278,0.018147405,0.15762936,0.0
fp_1547,0.0033630928955972195,0.4045764505863189,0.001291126,0.78643227,0.02281944267451763,0.018293563,0.19866402,0.0
fp_1548,0.02090154029428959,0.2445101737976074,0.03167212,0.9604689,0.013471703976392746,0.004259264,0.20224582,0.0
fp_1549,0.003274862188845873,0.0966027677059173,0.031898916,0.4383638,0.030906731262803078,0.018940343,0.18386915,0.0
fp_1550,0.009981676004827023,0.611957848072052,0.026367724,0.42653942,0.004455928690731525,0.0068369005,0.2199811,0.0
fp_1551,0.13285762071609497,0.0700721517205238,0.031368643,0.8353092,0.01376382540911436,0.0045086923,0.2228607,0.0
fp_1552,0.0036172932013869286,0.6120747327804565,0.030260831,0.6589066,0.0005336918402463198,0.0062351907,0.2840334,0.0
fp_1553,0.04476902261376381,0.5026848912239075,0.036361516,0.3803234,0.04205605760216713,0.3114116,0.18875945,0.0
fp_1554,0.04174846410751343,0.6309540867805481,0.034162104,0.28203005,0.0054214587435126305,0.0057129017,0.25140983,0.0
fp_1555,0.05258295312523842,0.0426624603569507,0.024757832,0.18073452,0.07905039936304092,0.010652345,0.19619477,0.0
fp_1556,0.0066602472215890884,0.6792455315589905,0.03286454,0.32484725,0.009516241028904915,0.006058087,0.29240394,0.0
fp_1557,0.0038687605410814285,0.213484913110733,0.029460758,0.76647484,0.026299331337213516,0.0123747075,0.20847751,0.0
fp_1558,0.002477798843756318,0.656386137008667,0.040506274,0.424476,0.004398745018988848,0.0017197897,0.21278135,0.0
fp_1559,0.026395712047815323,0.065788060426712,0.031710744,0.6035333,0.05729471892118454,0.011410042,0.23516843,0.0
fp_1560,0.030584946274757385,0.6889312863349915,0.029721677,0.47874898,0.008308377116918564,0.006316017,0.22321211,0.0
fp_1561,0.01405757199972868,0.140325665473938,0.02936542,0.7002839,0.04624579846858978,0.014226103,0.16064693,0.0
fp_1562,0.006419404875487089,0.6125193238258362,0.03186813,0.42082968,0.0033059068955481052,0.003909474,0.27983975,0.0
fp_1563,0.006746938452124596,0.4486192762851715,0.027283013,0.195707,0.035009533166885376,0.021036197,0.22694466,0.0
fp_1564,0.08299630880355835,0.6042625904083252,0.02560106,0.38628718,0.0028666311409324408,0.0047039255,0.24871176,0.0
fp_1565,0.07425004988908768,0.4658688008785248,0.031692922,0.29261702,0.024155396968126297,0.006808931,0.18293926,0.0
fp_1566,0.002184769604355097,0.6345121264457703,0.037581414,0.5109336,0.0018241882789880037,0.007942016,0.26010883,0.0
fp_1567,0.06187263876199722,0.2010785192251205,0.030622363,0.46324915,0.03492433577775955,0.009830692,0.18056741,0.0
fp_1568,0.025098413228988647,0.6294407844543457,0.024750888,0.3240513,0.006176067981868982,0.008890905,0.17598984,0.0
fp_1569,0.17263244092464447,0.6738200187683105,0.030976415,0.8735925,0.007348664570599794,0.004794744,0.27920148,0.0
fp_1570,0.006852764170616865,0.6952350735664368,0.022484362,0.640218,0.004029472358524799,0.0069989986,0.22746132,0.0
fp_1571,0.10353603214025497,0.6013246178627014,0.032188088,0.85275143,0.0031847108621150255,0.004879053,0.22430071,0.0
fp_1572,0.015609577298164368,0.6096628308296204,0.03257534,0.48141408,0.001172486343421042,0.004086717,0.29107136,0.0
fp_1573,0.06344801187515259,0.6962066888809204,0.036668986,0.5026363,0.011939646676182747,0.005883823,0.22660473,0.0
fp_1574,0.004622795153409243,0.1208369061350822,0.025960118,0.54030675,0.005245453678071499,0.008065893,0.17535868,0.0
fp_1575,0.06718021631240845,0.6784270405769348,0.04072383,0.5840045,0.025861509144306183,0.004275114,0.32677194,0.0
fp_1576,0.04901401326060295,0.6903688311576843,0.02372861,0.8457448,0.017437493428587914,0.0069954763,0.17791784,0.0
fp_1577,0.004486401565372944,0.6852841377258301,0.030405968,0.52382785,0.008957319892942905,0.0037868747,0.32975155,0.0
fp_1578,0.00179229152854532,0.1727287024259567,0.026711404,0.6421715,0.0016992575256153941,0.009179502,0.2907154,0.0
fp_1579,0.005522478371858597,0.6967530250549316,0.03346947,0.81741345,0.02159477397799492,0.006314939,0.2522193,0.0
fp_1580,0.012651951983571053,0.6882518529891968,0.029563695,0.3559313,0.007030192296952009,0.0053374474,0.29794192,0.0
fp_1581,0.162872776389122,0.6872906684875488,0.032043427,0.63714623,0.009930255822837353,0.005523219,0.32021928,0.0
fp_1582,0.005139986518770456,0.4676746428012848,0.025713354,0.43375963,0.00568938534706831,0.0053063654,0.21665306,0.0
fp_1583,0.07980437576770782,0.0795543864369392,0.032043606,0.5926123,0.009429053403437138,0.006760988,0.19467475,0.0
fp_1584,0.0018075549742206931,0.6112286448478699,0.027187318,0.55067676,0.02442476712167263,0.00849476,0.1852557,0.0
fp_1585,0.03888414055109024,0.18342986702919,0.039908916,0.7785597,0.002866831375285983,0.012815362,0.33025226,0.0
fp_1586,0.01124862302094698,0.6120070815086365,0.025120378,0.33366823,0.004556351341307163,0.006401346,0.22409722,0.0
fp_1587,0.19877080619335175,0.3944689929485321,0.020956546,0.6450056,0.012951682321727276,0.0070889466,0.22802405,0.0
fp_1588,0.004329608287662268,0.6142333745956421,0.033931494,0.4646944,0.015956448391079903,0.0047950484,0.19913793,0.0
fp_1589,0.00689359987154603,0.6923492550849915,0.027499557,0.76444185,0.009267952293157578,0.008851571,0.3155827,0.0
fp_1590,0.013027048669755459,0.2899235188961029,0.034028888,0.6522377,0.004210150800645351,0.0037986326,0.21119249,0.0
fp_1591,0.08419930189847946,0.1034276485443115,0.033118844,0.7579099,0.002258668188005686,0.004238173,0.2576585,0.0
fp_1592,0.03867311775684357,0.278748869895935,0.069990665,0.32684183,0.015643900260329247,0.0051352484,0.16144584,0.0
fp_1593,0.18061231076717377,0.2226286679506302,0.027712941,0.7327565,0.007297694683074951,0.00515723,0.24562222,0.0
fp_1594,0.00669591361656785,0.197775736451149,0.043921858,0.39961642,0.029959002509713173,0.0082138255,0.25819215,0.0
fp_1595,0.16669456660747528,0.7053090929985046,0.031720847,0.6277255,0.025037048384547234,0.03192695,0.24515375,0.0
fp_1596,0.002167186699807644,0.2268417030572891,0.062146276,0.37134013,0.01795963943004608,0.0019600042,0.19561043,0.0
fp_1597,0.11146016418933868,0.1255283802747726,0.031920582,0.8661232,0.0034899418242275715,0.004960489,0.31592748,0.0
fp_1598,0.006335618440061808,0.2146442085504531,0.036578894,0.51759225,0.02430652268230915,0.0041373023,0.16993657,0.0
fp_1599,0.09828385710716248,0.6549952626228333,0.031184524,0.76460373,0.01428444404155016,0.0052411803,0.32843694,0.0
fp_1600,0.012319768778979778,0.6144040822982788,0.047254533,0.54674447,0.013543203473091125,0.0054650586,0.23964356,0.0
fp_1601,0.01625731587409973,0.6251747608184814,0.032898694,0.34179395,0.00978181604295969,0.0060504377,0.31313303,0.0
fp_1602,0.02471674047410488,0.1619957387447357,0.035623074,0.4512139,0.013710282742977142,0.0060000196,0.18237089,0.0
fp_1603,0.09286338090896606,0.3127837181091308,0.033462346,0.81478137,0.008429354056715965,0.028598135,0.20499367,0.0
fp_1604,0.008308200165629387,0.3492807745933532,0.07323265,0.5934682,0.004532478749752045,0.042733338,0.22135147,0.0
fp_1605,0.14156025648117065,0.2231015115976333,0.022619873,0.6879673,0.008377311751246452,0.004945552,0.29781514,0.0
fp_1606,0.047978248447179794,0.1835067123174667,0.027949363,0.82203454,0.025709956884384155,0.004856528,0.14127539,0.0
fp_1607,0.06858434528112411,0.6851146221160889,0.026768655,0.7551819,0.0026255405973643064,0.00890586,0.22723165,0.0
fp_1608,0.006940701510757208,0.1761868447065353,0.035210967,0.45001927,0.0031462933402508497,0.0026930994,0.22446854,0.0
fp_1609,0.042488690465688705,0.6876117587089539,0.024295598,0.83437663,0.0009424301097169518,0.0073286043,0.2701736,0.0
fp_1610,0.011944524943828583,0.5040845274925232,0.03131911,0.83835477,0.019758760929107666,0.0054698763,0.1943441,0.0
fp_1611,0.0055356998927891254,0.6926403641700745,0.028419524,0.34314948,0.0022131851874291897,0.0048854984,0.26701316,0.0
fp_1612,0.05278956517577171,0.1644376069307327,0.03598067,0.52446073,0.028911195695400238,0.0026625304,0.15811473,0.0
fp_1613,0.03039713390171528,0.6919378042221069,0.032803625,0.48914352,0.004972976632416248,0.007797362,0.26545095,0.0
fp_1614,0.00421289075165987,0.4071116745471954,0.028132617,0.57570046,0.008556360378861427,0.011028664,0.23582423,0.0
fp_1615,0.0058568669483065605,0.6908434629440308,0.030982554,0.5625995,0.0028334171511232853,0.0062018004,0.20787452,0.0
fp_1616,0.03075500763952732,0.3221645951271057,0.039688826,0.3293154,0.028314705938100815,0.0032957944,0.28872517,0.0
fp_1617,0.008097494021058083,0.6278130412101746,0.02534622,0.7675326,0.004815839231014252,0.008561588,0.23679794,0.0
fp_1618,0.009207124821841717,0.2475411146879196,0.02863586,0.44558877,0.020456518977880478,0.0044324095,0.14945203,0.0
fp_1619,0.04086996987462044,0.687778651714325,0.023932606,0.5592178,0.0021896043326705694,0.033260405,0.26147822,0.0
fp_1620,0.007408664096146822,0.2569953501224518,0.035241276,0.37663925,0.01974634826183319,0.0059589865,0.21842724,0.0
fp_1621,0.03613155707716942,0.6898801922798157,0.028256565,0.59915936,0.0023707582149654627,0.0071801986,0.24564022,0.0
fp_1622,0.008191201835870743,0.4366432726383209,0.03879392,0.62553513,0.014448856934905052,0.005488962,0.14079556,0.0
fp_1623,0.021544070914387703,0.6922489404678345,0.027748287,0.7078714,0.0009487257339060307,0.004580273,0.24468483,0.0
fp_1624,0.006924251560121775,0.2602827250957489,0.026170999,0.7879525,0.013620567508041859,0.007930998,0.19347954,0.0
fp_1625,0.05927911773324013,0.6899216175079346,0.031498402,0.80855846,0.0023038149811327457,0.004001663,0.20579787,0.0
fp_1626,0.021033169701695442,0.2086912393569946,0.013479918,0.698075,0.015362218953669071,0.0068367515,0.22234353,0.0
fp_1627,0.008327363058924675,0.1959331482648849,0.02987346,0.87908155,0.0020997528918087482,0.0039794208,0.228151,0.0
fp_1628,0.021196631714701653,0.1700725704431533,0.02878359,0.8587333,0.004948528483510017,0.052837547,0.17987095,0.0
fp_1629,0.05778627470135689,0.6811341643333435,0.024733186,0.6671358,0.0005360987852327526,0.0057267295,0.27376357,0.0
fp_1630,0.05905649811029434,0.106705255806446,0.03175634,0.506851,0.01499871350824833,0.022296723,0.17290823,0.0
fp_1631,0.053955476731061935,0.6922945380210876,0.029087663,0.8373955,0.0019725151360034943,0.003078443,0.19716547,0.0
fp_1632,0.02311929129064083,0.1130483746528625,0.03304249,0.54777145,0.033846475183963776,0.007757676,0.22751293,0.0
fp_1633,0.007058757357299328,0.6870453357696533,0.029611856,0.81952256,0.0018406107556074858,0.023148688,0.26903048,0.0
fp_1634,0.003232036018744111,0.0801496505737304,0.024124235,0.42422786,0.017641818150877953,0.02751058,0.19428225,0.0
fp_1635,0.04345785453915596,0.6945321559906006,0.024825603,0.4636735,0.004325805231928825,0.013379472,0.2610149,0.0
fp_1636,0.014153651893138885,0.0632277280092239,0.028553993,0.8207494,0.027716437354683876,0.006627499,0.17004378,0.0
fp_1637,0.03920004516839981,0.6902382969856262,0.02755794,0.68640584,0.0033646980300545692,0.00747292,0.2412594,0.0
fp_1638,0.13480518758296967,0.1601263880729675,0.025627524,0.4644987,0.01606084033846855,0.003997443,0.1615911,0.0
fp_1639,0.009886831976473331,0.6861722469329834,0.030484289,0.55318403,0.010610409080982208,0.010563977,0.1954645,0.0
fp_1640,0.0024491373915225267,0.0538783557713031,0.030724257,0.7382597,0.0049935816787183285,0.04720732,0.19696039,0.0
fp_1641,0.00792617816478014,0.6935703158378601,0.027545929,0.8792265,0.0051167067140340805,0.0060755983,0.23712179,0.0
fp_1642,0.08243773132562637,0.1591222286224365,0.012928188,0.4376751,0.017944609746336937,0.03163298,0.19048741,0.0
fp_1643,0.053753115236759186,0.6881332993507385,0.031481892,0.798494,0.002026248024776578,0.0063982476,0.2229194,0.0
fp_1644,0.01000200118869543,0.0772715732455253,0.013784826,0.5209106,0.009851562790572643,0.0053920676,0.23235708,0.0
fp_1645,0.11759486049413681,0.0714458897709846,0.027843505,0.5599379,0.016567273065447807,0.0046613314,0.20054168,0.0
fp_1646,0.05379405990242958,0.0884026437997818,0.029213816,0.84513175,0.0034749729093164206,0.0070471023,0.18667492,0.0
fp_1647,0.07361359894275665,0.0597943738102912,0.03587666,0.612709,0.004401255864650011,0.0035486796,0.1997038,0.0
fp_1648,0.01325074303895235,0.0852109640836715,0.014040381,0.50433475,0.016124088317155838,0.024894336,0.20108525,0.0
fp_1649,0.01171367522329092,0.0579147562384605,0.03587371,0.3235308,0.015712643042206764,0.0037575176,0.190626,0.0
fp_1650,0.006709097884595394,0.1754122376441955,0.016919017,0.36650246,0.02934871055185795,0.0443828,0.2057282,0.0
fp_1651,0.04405076801776886,0.0557937771081924,0.034204483,0.4055736,0.02979697287082672,0.0034665768,0.16477184,0.0
fp_1652,0.001619763788767159,0.0598642975091934,0.01858133,0.763188,0.009951272048056126,0.05325207,0.17121463,0.0
fp_1653,0.012397275306284428,0.0534258708357811,0.03953314,0.62908506,0.019319158047437668,0.0026341032,0.20127322,0.0
fp_1654,0.01773064211010933,0.0986864790320396,0.018668532,0.5603199,0.025529880076646805,0.013323981,0.24864122,0.0
fp_1655,0.013742087408900261,0.0808330699801445,0.030618668,0.5338405,0.02330310083925724,0.003923271,0.16625826,0.0
fp_1656,0.006503009703010321,0.087586760520935,0.016483068,0.67117035,0.02021184004843235,0.023684034,0.1838344,0.0
fp_1657,0.09397692233324051,0.0681583657860755,0.028562784,0.48368138,0.013084637932479382,0.0046397047,0.18301193,0.0
fp_1658,0.003931295592337847,0.0953867807984352,0.019964159,0.35225764,0.02664797380566597,0.1615538,0.20957601,0.0
fp_1659,0.06780270487070084,0.0497311018407344,0.026357263,0.6401684,0.014132402837276459,0.0053128856,0.20303099,0.0
fp_1660,0.009303519502282143,0.0833118185400962,0.020274311,0.48486528,0.010959707200527191,0.07922172,0.17481248,0.0
fp_1661,0.05207342654466629,0.0543176084756851,0.049248993,0.5005661,0.00420599477365613,0.0043740473,0.19489302,0.0
fp_1662,0.036464571952819824,0.1993712782859802,0.013651937,0.46605128,0.012098077684640884,0.03366058,0.20647034,0.0
fp_1663,0.10353707522153854,0.0510391518473625,0.03163731,0.8660165,0.015022825449705124,0.0047827037,0.1871115,0.0
fp_1664,0.11461931467056274,0.2825100719928741,0.032155693,0.64202684,0.019434990361332893,0.0036941636,0.15655166,0.0
fp_1665,0.08648917824029922,0.0364255271852016,0.032001555,0.48380113,0.0037842602469027042,0.0052461475,0.19442502,0.0
fp_1666,0.1010453924536705,0.1547098010778427,0.034763902,0.6223321,0.004455985967069864,0.0048605786,0.18645215,0.0
fp_1667,0.11276162415742874,0.0464044772088527,0.030576676,0.848241,0.010140587575733662,0.0038678728,0.19423725,0.0
fp_1668,0.03765186667442322,0.1163917928934097,0.06009674,0.36796367,0.014873762615025043,0.0102993725,0.17839612,0.0
fp_1669,0.06669807434082031,0.1069671735167503,0.03215331,0.79958117,0.029552599415183067,0.0055959425,0.19264176,0.0
fp_1670,0.04164442420005798,0.1649773865938186,0.047885507,0.37256324,0.027918606996536255,0.01139866,0.18909518,0.0
fp_1671,0.020870685577392578,0.047674685716629,0.029769123,0.70902604,0.00849373172968626,0.0037485338,0.17985474,0.0
fp_1672,0.0058020781725645065,0.1665443181991577,0.0482606,0.38430643,0.022816337645053864,0.025326885,0.19699429,0.0
fp_1673,0.07231545448303223,0.0721338614821434,0.028625607,0.33624735,0.029193740338087082,0.004759006,0.19410618,0.0
fp_1674,0.01901058293879032,0.0720047280192375,0.037897885,0.4987483,0.0262098740786314,0.026674805,0.10609933,0.0
fp_1675,0.057990264147520065,0.0458033271133899,0.030552745,0.36177045,0.022372914478182793,0.0040774657,0.19184133,0.0
fp_1676,0.06286723166704178,0.2794959843158722,0.03834459,0.35029387,0.014412805438041687,0.00448381,0.19143192,0.0
fp_1677,0.03803806006908417,0.0724976733326911,0.028931469,0.50167364,0.01977197639644146,0.005533162,0.18697558,0.0
fp_1678,0.12920640408992767,0.1950302571058273,0.041563213,0.5820621,0.015343282371759415,0.0065404046,0.17145936,0.0
fp_1679,0.024629313498735428,0.0455418042838573,0.032814145,0.60525703,0.013642750680446625,0.006808273,0.18557084,0.0
fp_1680,0.03014080412685871,0.0757808834314346,0.057413638,0.38279676,0.00488376896828413,0.013168089,0.19601713,0.0
fp_1681,0.10023003816604614,0.0590473860502243,0.031583786,0.8397835,0.01227026991546154,0.004341036,0.1836453,0.0
fp_1682,0.15204109251499176,0.1846046447753906,0.023247093,0.442032,0.019535334780812263,0.029839767,0.15433657,0.0
fp_1683,0.04015743359923363,0.3965353965759277,0.03274268,0.8458692,0.020439287647604942,0.004962069,0.19044985,0.0
fp_1684,0.03663499280810356,0.0391453802585601,0.027703792,0.48370796,0.014100554399192333,0.010994645,0.16694099,0.0
fp_1685,0.03614577278494835,0.5030118823051453,0.031334877,0.8033705,0.003895260626450181,0.0038437159,0.18202963,0.0
fp_1686,0.11480182409286499,0.4338051080703735,0.035747945,0.5123229,0.005898887291550636,0.01744483,0.18840434,0.0
fp_1687,0.009946691803634167,0.4492529332637787,0.052766263,0.51385456,0.01615814119577408,0.0038434984,0.2007283,0.0
fp_1688,0.07783668488264084,0.1235171630978584,0.03281805,0.42571825,0.022129518911242485,0.07557459,0.16672052,0.0
fp_1689,0.016197361052036285,0.3916105926036834,0.04049617,0.60283417,0.025432785972952843,0.004632589,0.19533975,0.0
fp_1690,0.15569017827510834,0.1206396520137786,0.034098536,0.20874222,0.03583965450525284,0.14768074,0.15819006,0.0
fp_1691,0.013578963465988636,0.4128744602203369,0.048033476,0.69501334,0.017585011199116707,0.003643793,0.19638732,0.0
fp_1692,0.06251320987939835,0.1471673995256424,0.038365185,0.52869153,0.03323674947023392,0.024664843,0.22543576,0.0
fp_1693,0.012441882863640785,0.2567168176174164,0.03476128,0.7741783,0.021395109593868256,0.0037698594,0.1893445,0.0
fp_1694,0.034602005034685135,0.1853636801242828,0.032437354,0.68242687,0.017405683174729347,0.005112943,0.1701313,0.0
fp_1695,0.052945420145988464,0.479138433933258,0.03410235,0.68593013,0.0130826560780406,0.0037660953,0.18337478,0.0
fp_1696,0.01589236594736576,0.1060808822512626,0.034272164,0.23203786,0.02212825044989586,0.10590383,0.1781194,0.0
fp_1697,0.03338994085788727,0.4785417914390564,0.031999975,0.7349121,0.013433820568025112,0.0048438553,0.19739094,0.0
fp_1698,0.12775367498397827,0.1238644495606422,0.03637755,0.2585391,0.01862334832549095,0.13041717,0.16725683,0.0
fp_1699,0.03047897480428219,0.4286541938781738,0.048707366,0.6663006,0.006214586086571217,0.0046711178,0.17384061,0.0
fp_1700,0.08513177931308746,0.118598036468029,0.022435784,0.47372422,0.015336058102548122,0.013074409,0.15619545,0.0
fp_1701,0.04772477596998215,0.3623844385147095,0.031823426,0.878823,0.016141479834914207,0.005119807,0.21260478,0.0
fp_1702,0.07879124581813812,0.0610539242625236,0.033474088,0.6762041,0.04316955432295799,0.01193675,0.15834601,0.0
fp_1703,0.020157337188720703,0.6457434892654419,0.033960044,0.72538775,0.003709567943587899,0.0047156936,0.1761799,0.0
fp_1704,0.11552515625953674,0.1246648803353309,0.039009243,0.46156198,0.040753792971372604,0.005949171,0.20089558,0.0
fp_1705,0.05400771647691727,0.5656921863555908,0.032031715,0.8795862,0.010948577895760536,0.0034794176,0.19871731,0.0
fp_1706,0.009301243349909782,0.0534331686794757,0.043685526,0.5579695,0.07295460999011993,0.009546194,0.25337762,0.0
fp_1707,0.0324576199054718,0.079865388572216,0.031897992,0.847106,0.03537936508655548,0.004221882,0.20948592,0.0
fp_1708,0.001942419563420117,0.0589989721775054,0.04456061,0.5071817,0.04145411401987076,0.011060889,0.22118628,0.0
fp_1709,0.01543625257909298,0.5452468991279602,0.031531572,0.8609851,0.019220447167754173,0.004838413,0.19008999,0.0
fp_1710,0.0036344409454613924,0.1153172925114631,0.030694336,0.8062274,0.061035286635160446,0.008189289,0.17261927,0.0
fp_1711,0.019823284819722176,0.3662407100200653,0.034637988,0.6583536,0.02915145270526409,0.0037250887,0.19518375,0.0
fp_1712,0.04607824236154556,0.0676806718111038,0.029598743,0.78775537,0.035492192953825,0.015463588,0.24524064,0.0
fp_1713,0.022874243557453156,0.4739638268947601,0.032728523,0.80406237,0.026310404762625694,0.005001577,0.20785785,0.0
fp_1714,0.04803790524601936,0.0763797760009765,0.032953203,0.5539362,0.0318392850458622,0.012989661,0.17802604,0.0
fp_1715,0.035316694527864456,0.430908054113388,0.031356573,0.6337086,0.025741957128047943,0.007081677,0.2033884,0.0
fp_1716,0.003692521480843425,0.3818075656890869,0.03611368,0.69821393,0.01755712367594242,0.008706798,0.23821627,0.0
fp_1717,0.018874516710639,0.5911415219306946,0.031472743,0.8041099,0.016368525102734566,0.0055090655,0.21028234,0.0
fp_1718,0.07098108530044556,0.0753743126988411,0.030225158,0.40454635,0.05105237662792206,0.023044165,0.1821343,0.0
fp_1719,0.038584355264902115,0.5921679735183716,0.031832278,0.8758069,0.017949938774108887,0.0052513084,0.20526259,0.0
fp_1720,0.005725247319787741,0.0323894880712032,0.00030988455,0.6980811,0.018015118315815926,0.025050664,0.46207193,0.5
fp_1721,0.0006595441955141723,0.012073147110641,0.0003080666,0.38184023,0.04062635451555252,0.054858644,0.5144228,0.5
fp_1722,0.0039472696371376514,0.3709512650966644,0.00024968386,0.4243002,0.006351079326122999,0.041135617,0.4788266,0.5
fp_1723,0.020833218470215797,0.0083650927990674,0.00030207634,0.67456526,0.018379289656877518,0.03719648,0.4299687,0.5
fp_1724,0.0014690581010654569,0.3697539865970611,0.00029462576,0.60332173,0.0007901708595454693,0.046947375,0.6393378,0.5
fp_1725,0.00793512910604477,0.111643336713314,0.00035724044,0.34141082,0.05147291347384453,0.45660418,0.456501,0.5
fp_1726,0.019315708428621292,0.3664959371089935,0.0003272295,0.2978636,0.007765401620417833,0.029981956,0.48664653,0.5
fp_1727,0.008426712825894356,0.0051267826929688,0.00025343895,0.17469494,0.08959052711725235,0.053704947,0.5042441,0.5
fp_1728,0.0030757528729736805,0.2662325799465179,0.00030830503,0.31336868,0.013430705294013023,0.037794963,0.49447817,0.5
fp_1729,0.0009734932100400329,0.029490502551198,0.00028038025,0.59400946,0.032745104283094406,0.04328393,0.3977325,0.5
fp_1730,0.0007513908203691244,0.261813074350357,0.00035637617,0.37136328,0.006302796769887209,0.011282913,0.46687183,0.5
fp_1731,0.007269347086548805,0.0087980665266513,0.00030088425,0.49808604,0.06978331506252289,0.054874685,0.40594536,0.5
fp_1732,0.002529171295464039,0.3280953466892242,0.00028699636,0.45758557,0.011897003278136253,0.032598224,0.42474014,0.5
fp_1733,0.004728932399302721,0.0179457273334264,0.00028055906,0.5649464,0.057693544775247574,0.05570744,0.43915546,0.5
fp_1734,0.002778133377432823,0.3810977637767792,0.0003207922,0.4253148,0.00496792234480381,0.022742638,0.4833126,0.5
fp_1735,0.0010041805217042565,0.0936201810836792,0.00026848912,0.14261988,0.039417706429958344,0.1183733,0.5105363,0.5
fp_1736,0.027307957410812378,0.325711190700531,0.0002463162,0.29612938,0.0038851334247738123,0.029452462,0.4824827,0.5
fp_1737,0.007788620423525572,0.0887066125869751,0.00031608343,0.2441695,0.024604732170701027,0.032551046,0.46346802,0.5
fp_1738,0.0007417708984576166,0.2591548860073089,0.00036495924,0.513941,0.002749436069279909,0.032641012,0.57754487,0.5
fp_1739,0.010169033892452717,0.0273563154041767,0.00029987097,0.36585695,0.043171945959329605,0.04290956,0.510516,0.5
fp_1740,0.02336849644780159,0.225976824760437,0.00023314357,0.34315053,0.008696552366018295,0.043530732,0.4608699,0.5
fp_1741,0.01692447066307068,0.3761947751045227,0.00030344725,0.70215017,0.009718338027596474,0.025445424,0.5777558,0.5
fp_1742,0.0016497791511937976,0.3039954602718353,0.00021496415,0.52695954,0.005704130046069622,0.03856279,0.4658764,0.5
fp_1743,0.02249508909881115,0.2232318371534347,0.0003144741,0.71361023,0.004659720696508884,0.028891979,0.55179554,0.5
fp_1744,0.011186646297574043,0.3165713250637054,0.00032675266,0.44738072,0.0017533537466078997,0.023254495,0.640834,0.5
fp_1745,0.0051808725111186504,0.4615800380706787,0.00035479665,0.41139293,0.015942005440592766,0.02431256,0.47609216,0.5
fp_1746,0.0017578687984496355,0.016432199627161,0.00024738908,0.47410026,0.007287714164704084,0.034213815,0.45076257,0.5
fp_1747,0.012392150238156319,0.3768890500068664,0.00039497018,0.46377125,0.03307931497693062,0.039630737,0.54573697,0.5
fp_1748,0.027658315375447273,0.2936394810676574,0.00023117661,0.6738772,0.023411111906170845,0.031220509,0.43206048,0.5
fp_1749,0.0010523735545575619,0.4023113250732422,0.00032514334,0.45216838,0.011733775027096272,0.03229026,0.5336342,0.5
fp_1750,0.0005319199408404529,0.0279255528002977,0.00025594234,0.52098423,0.0027204379439353943,0.07720838,0.4925702,0.5
fp_1751,0.0009604077786207199,0.4381494224071502,0.00032687187,0.6795353,0.02797434665262699,0.047654774,0.5030603,0.5
fp_1752,0.006248301826417446,0.3320509195327759,0.0002796948,0.33815557,0.010180645622313023,0.03268866,0.5012367,0.5
fp_1753,0.014442095533013344,0.4335112869739532,0.00031533837,0.530114,0.013762085698544979,0.03311831,0.5464249,0.5
fp_1754,0.0022767186164855957,0.1369701325893402,0.00024268031,0.39959353,0.008112669922411442,0.028881684,0.46829414,0.5
fp_1755,0.006778134033083916,0.0103816594928503,0.00031340122,0.3827376,0.01214066706597805,0.030094713,0.4640808,0.5
fp_1756,0.00045289593981578946,0.3438273966312408,0.00026786327,0.46762443,0.03516877815127373,0.041079044,0.38861048,0.5
fp_1757,0.01077469252049923,0.0248140674084424,0.00038790703,0.63710254,0.0038323397748172283,0.1305585,0.5758385,0.5
fp_1758,0.0051630218513309956,0.3613927364349365,0.0002360642,0.3345699,0.00652737682685256,0.030718723,0.48172158,0.5
fp_1759,0.023353777825832367,0.069224938750267,0.00021541119,0.50568265,0.017600812017917633,0.03422519,0.5198904,0.5
fp_1760,0.0016199188539758325,0.3967021405696869,0.00032696128,0.4260251,0.021136464551091194,0.020988466,0.5524785,0.5
fp_1761,0.0014760351041331887,0.454885184764862,0.0002731979,0.59289116,0.01250049564987421,0.04770361,0.5396877,0.5
fp_1762,0.004402074962854385,0.0435341484844684,0.0003477633,0.5359428,0.006147864740341902,0.014433573,0.63607174,0.5
fp_1763,0.007211989723145962,0.0127497240900993,0.00032308698,0.6402397,0.003246704116463661,0.027036406,0.57000136,0.5
fp_1764,0.0015026567270979285,0.0366369932889938,0.0007033348,0.3247044,0.02105926163494587,0.020343745,0.42217726,0.5
fp_1765,0.01936343125998974,0.0294740013778209,0.00027507544,0.5757699,0.009959026239812374,0.04927039,0.5099512,0.5
fp_1766,0.00038277494604699314,0.0266661401838064,0.00041007996,0.35746604,0.0365205742418766,0.034532372,0.34171742,0.5
fp_1767,0.011855215765535831,0.4751978516578674,0.00031268597,0.53405195,0.033396828919649124,0.20167428,0.5067297,0.5
fp_1768,0.0004997962969355285,0.0301747657358646,0.00067156553,0.3471902,0.023960022255778313,0.0129312845,0.43654072,0.5
fp_1769,0.008749597705900669,0.0158155858516693,0.00031238794,0.68865174,0.004632887896150351,0.041058715,0.47766352,0.5
fp_1770,0.00036109640495851636,0.0469441749155521,0.00036025047,0.43291283,0.03023345395922661,0.036213417,0.54530334,0.5
fp_1771,0.016201358288526535,0.3093601167201996,0.00030571222,0.6635526,0.018520919606089592,0.027153948,0.49723983,0.5
fp_1772,0.003914122935384512,0.405680775642395,0.0005360544,0.4571802,0.017635539174079895,0.029988233,0.40029195,0.5
fp_1773,0.002246391260996461,0.2600730061531067,0.00032159686,0.25260907,0.01172939594835043,0.056091014,0.5136226,0.5
fp_1774,0.014812626875936985,0.0240841805934906,0.0003490448,0.39394125,0.017918594181537628,0.032708943,0.4352556,0.5
fp_1775,0.006761057768017054,0.0405286028981208,0.0003311038,0.6410012,0.009693730622529984,0.20424482,0.47685817,0.5
fp_1776,0.00323647097684443,0.0473723821341991,0.0008163154,0.50503534,0.0055106645449995995,0.1850973,0.60543334,0.5
fp_1777,0.013484770432114601,0.0310275182127952,0.00023013353,0.5355598,0.01154308021068573,0.026975011,0.52394456,0.5
fp_1778,0.009366198442876339,0.0376270189881324,0.00027292967,0.66514075,0.03317815065383911,0.02271928,0.40727127,0.5
fp_1779,0.016749398782849312,0.5642620921134949,0.00026541948,0.5998772,0.003818308236077428,0.070450336,0.498217,0.5
fp_1780,0.002292007440701127,0.022123247385025,0.00036421418,0.40943867,0.004519511479884386,0.013475995,0.6557377,0.5
fp_1781,0.011269531212747097,0.5764607787132263,0.00024113059,0.6655175,0.0014621991431340575,0.07466931,0.573357,0.5
fp_1782,0.0047766477800905704,0.1071983873844146,0.0003117323,0.6903092,0.026729866862297058,0.025240226,0.62265635,0.5
fp_1783,0.0014174302341416478,0.5317901968955994,0.00028383732,0.3442004,0.00312967412173748,0.041744456,0.5370811,0.5
fp_1784,0.01718747429549694,0.0273930840194225,0.0003555119,0.51703465,0.03485822677612305,0.019837346,0.555503,0.5
fp_1785,0.007466104347258806,0.5233504176139832,0.0003117025,0.40719548,0.007272420451045036,0.072865725,0.53292644,0.5
fp_1786,0.001118463114835322,0.0556957945227623,0.00026917458,0.4904458,0.011501229368150234,0.08938188,0.43286377,0.5
fp_1787,0.0014605200849473476,0.523003876209259,0.00031501055,0.45861167,0.004068396519869566,0.07952528,0.5366777,0.5
fp_1788,0.006550380028784275,0.0794922113418579,0.0003774166,0.31607455,0.03612944483757019,0.017275153,0.45105737,0.5
fp_1789,0.0019860458560287952,0.2657993137836456,0.00024875998,0.6138599,0.006941122002899647,0.076562956,0.4251472,0.5
fp_1790,0.003355750348418951,0.0334448851644992,0.00027617812,0.41849524,0.02596709504723549,0.024637293,0.40355605,0.5
fp_1791,0.01008768193423748,0.5734055638313293,0.00023806095,0.51855713,0.0032330499961972237,0.15899703,0.52010024,0.5
fp_1792,0.0014064459828659892,0.0539682880043983,0.00035890937,0.32579365,0.022324420511722565,0.019308547,0.6400449,0.5
fp_1793,0.009051944129168987,0.5398045182228088,0.00027611852,0.43488103,0.0034312421921640635,0.060260396,0.54463017,0.5
fp_1794,0.0018947039498016238,0.0792047455906868,0.00039067864,0.5456437,0.01579977013170719,0.02349493,0.40544522,0.5
fp_1795,0.006182720884680748,0.522571325302124,0.00027954578,0.5780426,0.0013355680275708437,0.054047044,0.50885767,0.5
fp_1796,0.0020077405497431755,0.033633679151535,0.00025501847,0.6434258,0.018382558599114418,0.032547377,0.41295218,0.5
fp_1797,0.011907086707651615,0.5362927317619324,0.0003080368,0.60517794,0.0033724140375852585,0.02557977,0.5120618,0.5
fp_1798,0.004904502537101507,0.0292753782123327,0.00013819337,0.5962758,0.020056769251823425,0.05514276,0.62944037,0.5
fp_1799,0.002480241935700178,0.0263516400009393,0.00029292703,0.6840089,0.0029760836623609066,0.024586927,0.53258,0.5
fp_1800,0.008711660280823708,0.0223568268120288,0.00027742982,0.72921765,0.007250936236232519,0.089140885,0.6093962,0.5
fp_1801,0.01191659364849329,0.5407224297523499,0.0002449453,0.5724782,0.0007793378317728639,0.036045734,0.5805296,0.5
fp_1802,0.0034862475004047155,0.0131960706785321,0.00030216575,0.39424142,0.02005758322775364,0.29029387,0.67563784,0.5
fp_1803,0.012274686247110367,0.5563938617706299,0.0002862215,0.6264899,0.0028513516299426556,0.024109399,0.43902403,0.5
fp_1804,0.004782640840858221,0.0140680447220802,0.0003170073,0.43912536,0.043565694242715836,0.059785925,0.2917808,0.5
fp_1805,0.0017321998020634055,0.5366148352622986,0.0002913773,0.63069445,0.002625902881845832,0.20435828,0.5340848,0.5
fp_1806,0.00083623529644683,0.0096603035926818,0.00022754073,0.3536445,0.022600380703806877,0.29911122,0.67384684,0.5
fp_1807,0.011040939018130302,0.506560742855072,0.00024536252,0.4203084,0.006102893501520157,0.14170255,0.53156406,0.5
fp_1808,0.0008723372011445463,0.0078717973083257,0.00027695298,0.68364215,0.03432527557015419,0.061707854,0.5245973,0.5
fp_1809,0.008718786761164665,0.5444220900535583,0.0002708435,0.53175807,0.004844469018280506,0.07932789,0.52815473,0.5
fp_1810,0.0309966579079628,0.02089773863554,0.00023686886,0.41735873,0.021100357174873352,0.027844222,0.67057276,0.5
fp_1811,0.002558457897976041,0.5786884427070618,0.0003003478,0.45234054,0.014105686917901039,0.13380541,0.42892915,0.5
fp_1812,0.0008164206519722939,0.0064512440003454,0.00028851628,0.6123991,0.006495288107544184,0.24993266,0.61333627,0.5
fp_1813,0.002046129899099469,0.5478329658508301,0.00027048588,0.7174726,0.006192861124873161,0.06732865,0.53555274,0.5
fp_1814,0.02925734594464302,0.0207451283931732,0.00013440847,0.41940036,0.02510383352637291,0.2177947,0.6518591,0.5
fp_1815,0.01239902712404728,0.5639486908912659,0.00030827522,0.59459347,0.0028571372386068106,0.05110679,0.52542496,0.5
fp_1816,0.004058872815221548,0.0092878593131899,0.00014331937,0.46046537,0.01316631119698286,0.034924496,0.64414597,0.5
fp_1817,0.020541829988360405,0.0082436027005314,0.00027808547,0.46880165,0.021490447223186493,0.02602196,0.44625443,0.5
fp_1818,0.011887825094163418,0.0107397828251123,0.00027871132,0.7259375,0.004696994088590145,0.057370022,0.6549168,0.5
fp_1819,0.016431398689746857,0.0072763292118906,0.00035080314,0.5163381,0.00630391389131546,0.021085432,0.4297956,0.5
fp_1820,0.003886262886226177,0.0103202788159251,0.00014540553,0.41094643,0.02154618315398693,0.20579228,0.6363508,0.5
fp_1821,0.003028730396181345,0.0072654532268643,0.00035250187,0.27975333,0.020813150331377983,0.019086894,0.39487338,0.5
fp_1822,0.0015228898264467716,0.023355234414339,0.00016829371,0.3129844,0.0365164652466774,0.28577688,0.6910721,0.5
fp_1823,0.009591634385287762,0.0067419554106891,0.0003414154,0.34128493,0.0352441631257534,0.022323307,0.36291698,0.5
fp_1824,0.0004217185778543353,0.0071102776564657,0.00018385053,0.61961734,0.013855808414518833,0.26748222,0.731418,0.5
fp_1825,0.003032220993191004,0.0062618181109428,0.00037908554,0.4931561,0.025155995041131973,0.019294797,0.41091713,0.5
fp_1826,0.007470689248293638,0.0126942778006196,0.00018671155,0.4924682,0.0315893292427063,0.09858715,0.5646539,0.5
fp_1827,0.0030025083106011152,0.0101626524701714,0.00030452013,0.45790553,0.028500640764832497,0.032212693,0.43665847,0.5
fp_1828,0.0030463316943496466,0.0106322979554533,0.00016766787,0.55252,0.026089467108249664,0.16719061,0.65932554,0.5
fp_1829,0.018508117645978928,0.0081786448135972,0.00028935075,0.45569253,0.01691502518951893,0.030269967,0.42032903,0.5
fp_1830,0.0009994807187467813,0.0117972502484917,0.00019720197,0.2820842,0.032912757247686386,0.5125619,0.7146992,0.5
fp_1831,0.012447637505829334,0.0054692481644451,0.0002670586,0.50309056,0.01837339624762535,0.032375906,0.40335435,0.5
fp_1832,0.0013298536650836468,0.0100718894973397,0.0001977086,0.42776442,0.011561969295144081,0.4720684,0.6860367,0.5
fp_1833,0.012919561006128788,0.0064393104985356,0.0004749298,0.45468664,0.005104661453515291,0.021876957,0.43676722,0.5
fp_1834,0.005608826410025358,0.0265990141779184,0.00014024973,0.43438768,0.0162303876131773,0.08511322,0.6742127,0.5
fp_1835,0.017148172482848167,0.0055006695911288,0.00030961633,0.6886233,0.019696777686476707,0.024758328,0.41051155,0.5
fp_1836,0.029267262667417526,0.066391721367836,0.0003296733,0.55060565,0.02626197598874569,0.034040656,0.63202536,0.5
fp_1837,0.01757422462105751,0.0037001129239797,0.00031790137,0.4454917,0.0051468354649841785,0.032571957,0.4400745,0.5
fp_1838,0.054134953767061234,0.021069498732686,0.0003606081,0.5921949,0.006181988399475813,0.046873476,0.6351327,0.5
fp_1839,0.021616240963339806,0.0050884112715721,0.00030094385,0.6822073,0.013496676459908485,0.022286851,0.42176592,0.5
fp_1840,0.004850875586271286,0.0150597784668207,0.00063982606,0.3342295,0.01946410909295082,0.10619701,0.5793055,0.5
fp_1841,0.013654164038598537,0.0141828162595629,0.00031420588,0.627715,0.03588079288601875,0.02836945,0.44953278,0.5
fp_1842,0.010470825247466564,0.0234024189412593,0.00048661232,0.33705658,0.03509879857301712,0.072738655,0.32943675,0.5
fp_1843,0.0059618595987558365,0.0051258392632007,0.00029426813,0.580071,0.011186635121703148,0.020391772,0.4001571,0.5
fp_1844,0.0022009913809597492,0.0224412996321916,0.00065276027,0.36198068,0.029873991385102272,0.2581612,0.4602942,0.5
fp_1845,0.016989273950457573,0.0091610699892044,0.0002849698,0.26207948,0.03645852208137512,0.025391575,0.4351424,0.5
fp_1846,0.0012703901156783104,0.0100569250062108,0.00039809942,0.47877845,0.03293760493397713,0.23053059,0.32861754,0.5
fp_1847,0.010796441696584225,0.0048913066275417,0.00030064583,0.29876918,0.02778894454240799,0.02824134,0.38509893,0.5
fp_1848,0.023431330919265747,0.0652224943041801,0.0004146099,0.37715334,0.01887822151184082,0.045574095,0.48819965,0.5
fp_1849,0.008331215009093285,0.0091829197481274,0.0002874136,0.4528249,0.02183070406317711,0.027750587,0.44169518,0.5
fp_1850,0.08636973053216934,0.0310269463807344,0.00039842725,0.43929282,0.020456038415431976,0.045766383,0.48062947,0.5
fp_1851,0.007031433749943972,0.0054154610261321,0.00032174587,0.5281569,0.01490126084536314,0.039366018,0.3744404,0.5
fp_1852,0.010407106019556522,0.0097332913428545,0.00061771274,0.37242046,0.0057294913567602634,0.19795533,0.5843065,0.5
fp_1853,0.018312649801373482,0.0074904542416334,0.0003091693,0.6508278,0.016164205968379974,0.023031104,0.3930949,0.5
fp_1854,0.07824143022298813,0.0299715362489223,0.00022813678,0.43795162,0.02501891367137432,0.33498898,0.4461616,0.5
fp_1855,0.007743707858026028,0.0663809180259704,0.00031891465,0.6805058,0.02699156291782856,0.028594114,0.37661982,0.5
fp_1856,0.018090520054101944,0.0043824240565299,0.00027126074,0.4619678,0.018197771161794662,0.08026195,0.5230905,0.5
fp_1857,0.008708222769200802,0.1086762323975563,0.00030726194,0.6822881,0.0059472364373505116,0.01597978,0.2637118,0.5
fp_1858,0.051365673542022705,0.0833161026239395,0.00037565827,0.5078392,0.007956682704389095,0.20979954,0.66354704,0.5
fp_1859,0.0026943087577819824,0.0789788514375686,0.0004937649,0.3946051,0.022310610860586166,0.020019198,0.47443837,0.5
fp_1860,0.04104016348719597,0.015480700880289,0.00032502413,0.43361837,0.028432713821530342,0.5646471,0.516905,0.5
fp_1861,0.0036371632013469934,0.0639692172408104,0.00038444996,0.49026543,0.03110693208873272,0.02296771,0.28739303,0.5
fp_1862,0.030855614691972733,0.0174047537147998,0.00033009052,0.26879254,0.0422389842569828,0.5450018,0.43441683,0.5
fp_1863,0.0033040500711649656,0.0698570385575294,0.00045534968,0.533516,0.023012738674879074,0.021530768,0.44066867,0.5
fp_1864,0.0306174885481596,0.0256149787455797,0.0004094541,0.4493843,0.04255062714219093,0.20886712,0.43892008,0.5
fp_1865,0.0026230420917272568,0.0344166494905948,0.00033789873,0.6460488,0.027002602815628052,0.020790642,0.36653045,0.5
fp_1866,0.018766917288303375,0.0247571635991334,0.00032943487,0.5620375,0.020831575617194176,0.06531347,0.5720561,0.5
fp_1867,0.010618451982736588,0.0983371585607528,0.00033792853,0.5721003,0.018015719950199127,0.019497363,0.3468461,0.5
fp_1868,0.003780321916565299,0.015118695795536,0.00033566356,0.24602275,0.02543104998767376,0.20997848,0.43752235,0.5
fp_1869,0.008465452119708061,0.1049888432025909,0.00031268597,0.60409796,0.017354300245642662,0.02362877,0.44772547,0.5
fp_1870,0.01728770323097706,0.0155157847329974,0.0003758371,0.31163752,0.02059347927570343,0.41812125,0.4885574,0.5
fp_1871,0.00737402681261301,0.0791102424263954,0.00045791268,0.5866647,0.007977270521223545,0.0276039,0.3155567,0.5
fp_1872,0.030300172045826912,0.0149388322606682,0.00022304058,0.45710164,0.0191897414624691,0.12001715,0.41670635,0.5
fp_1873,0.00919274240732193,0.0587334036827087,0.00031113625,0.70797706,0.02066446840763092,0.028872993,0.44846284,0.5
fp_1874,0.013461307622492313,0.0076230098493397,0.00031745434,0.56172407,0.05513123795390129,0.050458215,0.4536564,0.5
fp_1875,0.004213470965623856,0.2533999383449554,0.00033065677,0.60802746,0.005385024938732386,0.015540285,0.29226345,0.5
fp_1876,0.016447829082608223,0.0164545029401779,0.00036647916,0.3901452,0.051576096564531326,0.029943915,0.44429052,0.5
fp_1877,0.010781443677842617,0.1454670131206512,0.0003132522,0.7232063,0.014358028769493103,0.02114645,0.40133464,0.5
fp_1878,0.0026394061278551817,0.0067873918451368,0.00039941072,0.43879175,0.08983314782381058,0.050051123,0.5145078,0.5
fp_1879,0.009243141859769821,0.0098837651312351,0.0003144741,0.7240588,0.041261035948991776,0.023497185,0.44999617,0.5
fp_1880,0.00047750325757078826,0.0074597890488803,0.00045388937,0.4099698,0.049915675073862076,0.07954114,0.5128857,0.5
fp_1881,0.0040246546268463135,0.1378630250692367,0.00030866265,0.7018428,0.024421829730272293,0.024144934,0.44595283,0.5
fp_1882,0.00037871336098760366,0.0155871519818902,0.00029936433,0.6622524,0.07537031173706055,0.032978937,0.49130017,0.5
fp_1883,0.005354606080800295,0.0598170161247253,0.00033515692,0.53632843,0.03714713454246521,0.017911859,0.41711992,0.5
fp_1884,0.007629700470715761,0.0084427846595644,0.0002925992,0.6569301,0.044804517179727554,0.13348398,0.4728245,0.5
fp_1885,0.004132803995162249,0.0949903428554534,0.00031912327,0.64139426,0.0329369381070137,0.02486963,0.46144822,0.5
fp_1886,0.008250342682003975,0.0091728679835796,0.0003092587,0.35802478,0.03860799968242645,0.047932908,0.42264253,0.5
fp_1887,0.00791160948574543,0.0777451395988464,0.0003080666,0.5240031,0.029218118637800217,0.035831567,0.4606368,0.5
fp_1888,0.0008859428344294429,0.058152537792921,0.00035598874,0.59908336,0.021690689027309418,0.04398838,0.453863,0.5
fp_1889,0.005036278162151575,0.1683667302131652,0.00031128526,0.6775707,0.017584368586540222,0.030642455,0.4775167,0.5
fp_1890,0.012640579603612423,0.0092213777825236,0.00029581785,0.33885133,0.06641915440559387,0.061640605,0.49701104,0.5
fp_1891,0.007450209464877844,0.1826098263263702,0.00031122565,0.69774514,0.023460915312170982,0.029255321,0.46342707,0.5
fp_1892,0.027941741049289703,0.1074742674827575,0.0006104708,0.9977783,0.02949424274265766,0.5794166,0.71165323,0.2
fp_1893,0.003528318600729108,0.0382752642035484,0.0006184876,0.44788504,0.05825501307845116,0.32468387,0.73606217,0.2
fp_1894,0.0067552197724580765,0.6247550249099731,0.0004940331,0.4958763,0.010004409588873386,0.4793007,0.6631452,0.2
fp_1895,0.11546239256858826,0.0269369706511497,0.0005977452,0.91213065,0.026351435109972954,0.38290125,0.6893506,0.2
fp_1896,0.004094697069376707,0.6248213648796082,0.0005916357,0.7400341,0.002071487018838525,0.34709436,0.7200023,0.2
fp_1897,0.05271182954311371,0.3476417064666748,0.00071418285,0.39164883,0.06520729511976242,0.022878623,0.71640617,0.2
fp_1898,0.06267410516738892,0.5490832924842834,0.00065898895,0.26819763,0.013966947793960571,0.5802422,0.68384683,0.2
fp_1899,0.08332846313714981,0.0161261074244976,0.0004981756,0.14763364,0.12131892889738083,0.41331246,0.7504655,0.2
fp_1900,0.0056149596348404884,0.4500764608383178,0.000616163,0.2951843,0.01864386908710003,0.43923748,0.63547575,0.2
fp_1901,0.005849533714354038,0.0914054811000824,0.000554055,0.84405774,0.0461694672703743,0.3918455,0.68924105,0.2
fp_1902,0.0025459162425249815,0.4244393706321716,0.00073614717,0.4293502,0.009931953623890877,0.5968036,0.6897272,0.2
fp_1903,0.02669830061495304,0.0253253858536481,0.00059723854,0.6273304,0.07534059137105942,0.36571163,0.67842245,0.2
fp_1904,0.0604112446308136,0.4521123468875885,0.0005735159,0.552023,0.017758551985025406,0.516048,0.6154959,0.2
fp_1905,0.014613321982324123,0.05698774009943,0.0005570352,0.77584165,0.06651575118303299,0.32758185,0.7226367,0.2
fp_1906,0.008744057267904282,0.625275194644928,0.00064504147,0.49874973,0.010032766498625278,0.61272013,0.6344769,0.2
fp_1907,0.01196365151554346,0.2790423035621643,0.0005272925,0.12861522,0.046158235520124435,0.28669646,0.74201465,0.2
fp_1908,0.04858808219432831,0.5784997940063477,0.0004886389,0.34500745,0.005904650781303644,0.56262636,0.7230092,0.2
fp_1909,0.13336370885372162,0.2963525652885437,0.0006226599,0.23895133,0.0390160009264946,0.4869161,0.7692156,0.2
fp_1910,0.0027991614770144224,0.3671905100345611,0.0007375777,0.629347,0.005731523502618074,0.451129,0.70733273,0.2
fp_1911,0.06513776630163193,0.0855330750346183,0.0006018579,0.5103463,0.06067812442779541,0.47329372,0.74168867,0.2
fp_1912,0.00963649619370699,0.3700505793094635,0.0004631579,0.3528106,0.014457699842751026,0.4485694,0.6604233,0.2
fp_1913,0.11345742642879486,0.4922225177288055,0.0005968809,0.9331921,0.017750434577465057,0.5110489,0.6906738,0.2
fp_1914,0.006422847975045443,0.4724003672599792,0.00042438507,0.73500144,0.010809686034917831,0.4767402,0.663078,0.2
fp_1915,0.1471446454524994,0.4305909276008606,0.00061938167,0.92367107,0.011337519623339176,0.51667774,0.7627494,0.2
fp_1916,0.013148373924195766,0.622675359249115,0.0006619692,0.5456218,0.0037110433913767338,0.5472012,0.71679467,0.2
fp_1917,0.15322566032409668,0.5608137249946594,0.0007055104,0.5668135,0.028743784874677658,0.53011155,0.7166369,0.2
fp_1918,0.007901327684521675,0.0484932288527488,0.00048786402,0.65207154,0.012855726294219494,0.5053568,0.72183263,0.2
fp_1919,0.11574344336986542,0.5139358639717102,0.0007914007,0.57436335,0.05243980139493942,0.32277444,0.6486785,0.2
fp_1920,0.021789634600281715,0.4594326615333557,0.00045397878,0.9203846,0.04058719798922539,0.51616013,0.65472865,0.2
fp_1921,0.008161960169672966,0.5348379015922546,0.00064501166,0.56722486,0.020444801077246666,0.29804197,0.6433527,0.2
fp_1922,0.0022695378866046667,0.0720156356692314,0.000505805,0.67149574,0.005691514350473881,0.29952735,0.64548814,0.2
fp_1923,0.007519340608268976,0.545692503452301,0.0006469488,0.9014966,0.04719612002372742,0.35608223,0.67322624,0.2
fp_1924,0.004555871244519949,0.44948610663414,0.00055894256,0.3298158,0.013726320117712021,0.4506056,0.6369915,0.2
fp_1925,0.09992637485265732,0.5299116969108582,0.0006226003,0.7642472,0.02521219104528427,0.514241,0.65605044,0.2
fp_1926,0.003612431464716792,0.2441158592700958,0.00048151612,0.41794237,0.01094010379165411,0.51202196,0.70362645,0.2
fp_1927,0.17024336755275726,0.0309420991688966,0.0006175935,0.48627657,0.018875034525990486,0.4481321,0.7676889,0.2
fp_1928,0.002130580134689808,0.6240279674530029,0.00052541494,0.5933848,0.04375544935464859,0.47247285,0.6003514,0.2
fp_1929,0.08002327382564545,0.0770991519093513,0.00076827407,0.85220635,0.007903910242021084,0.20773552,0.66478384,0.2
fp_1930,0.010484549216926098,0.6248427629470825,0.00046873093,0.34479728,0.011933471076190472,0.52283585,0.6760054,0.2
fp_1931,0.15368187427520752,0.2141771912574768,0.00042030215,0.6864052,0.02661306969821453,0.4925014,0.66928005,0.2
fp_1932,0.0054434966295957565,0.6217687129974365,0.00065138936,0.49816775,0.028420908376574516,0.53049517,0.7714919,0.2
fp_1933,0.010278799571096897,0.5649571418762207,0.0005362928,0.83695614,0.02289348840713501,0.38528126,0.644814,0.2
fp_1934,0.014146553352475166,0.1314855515956878,0.0006942749,0.72276163,0.011180518195033073,0.4962479,0.8001963,0.2
fp_1935,0.18292474746704102,0.0409205742180347,0.00063818693,0.8614399,0.007727559190243483,0.48429862,0.7423209,0.2
fp_1936,0.12002257257699966,0.1255063265562057,0.0014199317,0.33661354,0.030706554651260376,0.41285673,0.7342384,0.2
fp_1937,0.12139274924993515,0.0962545722723007,0.0005401671,0.83222693,0.01845632493495941,0.37726817,0.6906258,0.2
fp_1938,0.018499644473195076,0.0840239152312278,0.0008289516,0.37604597,0.05116605758666992,0.3151576,0.5503839,0.2
fp_1939,0.18869073688983917,0.56626957654953,0.00061535835,0.7422452,0.0411112904548645,0.14653099,0.67809856,0.2
fp_1940,0.00279743573628366,0.0983381569385528,0.0013598502,0.3781991,0.03456798940896988,0.3816085,0.70104516,0.2
fp_1941,0.21904140710830688,0.0506484173238277,0.00061556697,0.9290658,0.010105853900313377,0.33996066,0.63058686,0.2
fp_1942,0.017416011542081833,0.0923290252685546,0.0007264018,0.49630293,0.04314246401190758,0.24996138,0.82527816,0.2
fp_1943,0.18884530663490295,0.4520638883113861,0.0006020665,0.8281983,0.029421469196677208,0.52725637,0.62371796,0.2
fp_1944,0.014268540777266026,0.6272801160812378,0.0010785758,0.57438844,0.027220113202929497,0.45890498,0.6309968,0.2
fp_1945,0.02593030408024788,0.4455412626266479,0.0006338656,0.33241808,0.0210183784365654,0.20724803,0.64578354,0.2
fp_1946,0.05359983444213867,0.0671182870864868,0.0006917715,0.3727622,0.024385659024119377,0.35264537,0.7448553,0.2
fp_1947,0.18202443420886993,0.144618958234787,0.0006515682,0.89878005,0.02026946283876896,0.16737893,0.7567128,0.2
fp_1948,0.00863802619278431,0.1661703884601593,0.0016394854,0.61997783,0.01001905556768179,0.11563165,0.76464367,0.2
fp_1949,0.08294085413217545,0.0963267460465431,0.00044992566,0.7404449,0.021526237949728966,0.5825498,0.63507223,0.2
fp_1950,0.09993774443864822,0.0771912038326263,0.00053334236,0.9068901,0.04390348494052887,0.5059945,0.7144147,0.2
fp_1951,0.0865514725446701,0.596518337726593,0.0005161762,0.79815865,0.005498945713043213,0.27110192,0.6755633,0.2
fp_1952,0.025160180404782295,0.0737291648983955,0.0007316172,0.5343983,0.009912224486470222,0.460751,0.82426095,0.2
fp_1953,0.03882994502782822,0.5996321439743042,0.00046870112,0.88772285,0.0029408868867903948,0.23888627,0.68281305,0.2
fp_1954,0.007960028946399689,0.3449410796165466,0.0006149709,0.9040159,0.03844146430492401,0.464885,0.8308333,0.2
fp_1955,0.008291135542094707,0.5886456370353699,0.000552088,0.3756979,0.0061988625675439835,0.3051654,0.69257814,0.2
fp_1956,0.06077734753489494,0.0682464241981506,0.0007030964,0.6402737,0.04498574510216713,0.39717168,0.7955354,0.2
fp_1957,0.03611907735466957,0.589608907699585,0.00061148405,0.48299915,0.012414451688528061,0.28088924,0.68181956,0.2
fp_1958,0.009048942476511002,0.208930104970932,0.0005272627,0.6302406,0.02048470266163349,0.15523145,0.65472007,0.2
fp_1959,0.008925376459956169,0.5904532670974731,0.0006188154,0.57006615,0.005896421615034342,0.22790743,0.73312926,0.2
fp_1960,0.0878075510263443,0.1621940284967422,0.00075635314,0.3062233,0.04752585291862488,0.386307,0.6231582,0.2
fp_1961,0.012147307395935059,0.4774498045444488,0.00048288703,0.8074629,0.011794636957347393,0.25736925,0.63442713,0.2
fp_1962,0.033082056790590286,0.1090834364295005,0.0005450547,0.47265285,0.03532889112830162,0.3809555,0.7356535,0.2
fp_1963,0.04224814102053642,0.598202645778656,0.00046250224,0.631168,0.006468192208558321,0.16114862,0.67854226,0.2
fp_1964,0.009790715761482716,0.1139222085475921,0.00071179867,0.38766733,0.03521548584103584,0.48203775,0.8275338,0.2
fp_1965,0.04578416049480438,0.5935015678405762,0.0005393326,0.5073998,0.00542660616338253,0.32071826,0.7377863,0.2
fp_1966,0.023172227665781975,0.2631615102291107,0.0007754266,0.7343918,0.026714682579040527,0.4254808,0.7476419,0.2
fp_1967,0.0267094187438488,0.5887258052825928,0.0005481839,0.7611349,0.002803018782287836,0.22441122,0.6811372,0.2
fp_1968,0.007025354076176882,0.1157699003815651,0.0004968643,0.8857807,0.0280874352902174,0.47583362,0.6801951,0.2
fp_1969,0.049474745988845825,0.5907608270645142,0.00060632825,0.85495174,0.005831517744809389,0.43439505,0.7193059,0.2
fp_1970,0.05948448181152344,0.0893304347991943,0.00026661158,0.7527026,0.02831309102475643,0.47113726,0.7572844,0.2
fp_1971,0.012106179259717464,0.08296949416399,0.0005747378,0.9226011,0.005884412210434675,0.49858922,0.705068,0.2
fp_1972,0.016116062179207802,0.0708181038498878,0.0005457103,0.9234171,0.013199386186897755,0.28654665,0.7834921,0.2
fp_1973,0.051953256130218506,0.5997707843780518,0.0004762709,0.7659708,0.0018743104301393032,0.4260024,0.6818596,0.2
fp_1974,0.07866587489843369,0.0422993749380111,0.00059756637,0.5273902,0.03130972012877464,0.13660651,0.8201785,0.2
fp_1975,0.047869954258203506,0.5969860553741455,0.00056025386,0.8882167,0.00516223069280386,0.3501008,0.7010415,0.2
fp_1976,0.08645418286323547,0.04496755823493,0.00062420964,0.51796067,0.058864839375019073,0.37768272,0.5961077,0.2
fp_1977,0.012280723080039024,0.5976774096488953,0.00057271123,0.85449886,0.004823885392397642,0.15479095,0.6886107,0.2
fp_1978,0.0031024462077766657,0.0310644414275884,0.0004567504,0.42262277,0.030890924856066704,0.1497826,0.79566693,0.2
fp_1979,0.0455411933362484,0.5814763307571411,0.00047504902,0.49588197,0.00831927452236414,0.14213075,0.6858887,0.2
fp_1980,0.056182440370321274,0.024172069504857,0.00054371357,0.8779761,0.05034952238202095,0.35330385,0.8035189,0.2
fp_1981,0.042478397488594055,0.5949745774269104,0.000528574,0.7570077,0.007503862958401442,0.19997434,0.724913,0.2
fp_1982,0.08337248861789703,0.0659947022795677,0.0004698038,0.42872906,0.029166294261813164,0.6248814,0.8273946,0.2
fp_1983,0.0185298640280962,0.5990940928459167,0.00059202313,0.5928884,0.0252425204962492,0.22137062,0.67531407,0.2
fp_1984,0.0023549464531242847,0.0204125232994556,0.0005695224,0.76924926,0.012175125069916248,0.18292566,0.76559323,0.2
fp_1985,0.013353714719414711,0.5950838923454285,0.0005289912,0.93649405,0.010179881937801838,0.24109879,0.73841965,0.2
fp_1986,0.0614042766392231,0.0656262263655662,0.00026223063,0.46116525,0.03313830867409706,0.13893548,0.7823149,0.2
fp_1987,0.057566989213228226,0.5966095328330994,0.0006066561,0.8332118,0.0054971338249742985,0.35878244,0.6970291,0.2
fp_1988,0.013219903223216534,0.0298829544335603,0.00027951598,0.5511684,0.02322222851216793,0.5075365,0.7461543,0.2
fp_1989,0.09161924570798874,0.0260818004608154,0.0005494058,0.6028897,0.029334979131817818,0.47952735,0.691537,0.2
fp_1990,0.06884642690420151,0.0345485992729663,0.0005503297,0.91405374,0.009824561886489391,0.36299875,0.77912354,0.2
fp_1991,0.09776750206947327,0.0222512353211641,0.0006966889,0.6889393,0.011261570267379284,0.423702,0.62505376,0.2
fp_1992,0.02226061373949051,0.0332795493304729,0.00028252602,0.5594141,0.03050905652344227,0.124498166,0.7771268,0.2
fp_1993,0.02021234668791294,0.0219650324434041,0.0007057786,0.29515892,0.03091380186378956,0.47564432,0.70718706,0.2
fp_1994,0.010031426325440407,0.0733595415949821,0.0003311038,0.34469336,0.05239113047719002,0.15982509,0.8053833,0.2
fp_1995,0.04674369469285011,0.0211826022714376,0.00068610907,0.3934355,0.050764214247465134,0.3837714,0.67066014,0.2
fp_1996,0.0017992706270888448,0.0227833967655897,0.00035709143,0.83026564,0.021786922588944435,0.10073811,0.8445323,0.2
fp_1997,0.024582307785749435,0.0202193073928356,0.0007586181,0.6821335,0.03601613640785217,0.38539496,0.70124626,0.2
fp_1998,0.021457182243466377,0.0388302654027938,0.00036245584,0.55977136,0.04079517349600792,0.24550118,0.75677687,0.2
fp_1999,0.030279554426670074,0.0313010215759277,0.00060659647,0.56447995,0.04137478768825531,0.36991593,0.7384526,0.2
fp_2000,0.007345850579440594,0.034199520945549,0.00032377243,0.7434645,0.03634805977344513,0.17026475,0.81526107,0.2
fp_2001,0.09957479685544968,0.0254456661641597,0.00057405233,0.52493733,0.026435572654008865,0.38408336,0.71191144,0.2
fp_2002,0.005726031493395567,0.0375051498413085,0.00038531423,0.33238634,0.04611564800143242,0.025681349,0.8212178,0.2
fp_2003,0.06342030316591263,0.0171781741082668,0.0005288422,0.6400578,0.025239598006010056,0.43761653,0.72618973,0.2
fp_2004,0.01605512946844101,0.0324790179729461,0.00038841367,0.5059814,0.019385721534490585,0.06031819,0.8299118,0.2
fp_2005,0.07522401958703995,0.0203523430973291,0.0009545684,0.5536015,0.00927596352994442,0.46995687,0.6743791,0.2
fp_2006,0.0888826921582222,0.0847723260521888,0.00027388334,0.4975628,0.025860529392957687,0.28220084,0.7745963,0.2
fp_2007,0.09848929941654205,0.0173366926610469,0.00060993433,0.92441636,0.0292847640812397,0.5178438,0.69910467,0.2
fp_2008,0.10001158714294434,0.1295695453882217,0.00065019727,0.72962964,0.037335045635700226,0.33202264,0.8354704,0.2
fp_2009,0.06453777849674225,0.0122550511732697,0.0006327629,0.4866167,0.011053276248276234,0.42807555,0.6441804,0.2
fp_2010,0.05399707332253456,0.0637748539447784,0.0007121563,0.7559169,0.013753420673310757,0.20634554,0.8307116,0.2
fp_2011,0.09267815202474594,0.0158943049609661,0.00059369206,0.90912884,0.023030322045087814,0.47067833,0.6855954,0.2
fp_2012,0.08127586543560028,0.0467340573668479,0.0012757182,0.42141628,0.03107558935880661,0.22397669,0.8089117,0.2
fp_2013,0.07375765591859818,0.0424771569669246,0.00061920285,0.8862438,0.04573395848274231,0.46052372,0.72097564,0.2
fp_2014,0.07248077541589737,0.0684702321887016,0.00096431375,0.3956671,0.05073539540171623,0.38785082,0.6561401,0.2
fp_2015,0.03544165566563606,0.0169203206896781,0.0005809963,0.784222,0.019987693056464195,0.49781802,0.6923497,0.2
fp_2016,0.006669186986982822,0.0691965892910957,0.0012888312,0.38136318,0.04218186438083649,0.09663395,0.7316587,0.2
fp_2017,0.06176090985536575,0.0278370399028062,0.0005635619,0.2660069,0.04796743020415306,0.42749256,0.6947737,0.2
fp_2018,0.06221495196223259,0.0280074756592512,0.0007802248,0.6163305,0.04897162318229675,0.15346949,0.75009966,0.2
fp_2019,0.06662777811288834,0.0154888434335589,0.0005925596,0.34977135,0.03794750198721886,0.41761303,0.7140792,0.2
fp_2020,0.0337383858859539,0.1318594217300415,0.00081312656,0.44686335,0.03177345544099808,0.36581445,0.7541389,0.2
fp_2021,0.05534752458333969,0.0277925170958042,0.0005669892,0.5892925,0.034302324056625366,0.4123568,0.70340025,0.2
fp_2022,0.05133792385458946,0.0827149599790573,0.0007996559,0.5240959,0.02818126603960991,0.33198735,0.7656126,0.2
fp_2023,0.04774957150220871,0.0171167775988578,0.0006364584,0.6939823,0.025650594383478165,0.4033519,0.7101253,0.2
fp_2024,0.02520987018942833,0.0294760316610336,0.0012142658,0.4838305,0.010324141941964626,0.22110778,0.7838527,0.2
fp_2025,0.07937580347061157,0.0223992019891738,0.00060901046,0.9062928,0.025689056143164635,0.53880453,0.6768141,0.2
fp_2026,0.07138281315565109,0.0777136087417602,0.0004503429,0.5264583,0.03661920130252838,0.14306621,0.72023964,0.2
fp_2027,0.0419190488755703,0.2328692525625229,0.0006290078,0.92089665,0.037168603390455246,0.5458691,0.6835574,0.2
fp_2028,0.049451328814029694,0.0133129907771945,0.00053671,0.5868274,0.03074670396745205,0.25855207,0.78659487,0.2
fp_2029,0.06527785211801529,0.347936600446701,0.0006056726,0.8907095,0.010754554532468319,0.48160493,0.5316963,0.2
fp_2030,0.06196717172861099,0.2585193514823913,0.00073966384,0.6325716,0.01378546841442585,0.09772717,0.8295541,0.2
fp_2031,0.020076878368854523,0.2748458385467529,0.0009894669,0.5738952,0.03291268274188042,0.51210606,0.7126932,0.2
fp_2032,0.041304413229227066,0.0497746542096138,0.00064238906,0.51924825,0.041821032762527466,0.038101412,0.7867141,0.2
fp_2033,0.024485358968377113,0.211762323975563,0.0007632971,0.64009494,0.044228702783584595,0.45075828,0.5766648,0.2
fp_2034,0.08315344154834747,0.0485794879496097,0.00065663457,0.30690095,0.06090728938579559,0.026579333,0.73000956,0.2
fp_2035,0.023299258202314377,0.2335875928401947,0.00091290474,0.7680327,0.03322809562087059,0.44344667,0.711202,0.2
fp_2036,0.044450074434280396,0.0603491552174091,0.00080931187,0.557547,0.05502483993768692,0.20901954,0.68293166,0.2
fp_2037,0.024837154895067215,0.113797903060913,0.00067040324,0.85409755,0.037727296352386475,0.55307955,0.727715,0.2
fp_2038,0.034410927444696426,0.0780752673745155,0.0006519854,0.73858607,0.0300307460129261,0.19977574,0.7935269,0.2
fp_2039,0.06235579401254654,0.3265993893146515,0.00067198277,0.7907225,0.027195068076252937,0.5592669,0.6008631,0.2
fp_2040,0.03152449056506157,0.0422986038029193,0.0006644428,0.28245324,0.03697274997830391,0.11205139,0.7224933,0.2
fp_2041,0.025346780195832253,0.3250681161880493,0.000616014,0.78713906,0.025420354679226875,0.5500732,0.721874,0.2
fp_2042,0.15634700655937195,0.049947366118431,0.00073832273,0.3478093,0.03362727910280228,0.22677685,0.78951186,0.2
fp_2043,0.04407615214586258,0.2575215697288513,0.0009159446,0.7447429,0.013869424350559711,0.44108632,0.5736971,0.2
fp_2044,0.06658656895160675,0.0476911514997482,0.00043961406,0.56639016,0.03040890023112297,0.21491939,0.67696846,0.2
fp_2045,0.06514567881822586,0.189010739326477,0.00061297417,0.9316789,0.03108111210167408,0.4713987,0.6880747,0.2
fp_2046,0.09446083754301071,0.0233719255775213,0.000631392,0.7604693,0.0669127032160759,0.39936265,0.7202434,0.2
fp_2047,0.025117237120866776,0.5184546709060669,0.0006548166,0.8239954,0.011593891307711601,0.41033003,0.5314682,0.2
fp_2048,0.12276943773031235,0.0502313114702701,0.0007298291,0.5274553,0.0667029544711113,0.4778039,0.72722644,0.2
fp_2049,0.05045005679130554,0.4068443179130554,0.0006174743,0.9321495,0.025074785575270653,0.5030339,0.62169755,0.2
fp_2050,0.01196926087141037,0.0203106198459863,0.0008017123,0.5564426,0.10588788986206055,0.40349928,0.71850705,0.2
fp_2051,0.02919723652303219,0.0311020538210868,0.0006258786,0.9181508,0.05185258388519287,0.54462045,0.70952237,0.2
fp_2052,0.002294328995049,0.0225187242031097,0.00091570616,0.47910267,0.059275366365909576,0.19178772,0.73747575,0.2
fp_2053,0.024023521691560745,0.3871036767959595,0.000608325,0.924358,0.035837847739458084,0.5595397,0.7059789,0.2
fp_2054,0.007552853785455227,0.0461821965873241,0.000590235,0.85963804,0.09602523595094681,0.46439222,0.75152135,0.2
fp_2055,0.024572767317295074,0.1897871494293213,0.00066280365,0.7115501,0.04838988184928894,0.5728131,0.6840962,0.2
fp_2056,0.0541706420481205,0.0260590929538011,0.00057661533,0.8583814,0.06166313216090202,0.15379821,0.69937235,0.2
fp_2057,0.041565392166376114,0.3125681579113006,0.0006300509,0.90236264,0.04467403143644333,0.5266271,0.7210083,0.2
fp_2058,0.07125399261713028,0.0295845903456211,0.00061529875,0.508408,0.04902847483754158,0.40542233,0.7512859,0.2
fp_2059,0.036490462720394135,0.2678242921829223,0.00060892105,0.70048875,0.04362807795405388,0.39027402,0.72323143,0.2
fp_2060,0.005124375689774752,0.1986018568277359,0.0007019341,0.7851731,0.034245505928993225,0.39138386,0.68730545,0.2
fp_2061,0.02642144076526165,0.4335024952888489,0.00062036514,0.87830675,0.028836645185947418,0.48878008,0.7412652,0.2
fp_2062,0.07509700953960419,0.0291713029146194,0.00059470534,0.42956418,0.0809321328997612,0.34254208,0.70124924,0.2
fp_2063,0.04428456351161003,0.4456108510494232,0.000613153,0.9305769,0.03477875888347626,0.5117168,0.71873224,0.2
fp_2064,0.024753231555223465,0.6124922633171082,0.9464977,0.9600644,0.020424600690603256,0.20589502,0.8125694,0.2
fp_2065,0.005473791621625423,0.4161171913146972,0.94648373,0.35198843,0.0416766032576561,0.15769848,0.83215153,0.2
fp_2066,0.025437969714403152,0.7763011455535889,0.937654,0.34469354,0.006667743902653456,0.2428117,0.79589546,0.2
fp_2067,0.1365935057401657,0.3462277948856354,0.946478,0.72020334,0.01858031563460827,0.24789259,0.7852416,0.2
fp_2068,0.008813541382551193,0.7815492749214172,0.94203776,0.55238426,0.000901790801435709,0.26623672,0.7651541,0.2
fp_2069,0.05212398245930672,0.8007093071937561,0.95165265,0.318842,0.04978155717253685,0.09114731,0.8311103,0.2
fp_2070,0.22964702546596527,0.8470730185508728,0.94874585,0.24153534,0.008216015994548798,0.22863656,0.75853443,0.2
fp_2071,0.033258743584156036,0.2728799879550934,0.9311155,0.13683169,0.09260961413383484,0.25829637,0.8400035,0.2
fp_2072,0.029717249795794487,0.635482668876648,0.9484667,0.24646625,0.012190560810267925,0.23309599,0.7106985,0.2
fp_2073,0.007928161881864071,0.5773939490318298,0.9434786,0.6106113,0.03446175158023834,0.18812042,0.7943477,0.2
fp_2074,0.006307905074208975,0.6267145872116089,0.95888674,0.325728,0.006416811142116785,0.12877555,0.7984519,0.2
fp_2075,0.06955743581056595,0.3873512148857116,0.947282,0.46760434,0.059349630028009415,0.23813812,0.7748989,0.2
fp_2076,0.025956645607948303,0.6975963115692139,0.94244623,0.36894432,0.010829057544469833,0.2108753,0.78458345,0.2
fp_2077,0.03684137761592865,0.4897305965423584,0.94301176,0.56731,0.05073028430342674,0.23619965,0.8466387,0.2
fp_2078,0.018630104139447212,0.7734426259994507,0.9429215,0.33294672,0.005184771493077278,0.21231577,0.72465557,0.2
fp_2079,0.012077106162905693,0.7957279086112976,0.93800867,0.1397973,0.036453474313020706,0.28872415,0.8048183,0.2
fp_2080,0.09434648603200912,0.8324520587921143,0.9350004,0.252312,0.004207756370306015,0.20463593,0.763332,0.2
fp_2081,0.03145650774240494,0.7856894731521606,0.9455241,0.22391076,0.03144455328583717,0.20562336,0.832972,0.2
fp_2082,0.00553564028814435,0.7129791378974915,0.95168024,0.41014853,0.002960577141493559,0.20011008,0.7759142,0.2
fp_2083,0.10527513176202774,0.5667932033538818,0.9437574,0.32893667,0.04519222304224968,0.21700896,0.8396306,0.2
fp_2084,0.07189329713582993,0.7547236680984497,0.933799,0.26285127,0.009479003958404064,0.22610983,0.8468473,0.2
fp_2085,0.13111938536167145,0.8212053179740906,0.9454925,0.7417722,0.011618221178650856,0.19214374,0.7433168,0.2
fp_2086,0.014642436057329178,0.664931058883667,0.9273,0.46084586,0.006989394314587116,0.23796454,0.7853849,0.2
fp_2087,0.06422697752714157,0.8188864588737488,0.94733036,0.7275928,0.006153890863060951,0.20325278,0.81817365,0.2
fp_2088,0.10039960592985153,0.7589540481567383,0.9428125,0.36868414,0.002248792676255107,0.24458657,0.7608418,0.2
fp_2089,0.0824904590845108,0.8092396855354309,0.95265853,0.38660452,0.01783262938261032,0.15481128,0.7863711,0.2
fp_2090,0.013056958094239235,0.4931137859821319,0.93643105,0.4099873,0.008496479131281376,0.24266495,0.8584331,0.2
fp_2091,0.04553630203008652,0.8174447417259216,0.9557706,0.397439,0.034875668585300446,0.2018782,0.6894585,0.2
fp_2092,0.12338078022003174,0.6786368489265442,0.9308704,0.69000375,0.02611483447253704,0.19845691,0.83842915,0.2
fp_2093,0.008148533292114735,0.8136862516403198,0.9398624,0.39914712,0.013506673276424408,0.13552426,0.67618126,0.2
fp_2094,0.004573595244437456,0.5830378532409668,0.9382627,0.5007713,0.00311840558424592,0.16858643,0.7111357,0.2
fp_2095,0.007437604013830423,0.8165247440338135,0.9487016,0.69763577,0.029636194929480553,0.20132788,0.7505014,0.2
fp_2096,0.027348067611455917,0.7008460760116577,0.9432596,0.2791482,0.009005232714116573,0.21591236,0.703714,0.2
fp_2097,0.0698205754160881,0.8136590719223022,0.94666517,0.5334885,0.015180842019617558,0.22706623,0.69882596,0.2
fp_2098,0.013156488537788391,0.8038837909698486,0.9361656,0.3153965,0.007468370255082846,0.21136409,0.80235744,0.2
fp_2099,0.11102931201457977,0.4174489378929138,0.9470453,0.38184646,0.01399410329759121,0.19503938,0.8201071,0.2
fp_2100,0.0043421718291938305,0.7938145995140076,0.9384421,0.4585293,0.031085088849067688,0.22202225,0.8098274,0.2
fp_2101,0.030239207670092583,0.5533351302146912,0.9564253,0.64446443,0.004622191656380892,0.28749752,0.6963924,0.2
fp_2102,0.03053821437060833,0.7667676210403442,0.93477094,0.24211319,0.007957936264574528,0.222371,0.79188585,0.2
fp_2103,0.09758023917675018,0.750717282295227,0.92041093,0.51175725,0.01779794506728649,0.11746985,0.78956187,0.2
fp_2104,0.007384298834949732,0.7954939007759094,0.94952154,0.3485809,0.021170878782868385,0.14504512,0.8462857,0.2
fp_2105,0.010745741426944733,0.8093610405921936,0.9387257,0.6299525,0.015232490375638008,0.2060016,0.6914998,0.2
fp_2106,0.041975561529397964,0.6571439504623413,0.9475484,0.47446442,0.0067908549681305885,0.10919611,0.88738614,0.2
fp_2107,0.11904151737689972,0.4467751979827881,0.94858044,0.63299316,0.004114430397748947,0.19966607,0.7913221,0.2
fp_2108,0.0120603172108531,0.6243696212768555,0.97254115,0.27189854,0.02052220329642296,0.102703065,0.8632406,0.2
fp_2109,0.10483259707689285,0.5822210907936096,0.93916935,0.61533153,0.0110954400151968,0.1643359,0.76369107,0.2
fp_2110,0.0007900624768808484,0.5553764700889587,0.9609493,0.30369422,0.034566160291433334,0.123175,0.7084192,0.2
fp_2111,0.09922147542238235,0.8118835091590881,0.9463181,0.532073,0.0275555532425642,0.22140129,0.76390225,0.2
fp_2112,0.002178778639063239,0.5797507166862488,0.9638729,0.28784433,0.02394597977399826,0.1209499,0.82171834,0.2
fp_2113,0.09701386094093323,0.4493489563465118,0.9468366,0.6957753,0.005620294716209173,0.18829963,0.6787365,0.2
fp_2114,0.001166292349807918,0.651348888874054,0.95247275,0.36389238,0.02870679832994938,0.19495739,0.89408356,0.2
fp_2115,0.14228983223438263,0.8331800103187561,0.9456959,0.64587384,0.02001296542584896,0.18423596,0.66948575,0.2
fp_2116,0.04001908376812935,0.7831336259841919,0.95505536,0.429314,0.017498044297099113,0.18641011,0.7570753,0.2
fp_2117,0.013771932572126389,0.8237311840057373,0.94827026,0.26192826,0.012045910581946373,0.21325372,0.68534464,0.2
fp_2118,0.29696524143218994,0.5304986238479614,0.9509565,0.29187554,0.01799888163805008,0.17461886,0.8416965,0.2
fp_2119,0.08829416334629059,0.6537892818450928,0.9486923,0.6662222,0.011921271681785583,0.23526044,0.8118552,0.2
fp_2120,0.019655486568808556,0.6840218901634216,0.9708838,0.41775316,0.006137135438621044,0.13324364,0.8430524,0.2
fp_2121,0.10457051545381546,0.6044699549674988,0.9260609,0.53447604,0.013533433899283409,0.2005719,0.7061738,0.2
fp_2122,0.15743620693683624,0.5931881070137024,0.9404771,0.6874946,0.032323699444532394,0.1602063,0.8753154,0.2
fp_2123,0.10839088261127472,0.7892614006996155,0.93746907,0.6026668,0.0036273507867008448,0.25919533,0.7787276,0.2
fp_2124,0.04669959470629692,0.491655021905899,0.94812787,0.35785455,0.005503889638930559,0.13852635,0.89309305,0.2
fp_2125,0.044079508632421494,0.7748510241508484,0.9315684,0.69081295,0.001659258152358234,0.2211747,0.7341188,0.2
fp_2126,0.04095488786697388,0.7862598299980164,0.9450933,0.7163578,0.02670379728078842,0.19223127,0.8985832,0.2
fp_2127,0.01188983116298914,0.7903550267219543,0.94007516,0.29804224,0.0032100100070238113,0.19139661,0.7452516,0.2
fp_2128,0.179341122508049,0.5811234712600708,0.9519384,0.45553637,0.03264153003692627,0.13599886,0.88793427,0.2
fp_2129,0.04703188315033913,0.795577347278595,0.94900835,0.3390209,0.006995082832872868,0.28168076,0.7449764,0.2
fp_2130,0.003429634729400277,0.7073159217834473,0.9417409,0.40384203,0.013001592829823494,0.16884032,0.76702356,0.2
fp_2131,0.009171186946332455,0.7955495119094849,0.9432601,0.4538816,0.003931937739253044,0.26374832,0.80859256,0.2
fp_2132,0.09690538793802261,0.7364752292633057,0.95620906,0.2498239,0.03331289067864418,0.12147948,0.70889705,0.2
fp_2133,0.011717711575329304,0.8086100220680237,0.934502,0.6061543,0.006678957957774401,0.2326282,0.75582254,0.2
fp_2134,0.03455682843923569,0.5830540060997009,0.941898,0.33323693,0.02447388879954815,0.16164267,0.8698455,0.2
fp_2135,0.034145452082157135,0.7836658358573914,0.93048185,0.47313923,0.003442274173721671,0.13750595,0.7460169,0.2
fp_2136,0.011654170230031013,0.6800257563591003,0.94896716,0.28753132,0.02175116539001465,0.10954635,0.88452786,0.2
fp_2137,0.03681577742099762,0.7896646857261658,0.94095016,0.39079446,0.0035035302862524986,0.21493252,0.7707552,0.2
fp_2138,0.015072600916028023,0.7563794851303101,0.95437014,0.4963337,0.01924179494380951,0.13185292,0.8746233,0.2
fp_2139,0.025599554181098938,0.7927142977714539,0.938317,0.54877317,0.001424382091499865,0.22293285,0.75713044,0.2
fp_2140,0.016380321234464645,0.5905765891075134,0.9369099,0.62684643,0.018863482400774956,0.17110412,0.8146452,0.2
fp_2141,0.06730476766824722,0.791967511177063,0.9462455,0.6161863,0.003403107402846217,0.17942639,0.8148947,0.2
fp_2142,0.04002497345209122,0.5930137038230896,0.8824676,0.5306248,0.021096743643283844,0.25949585,0.7893129,0.2
fp_2143,0.014086786657571793,0.553888738155365,0.94369245,0.7415005,0.003136914921924472,0.18215308,0.7850127,0.2
fp_2144,0.05565541610121727,0.5240423083305359,0.942369,0.70869863,0.008350999094545841,0.11373147,0.84234834,0.2
fp_2145,0.06825684010982513,0.788846492767334,0.9325744,0.5652684,0.0008905770955607295,0.18110144,0.7322482,0.2
fp_2146,0.021070487797260284,0.424932599067688,0.9478737,0.35599428,0.02126084826886654,0.33271676,0.86683655,0.2
fp_2147,0.05557598918676376,0.7793170213699341,0.9422496,0.6407691,0.003061585361137986,0.1597773,0.81164837,0.2
fp_2148,0.040543679147958755,0.4412424862384796,0.9492333,0.36010936,0.04174935072660446,0.30489203,0.774251,0.2
fp_2149,0.011412645690143108,0.7912068963050842,0.9430911,0.6694918,0.002970264293253422,0.32431173,0.74339503,0.2
fp_2150,0.006083340849727392,0.3727428913116455,0.93269515,0.3017034,0.02312912978231907,0.5055013,0.84047496,0.2
fp_2151,0.10203316807746887,0.8015890717506409,0.93310493,0.37340268,0.0057543618604540825,0.23991868,0.7510989,0.2
fp_2152,0.016177784651517868,0.3490428328514099,0.94196284,0.6626003,0.035884976387023926,0.22720867,0.8320777,0.2
fp_2153,0.06605713069438934,0.7864519357681274,0.93945193,0.5401865,0.004660482052713633,0.23687506,0.78046477,0.2
fp_2154,0.3157522976398468,0.5115243196487427,0.9369533,0.34333858,0.022055821493268013,0.22847381,0.8682833,0.2
fp_2155,0.014092356897890568,0.7754431962966919,0.9443757,0.44687748,0.015878314152359962,0.31184882,0.80481935,0.2
fp_2156,0.006181666627526283,0.3106337785720825,0.9467281,0.555169,0.008093874901533127,0.2159597,0.82287294,0.2
fp_2157,0.01320485956966877,0.7818025350570679,0.9395206,0.7498283,0.006778025068342686,0.23159814,0.7893994,0.2
fp_2158,0.2711452841758728,0.51296466588974,0.87663984,0.33955097,0.02282249741256237,0.22519976,0.83897746,0.2
fp_2159,0.0625578984618187,0.7789392471313477,0.94617,0.60386217,0.0029754950664937496,0.20235679,0.7947919,0.2
fp_2160,0.02909882739186287,0.3690157532691955,0.8839046,0.36835313,0.015128874219954014,0.2348353,0.78223825,0.2
fp_2161,0.07874277979135513,0.4036914408206939,0.9392792,0.37579408,0.02173156477510929,0.19685191,0.80870163,0.2
fp_2162,0.10078506916761398,0.3747009932994842,0.9435259,0.7108619,0.005873340182006359,0.23949748,0.8342606,0.2
fp_2163,0.046115197241306305,0.3856784403324127,0.95217276,0.4223741,0.006937264930456877,0.18170106,0.79309756,0.2
fp_2164,0.019669098779559135,0.3746205270290375,0.8860618,0.35456103,0.02168184705078602,0.3423879,0.8273189,0.2
fp_2165,0.020032398402690887,0.3656442165374756,0.95119226,0.25751227,0.02063301019370556,0.14032097,0.8155019,0.2
fp_2166,0.009872897528111935,0.5379421710968018,0.90512073,0.2697842,0.038018807768821716,0.45465955,0.8416474,0.2
fp_2167,0.036253418773412704,0.3414466381072998,0.94756365,0.29391503,0.03420621529221535,0.16544852,0.83212805,0.2
fp_2168,0.003706791438162327,0.3253992199897766,0.913802,0.6212691,0.014868419617414474,0.22478428,0.8823141,0.2
fp_2169,0.015554734505712986,0.3298238813877105,0.9563575,0.44266477,0.024899734184145927,0.14525934,0.8074743,0.2
fp_2170,0.09652622789144516,0.4335298240184784,0.9136381,0.41438922,0.031223900616168976,0.32124114,0.8228321,0.2
fp_2171,0.015020334161818027,0.4175573587417602,0.9439612,0.3650058,0.02759966254234314,0.19506063,0.85174394,0.2
fp_2172,0.035110197961330414,0.3831893801689148,0.9029075,0.48180765,0.02578693814575672,0.22739054,0.86249036,0.2
fp_2173,0.03995852172374725,0.4034107625484466,0.93973887,0.36076275,0.01709691621363163,0.1971466,0.8313446,0.2
fp_2174,0.009962732903659344,0.4213500618934631,0.91891956,0.2411334,0.03190436586737633,0.21179067,0.8504929,0.2
fp_2175,0.04722074419260025,0.3340535759925842,0.93554825,0.43830833,0.018581246957182884,0.21001598,0.7983209,0.2
fp_2176,0.010187962092459202,0.3677031695842743,0.92063296,0.34933463,0.014186768792569637,0.29506457,0.8729377,0.2
fp_2177,0.03746354952454567,0.3484901487827301,0.964077,0.3675858,0.005754522513598204,0.18063593,0.806566,0.2
fp_2178,0.054137494415044785,0.5467373132705688,0.883309,0.35625917,0.01762821152806282,0.25863504,0.8139545,0.2
fp_2179,0.056800477206707,0.3439326882362366,0.9464401,0.75100464,0.019392212852835655,0.18908702,0.81330454,0.2
fp_2180,0.2147599160671234,0.7041293978691101,0.9443716,0.5517796,0.025541171431541443,0.2684671,0.88002354,0.2
fp_2181,0.05645817518234253,0.266722172498703,0.94629216,0.35171396,0.0063277194276452065,0.25040862,0.80507815,0.2
fp_2182,0.251004159450531,0.5264836549758911,0.9478873,0.55785,0.008245871402323246,0.24008805,0.89181674,0.2
fp_2183,0.057077083736658096,0.3305951356887817,0.9446567,0.7295196,0.014476914890110493,0.19812296,0.80994296,0.2
fp_2184,0.032634634524583817,0.4716503024101257,0.96539825,0.32584074,0.021254388615489006,0.24567804,0.8752552,0.2
fp_2185,0.040980733931064606,0.480477899312973,0.94726753,0.65568554,0.03344589099287987,0.20689113,0.8207062,0.2
fp_2186,0.10355473309755325,0.5518618226051331,0.96071386,0.29072708,0.035462796688079834,0.28120908,0.8008042,0.2
fp_2187,0.02207856811583042,0.3094951510429382,0.9431193,0.5334734,0.012772811576724052,0.19350375,0.82329684,0.2
fp_2188,0.014342138543725014,0.5447193384170532,0.93984985,0.30522293,0.030502093955874443,0.39720201,0.8174741,0.2
fp_2189,0.07633104920387268,0.3979861140251159,0.9407939,0.25204113,0.0340854786336422,0.1778283,0.80908,0.2
fp_2190,0.026632053777575493,0.4020076990127563,0.95120424,0.4574852,0.03445090726017952,0.39578554,0.88088435,0.2
fp_2191,0.06573010981082916,0.328159898519516,0.9446037,0.2841242,0.026403183117508888,0.19245009,0.8120315,0.2
fp_2192,0.1642722487449646,0.7067399621009827,0.9497693,0.35496882,0.021531052887439728,0.31846362,0.83316094,0.2
fp_2193,0.03092845343053341,0.4167136251926422,0.9415051,0.42368388,0.02136368304491043,0.20157763,0.82374597,0.2
fp_2194,0.22552640736103058,0.5813869833946228,0.9570383,0.41163212,0.020951498299837112,0.16944149,0.8662332,0.2
fp_2195,0.022457201033830643,0.3181338906288147,0.94817746,0.46336398,0.018238132819533348,0.22841917,0.81412625,0.2
fp_2196,0.05036178603768349,0.3891008198261261,0.964221,0.3515846,0.006788819096982479,0.5429668,0.8460758,0.2
fp_2197,0.050540924072265625,0.3768678903579712,0.9463512,0.70207953,0.01716478355228901,0.20184451,0.81943196,0.2
fp_2198,0.35732367634773254,0.5760068893432617,0.9294909,0.4083318,0.027114862576127052,0.43171346,0.86046314,0.2
fp_2199,0.026582051068544388,0.7397668361663818,0.948169,0.70870554,0.027578389272093773,0.22076674,0.8104005,0.2
fp_2200,0.22410981357097626,0.289659172296524,0.93995404,0.45485526,0.02072220668196678,0.23746982,0.85439956,0.2
fp_2201,0.027775458991527557,0.7795451879501343,0.94591296,0.6857207,0.006529210601001978,0.17799385,0.77174985,0.2
fp_2202,0.3087138831615448,0.7589174509048462,0.9486464,0.47130418,0.008951721712946892,0.35359266,0.88659894,0.2
fp_2203,0.01572609320282936,0.7589477896690369,0.96715295,0.3865164,0.021555110812187195,0.16363865,0.812837,0.2
fp_2204,0.24040143191814423,0.4597805440425873,0.94775724,0.40353847,0.02994419075548649,0.37921274,0.8695606,0.2
fp_2205,0.01478139404207468,0.7275868654251099,0.95766354,0.44175926,0.029350874945521355,0.1493036,0.72556776,0.2
fp_2206,0.1800500899553299,0.4986462295055389,0.950124,0.24376099,0.04474394768476486,0.19710827,0.85509914,0.2
fp_2207,0.015858015045523643,0.7407558560371399,0.9630301,0.5422312,0.023618172854185104,0.17116874,0.82031435,0.2
fp_2208,0.23582662642002106,0.5652002096176147,0.9495808,0.42027345,0.03966944292187691,0.45260718,0.78852427,0.2
fp_2209,0.012763375416398048,0.6106076836585999,0.9509176,0.64405143,0.024640968069434166,0.18402992,0.81379706,0.2
fp_2210,0.18266309797763824,0.548153281211853,0.94556695,0.5618462,0.02188282459974289,0.2530474,0.8830213,0.2
fp_2211,0.027755260467529297,0.7681244015693665,0.9486282,0.57217586,0.01725282333791256,0.17632899,0.7910986,0.2
fp_2212,0.03040461242198944,0.47124183177948,0.9497432,0.22361739,0.024183811619877815,0.12548578,0.8323097,0.2
fp_2213,0.025692375376820564,0.7821321487426758,0.9470262,0.5606713,0.018438659608364105,0.19151312,0.8077524,0.2
fp_2214,0.0756397470831871,0.4619612395763397,0.9502038,0.2771611,0.022294262424111366,0.26633435,0.8699203,0.2
fp_2215,0.02723446674644947,0.7550795674324036,0.9646357,0.5721772,0.008513428270816803,0.20478131,0.8108598,0.2
fp_2216,0.2836429178714752,0.4636739790439605,0.9266648,0.42836165,0.0215944591909647,0.35173824,0.8318589,0.2
fp_2217,0.02785399556159973,0.7018897533416748,0.94674844,0.7616929,0.020923249423503876,0.20661233,0.8056805,0.2
fp_2218,0.09770848602056503,0.3614918887615204,0.94965744,0.53034973,0.051944319158792496,0.21515281,0.83678424,0.2
fp_2219,0.014429742470383644,0.7923332452774048,0.9498751,0.6067625,0.0065453085117042065,0.17243125,0.7777302,0.2
fp_2220,0.13567180931568146,0.4855029284954071,0.95669115,0.3397159,0.047938816249370575,0.1875132,0.811332,0.2
fp_2221,0.03008328191936016,0.8063579797744751,0.94704425,0.7627872,0.0159076526761055,0.1829384,0.79995775,0.2
fp_2222,0.016621679067611694,0.3362502753734588,0.96143275,0.39272255,0.07947246730327606,0.2630677,0.77205837,0.2
fp_2223,0.03030494973063469,0.3994014263153076,0.946843,0.7510497,0.0390106737613678,0.19360359,0.80852336,0.2
fp_2224,0.0042894682846963406,0.3488091826438904,0.9576817,0.38414168,0.04675384983420372,0.14235722,0.8100916,0.2
fp_2225,0.01914970390498638,0.8056677579879761,0.9462616,0.7318304,0.025160228833556175,0.19983959,0.8186437,0.2
fp_2226,0.004286306444555521,0.4779632091522217,0.94523025,0.6906946,0.06817176938056946,0.18978669,0.82655764,0.2
fp_2227,0.02393786981701851,0.7159851789474487,0.95086586,0.47526675,0.034481145441532135,0.17122982,0.8217696,0.2
fp_2228,0.0445382259786129,0.3774427473545074,0.9428427,0.67213815,0.04158862680196762,0.24096753,0.7714498,0.2
fp_2229,0.022873304784297943,0.7726825475692749,0.9481677,0.6439296,0.03145627677440643,0.18870853,0.8081234,0.2
fp_2230,0.05076732859015465,0.3843294084072113,0.94934535,0.35736245,0.038110341876745224,0.22138287,0.8431892,0.2
fp_2231,0.02758007124066353,0.7519004940986633,0.94601464,0.57146597,0.027780577540397644,0.20325932,0.8189032,0.2
fp_2232,0.006889458280056715,0.729160487651825,0.95215416,0.5726639,0.023183180019259453,0.23696469,0.77083427,0.2
fp_2233,0.021454963833093643,0.8130347728729248,0.94612986,0.7103785,0.021263375878334045,0.2146361,0.81504226,0.2
fp_2234,0.10393496602773666,0.3871121704578399,0.9431405,0.28016827,0.061088718473911285,0.15491557,0.84785104,0.2
fp_2235,0.022516077384352684,0.8018818497657776,0.9467603,0.7507797,0.024039441719651222,0.20257504,0.80971396,0.2
fp_2236,0.03119828552007675,0.8368543386459351,0.0060545206,0.5613409,0.017228642478585243,0.024360657,0.69090855,0.5
fp_2237,0.005209044087678194,0.6339055299758911,0.0060544014,0.25431558,0.03945428133010864,0.05556786,0.7413211,0.5
fp_2238,0.03207655996084213,0.8703143000602722,0.004861951,0.3003896,0.005923401564359665,0.029831726,0.6845529,0.5
fp_2239,0.11773823201656342,0.378061980009079,0.005934298,0.54670703,0.017435850575566292,0.02388937,0.6746986,0.5
fp_2240,0.009223190136253834,0.8741411566734314,0.0057241023,0.4606774,0.0007842424674890935,0.035964064,0.7060286,0.5
fp_2241,0.05086371302604675,0.9032104015350342,0.007027328,0.19533426,0.04946889355778694,0.1884089,0.71039224,0.5
fp_2242,0.2678107023239136,0.9413143992424012,0.0064238906,0.17904542,0.007239950355142355,0.02559133,0.663828,0.5
fp_2243,0.0414702333509922,0.4295763373374939,0.004807383,0.0964828,0.08695101737976074,0.044773303,0.7373177,0.5
fp_2244,0.03635312244296074,0.976219356060028,0.006097913,0.16920416,0.012394461780786514,0.022504847,0.6275045,0.5
fp_2245,0.005709882825613022,0.7902417182922363,0.0054866374,0.43511027,0.03129056468605995,0.039865468,0.6534755,0.5
fp_2246,0.005809371825307608,0.9766923189163208,0.0074366033,0.22682655,0.006002181209623814,0.009256907,0.6868887,0.5
fp_2247,0.07798407226800919,0.5622112154960632,0.0059368014,0.2849303,0.06717488914728165,0.044172175,0.64458513,0.5
fp_2248,0.060897327959537506,0.9755011200904846,0.005587071,0.28276855,0.011656004004180431,0.025445217,0.64500237,0.5
fp_2249,0.04703562334179878,0.6893903613090515,0.0054820776,0.38753194,0.05595182254910469,0.053444736,0.709505,0.5
fp_2250,0.014148328453302383,0.8684440851211548,0.006177962,0.3167867,0.004830333404242992,0.021815753,0.63596976,0.5
fp_2251,0.008294986560940742,0.9123773574829102,0.0051683486,0.07059927,0.03841552883386612,0.09215489,0.7210938,0.5
fp_2252,0.10090643912553787,0.9233556985855104,0.0047471225,0.15363218,0.0036271922290325165,0.020361371,0.67390406,0.5
fp_2253,0.046922456473112106,0.900816798210144,0.0061368644,0.14535186,0.023776954039931297,0.033628356,0.72656107,0.5
fp_2254,0.004683427046984434,0.97511625289917,0.007173091,0.35140774,0.0026202343869954348,0.03116914,0.7139555,0.5
fp_2255,0.09322157502174377,0.7709150910377502,0.005853951,0.20674689,0.042203933000564575,0.045793794,0.73905313,0.5
fp_2256,0.09737099707126617,0.9673308730125428,0.00450024,0.20785384,0.008160010911524296,0.031359,0.7090372,0.5
fp_2257,0.05543225258588791,0.9405831694602966,0.0059307814,0.5630915,0.009380334988236427,0.02299845,0.6863224,0.5
fp_2258,0.011097203008830547,0.976074993610382,0.0040990114,0.42406613,0.005494225304573774,0.03504963,0.6764269,0.5
fp_2259,0.13000503182411194,0.9280294179916382,0.0061469376,0.5658863,0.004503392148762941,0.019642984,0.7331605,0.5
fp_2260,0.11002959311008453,0.8508325815200806,0.0062879026,0.33508497,0.0017081828555092216,0.019194841,0.7096652,0.5
fp_2261,0.044239964336156845,0.9399076104164124,0.007033527,0.21025288,0.015358627773821354,0.021817625,0.6797802,0.5
fp_2262,0.009614718146622181,0.7073626518249512,0.0047724545,0.3716086,0.0067382329143583775,0.03309867,0.7255206,0.5
fp_2263,0.07439225912094116,0.9406183958053588,0.007883906,0.24553785,0.03169333562254906,0.019003848,0.6239023,0.5
fp_2264,0.1271895468235016,0.9756473302841188,0.004423976,0.53480566,0.022533223032951355,0.027305717,0.69406176,0.5
fp_2265,0.005361589603126049,0.9396138191223145,0.006094724,0.3191406,0.011308815330266953,0.0120586585,0.6325299,0.5
fp_2266,0.003517058677971363,0.8311914205551147,0.005003631,0.35619432,0.0025370230432599783,0.024198769,0.634514,0.5
fp_2267,0.0073800114914774895,0.9431700110435486,0.006417364,0.5371556,0.026894932612776756,0.022705352,0.6658211,0.5
fp_2268,0.055551476776599884,0.9751580357551576,0.005496055,0.20050538,0.009798966348171234,0.021702692,0.62627435,0.5
fp_2269,0.05557912960648537,0.9395079612731934,0.0061445534,0.46468288,0.013004683889448643,0.030439591,0.6328887,0.5
fp_2270,0.01741793565452099,0.9453392624855042,0.0047267675,0.2611716,0.0076378644444048405,0.025868464,0.68678886,0.5
fp_2271,0.04856934770941734,0.591397225856781,0.006123513,0.1904529,0.01181466318666935,0.026842363,0.6978661,0.5
fp_2272,0.003001984441652894,0.8852958083152771,0.005146235,0.31151137,0.033496931195259094,0.03904021,0.652645,0.5
fp_2273,0.05100541561841965,0.8173490762710571,0.0077028275,0.4819935,0.0037177589256316423,0.046824597,0.6450279,0.5
fp_2274,0.028940510004758835,0.861990213394165,0.0045651197,0.19649205,0.006215911824256182,0.027517118,0.682127,0.5
fp_2275,0.07992871105670929,0.8993488550186157,0.0040387213,0.33860925,0.016991687938570976,0.017305251,0.70327574,0.5
fp_2276,0.010256920009851456,0.8897083401679993,0.006479293,0.30306217,0.020052295178174973,0.015343122,0.7694057,0.5
fp_2277,0.00843013171106577,0.939212441444397,0.0052623153,0.44317037,0.012019388377666473,0.02892292,0.6377489,0.5
fp_2278,0.042454008013010025,0.8365923762321472,0.0066028535,0.40093088,0.00584615720435977,0.013352277,0.7672324,0.5
fp_2279,0.05806484818458557,0.6167658567428589,0.0063304305,0.500472,0.0031939567998051643,0.018999692,0.71344686,0.5
fp_2280,0.01670033298432827,0.8349119424819946,0.014023602,0.19112092,0.01973310299217701,0.013074458,0.6821288,0.5
fp_2281,0.08261843770742416,0.813757598400116,0.0053032637,0.43783203,0.009717806242406368,0.022304654,0.6867337,0.5
fp_2282,0.003611532039940357,0.7816735506057739,0.008259118,0.19315632,0.03482698276638985,0.015372768,0.5123286,0.5
fp_2283,0.0675390288233757,0.941966474056244,0.006091714,0.40067238,0.03166060894727707,0.076267645,0.6869667,0.5
fp_2284,0.0028991312719881535,0.806768000125885,0.013055563,0.22081847,0.023187333717942238,0.0071534286,0.66556627,0.5
fp_2285,0.08936040848493576,0.7034744620323181,0.0060996115,0.52695143,0.004499174188822508,0.022236409,0.6055366,0.5
fp_2286,0.0026201868895441294,0.8887903094291687,0.0070527196,0.26091307,0.02907470613718033,0.019808,0.7968055,0.5
fp_2287,0.119486965239048,0.946955382823944,0.0059764087,0.49242273,0.0179755836725235,0.020244284,0.5904118,0.5
fp_2288,0.034632157534360886,0.8791773319244385,0.009886801,0.35450825,0.016851406544446945,0.019630853,0.60354954,0.5
fp_2289,0.013346103020012379,0.9369341135025024,0.006294936,0.11528494,0.011528503149747849,0.03875525,0.6330534,0.5
fp_2290,0.2088867574930191,0.7730245590209961,0.006787032,0.21005628,0.01716253161430359,0.0188442,0.6731086,0.5
fp_2291,0.05816369876265526,0.8545456528663635,0.0064641237,0.49563998,0.009442152455449104,0.07001838,0.70761585,0.5
fp_2292,0.0202656127512455,0.8665940761566162,0.015533268,0.35257447,0.005376098211854696,0.054060034,0.74679774,0.5
fp_2293,0.057182677090168,0.8155723214149475,0.0043490827,0.36025363,0.011134176515042782,0.025433773,0.64979994,0.5
fp_2294,0.05741418898105621,0.851271390914917,0.0053210855,0.5329455,0.03173767775297165,0.018290158,0.6803427,0.5
fp_2295,0.11052205413579941,0.9219743013381958,0.005158037,0.4517196,0.0037215936463326216,0.03655064,0.6929958,0.5
fp_2296,0.012192880734801292,0.7096539735794067,0.006911218,0.33306694,0.004158670082688332,0.01106058,0.7939683,0.5
fp_2297,0.08009150624275208,0.9070833325386048,0.0046781003,0.54632324,0.0014424805995076895,0.025833013,0.66497713,0.5
fp_2298,0.041794344782829285,0.862480103969574,0.006065607,0.55766976,0.025392238050699234,0.02515877,0.7957763,0.5
fp_2299,0.009078815579414368,0.9252227544784546,0.0055193007,0.19346967,0.0031083773355931044,0.019656194,0.68720627,0.5
fp_2300,0.1609543412923813,0.8270204067230225,0.00696066,0.3732232,0.03370591998100281,0.012526989,0.77642465,0.5
fp_2301,0.07476375997066498,0.9305487871170044,0.0062799156,0.18886419,0.007106202654540539,0.031129,0.683069,0.5
fp_2302,0.004197842441499233,0.8520120978355408,0.005246967,0.32575697,0.010904003866016865,0.02828758,0.63090205,0.5
fp_2303,0.009543859399855137,0.9313290119171144,0.006057292,0.3123796,0.003966847434639931,0.023381041,0.7396051,0.5
fp_2304,0.04810723289847374,0.9132944941520692,0.007544458,0.19272168,0.03540324792265892,0.012022108,0.60200024,0.5
fp_2305,0.014053369872272015,0.9274706244468688,0.004875958,0.49381334,0.006845560390502214,0.02706828,0.62760603,0.5
fp_2306,0.044877100735902786,0.8083230257034302,0.0053893626,0.28970188,0.02467665635049343,0.01577164,0.67699885,0.5
fp_2307,0.06774605065584183,0.915968894958496,0.00461936,0.4493572,0.0032011684961616993,0.041329008,0.6800232,0.5
fp_2308,0.012119569815695286,0.8823641538619995,0.0069524944,0.16515175,0.021555442363023758,0.017451797,0.80464876,0.5
fp_2309,0.0465734489262104,0.9227622151374816,0.0054290295,0.22409563,0.0033789929002523422,0.027694695,0.70803773,0.5
fp_2310,0.008740726858377457,0.8501761555671692,0.0076128244,0.38682768,0.015177084133028984,0.015343986,0.67473793,0.5
fp_2311,0.036212798207998276,0.9282825589179992,0.0054109693,0.4556962,0.0012723766267299652,0.017796762,0.67182994,0.5
fp_2312,0.01616225764155388,0.7991485595703125,0.0049650967,0.48885545,0.017198923975229263,0.021965198,0.6592912,0.5
fp_2313,0.10727456957101822,0.925359845161438,0.0060258806,0.47544605,0.0034305411390960217,0.017868409,0.7128285,0.5
fp_2314,0.03553709015250206,0.8366693258285522,0.0025140345,0.4236749,0.019293900579214096,0.03285443,0.7464611,0.5
fp_2315,0.016094407066702843,0.7956970930099487,0.0057449043,0.57059777,0.0029365234076976776,0.01822009,0.7131929,0.5
fp_2316,0.07820188999176025,0.7604415416717529,0.0054008365,0.5692329,0.007033475209027529,0.05931873,0.7667225,0.5
fp_2317,0.10748467594385147,0.9231942296028136,0.004768163,0.49319744,0.0007624809513799846,0.020025752,0.67199636,0.5
fp_2318,0.030390990898013115,0.6384295225143433,0.005975336,0.18733844,0.018607020378112793,0.14490996,0.80118585,0.5
fp_2319,0.10275809466838837,0.9132952690124512,0.0056156814,0.48920155,0.002875921316444874,0.013310712,0.67233515,0.5
fp_2320,0.06299683451652527,0.674789309501648,0.006262064,0.20416966,0.0411418192088604,0.035070833,0.54210186,0.5
fp_2321,0.010145221836864948,0.9282939434051514,0.0056836605,0.49541822,0.0025572911836206913,0.07905811,0.6881665,0.5
fp_2322,0.007323399186134338,0.5738815665245056,0.004439801,0.2171928,0.02166461944580078,0.17915453,0.77924454,0.5
fp_2323,0.09850854426622391,0.9354895949363708,0.004777044,0.24268535,0.005975462030619383,0.040215593,0.688341,0.5
fp_2324,0.023866301402449608,0.5212677717208862,0.0053989887,0.5369547,0.03274254500865936,0.031983368,0.7223477,0.5
fp_2325,0.08757085353136063,0.9209005236625672,0.005300939,0.4001476,0.004841601010411978,0.02635219,0.7089056,0.5
fp_2326,0.16926142573356628,0.7629580497741699,0.0046607554,0.2107319,0.020327409729361534,0.02145348,0.791453,0.5
fp_2327,0.015996750444173813,0.9093162417411804,0.005838871,0.29778403,0.013750756159424782,0.050002456,0.6725262,0.5
fp_2328,0.005940134171396494,0.4632838368415832,0.005732417,0.44939965,0.006192720029503107,0.10634534,0.74077284,0.5
fp_2329,0.011128680780529976,0.9165999293327332,0.0052709877,0.5780878,0.005980123300105333,0.022506347,0.7169596,0.5
fp_2330,0.19189490377902985,0.7651325464248657,0.0024064183,0.24032024,0.023772092536091805,0.07925311,0.76386046,0.5
fp_2331,0.11842601001262665,0.9108110666275024,0.0060264766,0.45188007,0.0028626101557165384,0.024049556,0.72113967,0.5
fp_2332,0.033493176102638245,0.5522511005401611,0.0025793612,0.282809,0.012983913533389568,0.0313069,0.7405587,0.5
fp_2333,0.1325211524963379,0.46808722615242,0.0053619742,0.3106157,0.020880794152617455,0.022791823,0.6862583,0.5
fp_2334,0.12392865866422653,0.563605785369873,0.005455196,0.5758217,0.004490498453378677,0.029846463,0.7688744,0.5
fp_2335,0.10507448762655258,0.4389072954654693,0.0069225132,0.3600487,0.006074677221477032,0.017055403,0.66269445,0.5
fp_2336,0.021196823567152023,0.5747278332710266,0.0026183128,0.21495128,0.020270882174372673,0.08764054,0.7500944,0.5
fp_2337,0.015005040913820267,0.4575496912002563,0.0069610476,0.15206535,0.019807329401373863,0.014509986,0.6591839,0.5
fp_2338,0.009438438341021538,0.7926592230796814,0.003122896,0.17740342,0.0353524275124073,0.2020482,0.78224814,0.5
fp_2339,0.06635233014822006,0.4370926022529602,0.006692469,0.17929156,0.033912770450115204,0.014986495,0.5967386,0.5
fp_2340,0.0027842619456350803,0.4888939261436462,0.0034750402,0.502308,0.012696200981736183,0.092742205,0.83377194,0.5
fp_2341,0.01592092216014862,0.4153112471103668,0.0076001287,0.37617245,0.024189189076423645,0.011891511,0.6667929,0.5
fp_2342,0.08741117268800735,0.655122697353363,0.003513068,0.26619104,0.030185244977474213,0.06524113,0.7525262,0.5
fp_2343,0.017537707462906837,0.5656018257141113,0.00592497,0.2996372,0.027142545208334923,0.017819405,0.710469,0.5
fp_2344,0.03700019419193268,0.5967110395431519,0.0031083822,0.35682902,0.02569335140287876,0.06976744,0.78983307,0.5
fp_2345,0.12129829823970795,0.4653479158878326,0.005558759,0.29429257,0.016141267493367195,0.02005974,0.6633674,0.5
fp_2346,0.0062232064083218575,0.6245699524879456,0.0037124157,0.14716893,0.032314423471689224,0.32599974,0.79914707,0.5
fp_2347,0.0714547410607338,0.3906221091747284,0.00511384,0.29162204,0.017720738425850868,0.02356727,0.6584376,0.5
fp_2348,0.008881800808012486,0.5464508533477783,0.0037513077,0.3015136,0.011129038408398628,0.23973954,0.80434096,0.5
fp_2349,0.07076319307088852,0.4160259068012237,0.009604752,0.30521727,0.0049485377967357635,0.01916991,0.6741381,0.5
fp_2350,0.03273472189903259,0.7817111015319824,0.0025360584,0.25003475,0.015855247154831886,0.10459473,0.76613367,0.5
fp_2351,0.11228801310062408,0.3851395845413208,0.0060480833,0.5851978,0.018991632387042046,0.02187816,0.6684873,0.5
fp_2352,0.14603863656520844,0.8985037207603455,0.006353706,0.4697655,0.025624556466937065,0.028998012,0.8118652,0.5
fp_2353,0.09797528386116028,0.2874151468276977,0.006202221,0.3009656,0.004967894405126572,0.02508068,0.67184395,0.5
fp_2354,0.2843489348888397,0.7693974375724792,0.0068832636,0.467081,0.006071960087865591,0.03157695,0.81519437,0.5
fp_2355,0.1359994113445282,0.3696728646755218,0.0058557093,0.56405234,0.013048849068582058,0.021315975,0.6742877,0.5
fp_2356,0.019893944263458252,0.6891810297966003,0.01230222,0.21929383,0.01880047284066677,0.04512312,0.77910054,0.5
fp_2357,0.07405995577573776,0.6654766798019409,0.0061475337,0.503143,0.03472619876265526,0.024657452,0.7058633,0.5
fp_2358,0.10716819763183594,0.7678573131561279,0.009512037,0.20267764,0.033508144319057465,0.05518965,0.61353767,0.5
fp_2359,0.023715777322649956,0.3605212867259979,0.0057157874,0.42929983,0.0106725562363863,0.019375246,0.6556951,0.5
fp_2360,0.015755606815218925,0.7633481025695801,0.010809958,0.27081174,0.028522096574306488,0.09382977,0.6872917,0.5
fp_2361,0.11292517930269241,0.5462862849235535,0.005512476,0.14775008,0.035438355058431625,0.018761432,0.6431935,0.5
fp_2362,0.03705833479762077,0.6344917416572571,0.0076166987,0.3865781,0.031478703022003174,0.11666366,0.6477307,0.5
fp_2363,0.08541013300418854,0.3587985336780548,0.005851686,0.16362555,0.027240367606282234,0.017133037,0.65198374,0.5
fp_2364,0.12706246972084045,0.8854020237922668,0.007850438,0.33711526,0.018051868304610252,0.034352884,0.7304537,0.5
fp_2365,0.0485246479511261,0.4973111152648926,0.0055621266,0.321026,0.021011652424931526,0.027880743,0.707272,0.5
fp_2366,0.2285744696855545,0.8083338141441345,0.007909209,0.27876052,0.01927166059613228,0.02941799,0.70650685,0.5
fp_2367,0.027643958106637,0.3835967183113098,0.0063052177,0.388712,0.014264766126871109,0.025654439,0.65168643,0.5
fp_2368,0.06491602957248688,0.5998645424842834,0.011812419,0.27989346,0.005458645522594452,0.18211773,0.7602588,0.5
fp_2369,0.1312328577041626,0.4578017890453338,0.0060382187,0.55279523,0.015757013112306595,0.022550838,0.6469698,0.5
fp_2370,0.33620187640190125,0.8106626868247986,0.0044112504,0.35362476,0.023476723581552505,0.18249969,0.68277675,0.5
fp_2371,0.049669697880744934,0.8324069976806641,0.0062559545,0.544726,0.025774015113711357,0.026841797,0.6633117,0.5
fp_2372,0.16655710339546204,0.3850833475589752,0.005319804,0.38154754,0.017220215871930122,0.048422214,0.75073373,0.5
fp_2373,0.045876938849687576,0.8508509993553162,0.00599733,0.54129344,0.00583986658602953,0.015088614,0.50703084,0.5
fp_2374,0.23340632021427155,0.8702682852745056,0.0071522295,0.4155352,0.007648855913430452,0.091285504,0.81470716,0.5
fp_2375,0.01576431281864643,0.8683158755302429,0.010129958,0.23456588,0.021558716893196106,0.015904287,0.67877066,0.5
fp_2376,0.2057984620332718,0.7044878005981445,0.006439209,0.36508027,0.027094494551420212,0.21920864,0.7372625,0.5
fp_2377,0.020698707550764084,0.8710511326789856,0.0077186823,0.28923494,0.029997561126947403,0.016197657,0.47922826,0.5
fp_2378,0.1069314256310463,0.7327569723129272,0.0065017343,0.2606929,0.04052998498082161,0.26848438,0.68248105,0.5
fp_2379,0.017948836088180542,0.8741521835327148,0.009212911,0.3908075,0.022609656676650047,0.015298049,0.66538453,0.5
fp_2380,0.18672503530979156,0.8073685169219971,0.007754028,0.31325707,0.040266718715429306,0.12002186,0.6700905,0.5
fp_2381,0.015362254343926907,0.8168712854385376,0.006666124,0.5047419,0.025529421865940094,0.019070737,0.5899592,0.5
fp_2382,0.16642062366008759,0.7702594995498657,0.0063808262,0.44123513,0.020087020471692085,0.027250819,0.7688897,0.5
fp_2383,0.055642563849687576,0.8369496464729309,0.0066120625,0.46024674,0.01722630113363266,0.018244881,0.59610385,0.5
fp_2384,0.024105669930577278,0.7412872910499573,0.006577015,0.1723491,0.02409566566348076,0.10846,0.6883902,0.5
fp_2385,0.038353051990270615,0.881299614906311,0.006115526,0.4392236,0.016810130327939987,0.023832304,0.65942806,0.5
fp_2386,0.08159926533699036,0.686464250087738,0.007201642,0.282311,0.019698409363627434,0.24358796,0.7389395,0.5
fp_2387,0.0377739779651165,0.8713168501853943,0.009339452,0.4214848,0.00773320347070694,0.023417786,0.52866805,0.5
fp_2388,0.18520855903625488,0.6492196917533875,0.0042939484,0.359596,0.018425680696964264,0.09102517,0.66080856,0.5
fp_2389,0.05243905261158943,0.8517993688583374,0.0060822368,0.5877939,0.019852593541145325,0.02237972,0.6584973,0.5
fp_2390,0.08109281212091446,0.4800258874893188,0.0062677264,0.37772605,0.05388142168521881,0.042953532,0.7198019,0.5
fp_2391,0.021606460213661194,0.8770957589149475,0.006501913,0.48531628,0.005138865206390619,0.012031517,0.5078617,0.5
fp_2392,0.06766314804553986,0.7228363156318665,0.007396817,0.1943483,0.05029062554240227,0.024992567,0.6937243,0.5
fp_2393,0.06072308123111725,0.8688791990280151,0.006126821,0.59222746,0.013652372173964977,0.016618025,0.620595,0.5
fp_2394,0.020551348105072975,0.4834621548652649,0.008210421,0.19470415,0.08764832466840744,0.04714497,0.6946045,0.5
fp_2395,0.04398506134748459,0.5840396881103516,0.0061061084,0.570596,0.04066631197929382,0.022336643,0.6611366,0.5
fp_2396,0.0032542620319873095,0.5115968585014343,0.008856863,0.27063867,0.0476677380502224,0.026531953,0.7291626,0.5
fp_2397,0.02006981149315834,0.8855167031288147,0.0060298145,0.56996584,0.023626701906323433,0.024429584,0.65232426,0.5
fp_2398,0.007832423783838749,0.7215511798858643,0.0058908463,0.53072894,0.07362179458141327,0.030314324,0.7180481,0.5
fp_2399,0.031882934272289276,0.8698598146438599,0.0066150427,0.33702567,0.03658523038029671,0.018820675,0.6319921,0.5
fp_2400,0.047335997223854065,0.5199155807495117,0.005725771,0.5054539,0.043687961995601654,0.052865215,0.68034196,0.5
fp_2401,0.027519334107637405,0.8676537275314331,0.006254971,0.4948741,0.03167621046304703,0.020176793,0.6662264,0.5
fp_2402,0.045110926032066345,0.4753143489360809,0.0061333776,0.14979462,0.03772839531302452,0.047109663,0.69477224,0.5
fp_2403,0.047809429466724396,0.8448866009712219,0.006001562,0.42810044,0.028021614998579025,0.03091863,0.67926764,0.5
fp_2404,0.005619074683636427,0.8887146711349487,0.0070640743,0.45082718,0.021128296852111816,0.036186606,0.6726947,0.5
fp_2405,0.023710334673523903,0.8775920271873474,0.006031096,0.54233086,0.016849510371685028,0.02594804,0.6851944,0.5
fp_2406,0.0892193540930748,0.5043721199035645,0.00577721,0.19117066,0.06638570129871368,0.048379567,0.7353649,0.5
fp_2407,0.04162554815411568,0.8681926131248474,0.006083995,0.5803275,0.022336309775710106,0.024150092,0.6667924,0.5
fp_2408,0.0005258554592728615,0.0210881736129522,0.48851845,0.99915904,0.018565112724900246,0.19202496,0.2476899,0.5
fp_2409,0.000186331250006333,0.0040768231265246,0.4907251,0.5791273,0.0383051335811615,0.21087319,0.2434406,0.5
fp_2410,0.00038163995486684144,0.382773756980896,0.44203594,0.6176647,0.005565016996115446,0.22399506,0.23243007,0.5
fp_2411,0.00416412390768528,0.0016303315060213,0.486977,0.9715549,0.016906803473830223,0.2450524,0.26159427,0.5
fp_2412,0.00019165192497894168,0.383583515882492,0.4727872,0.83258104,0.0009644226520322263,0.2563391,0.2987368,0.5
fp_2413,0.0033717616461217403,0.1193501204252243,0.52291274,0.5341886,0.045341309159994125,0.4075599,0.22858799,0.5
fp_2414,0.01676497794687748,0.3928435742855072,0.5066159,0.3270152,0.007667192257940769,0.20786273,0.27864355,0.5
fp_2415,0.002971396781504154,0.0012428411282598,0.4223866,0.21515647,0.09223136305809021,0.25355852,0.23739706,0.5
fp_2416,0.0002641864703036845,0.3145556449890136,0.498843,0.40375024,0.010491373017430305,0.23559442,0.32104814,0.5
fp_2417,0.00014008818834554404,0.0139191038906574,0.46989807,0.9484083,0.03143370896577835,0.22500071,0.25446656,0.5
fp_2418,0.00010879032197408378,0.3015606105327606,0.55685407,0.5801253,0.005519833415746689,0.14696062,0.24810895,0.5
fp_2419,0.0007400834001600742,0.0023932582698762,0.4898051,0.798257,0.05294744297862053,0.24727796,0.3141387,0.5
fp_2420,0.03465992957353592,0.308228999376297,0.47075224,0.6674295,0.009540081024169922,0.21303356,0.2467423,0.5
fp_2421,0.0004700974386651069,0.0069452384486794,0.469463,0.8525346,0.045617032796144485,0.25500578,0.20257497,0.5
fp_2422,0.00035329003003425896,0.3947079181671142,0.48354954,0.6125765,0.0050452654249966145,0.20025197,0.3064139,0.5
fp_2423,0.0007605560822412372,0.0971203371882438,0.44836512,0.23388842,0.034518953412771225,0.3764321,0.28808603,0.5
fp_2424,0.03242136910557747,0.3400486707687378,0.4331789,0.47711664,0.0034604689572006464,0.20623884,0.27977598,0.5
fp_2425,0.002231430262327194,0.0928826108574867,0.48717687,0.35644135,0.03138158842921257,0.20670418,0.23483692,0.5
fp_2426,0.00012532950495369732,0.2205511927604675,0.528748,0.7652961,0.002991077955812216,0.19317201,0.28464395,0.5
fp_2427,0.008179140277206898,0.0124462246894836,0.47908014,0.6716173,0.040911562740802765,0.2626917,0.23286924,0.5
fp_2428,0.0015620131744071841,0.1966067105531692,0.42557952,0.51710546,0.008116711862385273,0.23637384,0.20234078,0.5
fp_2429,0.03320750594139099,0.3825680911540985,0.4828724,0.9771978,0.01127720158547163,0.19755535,0.3434615,0.5
fp_2430,0.00047091080341488123,0.3434836864471435,0.40054336,0.8487461,0.006039719562977552,0.20835291,0.2417747,0.5
fp_2431,0.0023752902634441853,0.2486898452043533,0.49282458,0.9696417,0.005511544644832611,0.2255317,0.3064322,0.5
fp_2432,0.0016074031591415405,0.3089504837989807,0.48719466,0.62927234,0.0020054345950484276,0.17851631,0.31835675,0.5
fp_2433,0.000990339438430965,0.4733414947986603,0.52617687,0.73707515,0.016799455508589745,0.20016268,0.28115988,0.5
fp_2434,0.0002559195563662797,0.0063704093918204,0.43737316,0.8329345,0.007037789560854435,0.21285494,0.18812357,0.5
fp_2435,0.0016084326198324561,0.3934574723243713,0.5502284,0.73531425,0.03238334879279137,0.23597673,0.4040012,0.5
fp_2436,0.00265934388153255,0.3179475367069244,0.414816,0.9709427,0.025104185566306114,0.19419108,0.20631415,0.5
fp_2437,0.00015948980581015348,0.4199258685111999,0.47040677,0.7861509,0.013075281865894794,0.25441617,0.37389368,0.5
fp_2438,7.584138074889779e-05,0.0143170850351452,0.44490626,0.7729703,0.002841266570612788,0.3572536,0.32499868,0.5
fp_2439,0.0004549237200990319,0.4449141919612884,0.50219387,0.957805,0.027140915393829346,0.24798693,0.29621306,0.5
fp_2440,0.0004245865857228637,0.3033287823200226,0.47127354,0.43017435,0.007736233528703451,0.21433894,0.33467358,0.5
fp_2441,0.024692349135875702,0.4392805099487304,0.490825,0.9245349,0.01421361044049263,0.2096468,0.40347573,0.5
fp_2442,0.0001968106662388891,0.0910643935203552,0.43579715,0.5769531,0.006257792469114065,0.20649242,0.23559056,0.5
fp_2443,0.0014398531056940556,0.0030530337244272,0.49155775,0.68567693,0.012473894283175468,0.19074339,0.2480687,0.5
fp_2444,7.082252705004066e-05,0.3710713386535644,0.44941863,0.7373183,0.028040872886776924,0.22796965,0.21813902,0.5
fp_2445,0.0009187567629851401,0.0148273790255188,0.54882556,0.9473955,0.0044877901673316956,0.42378312,0.41866794,0.5
fp_2446,0.0008195942500606179,0.3711734712123871,0.42945856,0.4945635,0.0065390258096158504,0.19311306,0.2534952,0.5
fp_2447,0.014607156626880169,0.0674585700035095,0.380575,0.8680006,0.016525277867913246,0.2916127,0.24245392,0.5
fp_2448,9.340182441519573e-05,0.4130556583404541,0.50663435,0.65969324,0.018520336598157883,0.1809333,0.22758861,0.5
fp_2449,0.0003013662062585354,0.4619751572608948,0.45108992,0.9584576,0.013932527042925358,0.23009938,0.36434838,0.5
fp_2450,0.0002845645940396935,0.0245135929435491,0.50282407,0.8879654,0.00606335885822773,0.15999223,0.2790901,0.5
fp_2451,0.0014568320475518703,0.0039663184434175,0.50031096,0.93923235,0.004240268375724554,0.22151218,0.35536912,0.5
fp_2452,0.0008312030113302171,0.0244460552930831,0.67974764,0.42271882,0.01903942972421646,0.19452761,0.23506789,0.5
fp_2453,0.017809676006436348,0.0171481724828481,0.45311743,0.9501969,0.011218633502721786,0.27510896,0.28674537,0.5
fp_2454,0.00029760811594314873,0.0134098837152123,0.57440513,0.4751219,0.03220616653561592,0.26201707,0.2955408,0.5
fp_2455,0.003579186974093318,0.489171028137207,0.48845077,0.911524,0.025955693796277046,0.46629205,0.27037227,0.5
fp_2456,5.142343070474453e-05,0.0165509805083274,0.6322649,0.60514396,0.022314557805657387,0.1494324,0.26344863,0.5
fp_2457,0.001377705717459321,0.0066515202634036,0.4904616,0.9695544,0.005938661750406027,0.29504666,0.3546182,0.5
fp_2458,0.0013417087029665709,0.0252900347113609,0.5248006,0.68811345,0.026676544919610023,0.23843499,0.22777691,0.5
fp_2459,0.0012350137112662196,0.3139943480491638,0.4844465,0.95021045,0.019025621935725212,0.20003036,0.39964068,0.5
fp_2460,0.00028005579952150583,0.4192653894424438,0.56935334,0.7303932,0.016295038163661957,0.2191478,0.2924286,0.5
fp_2461,0.0007906073587946594,0.281636506319046,0.4981781,0.5492877,0.01338520273566246,0.31958115,0.3528428,0.5
fp_2462,0.002027156762778759,0.0122435009106993,0.5169728,0.545282,0.015766970813274384,0.2357554,0.26629508,0.5
fp_2463,0.0013825367204844952,0.0317435152828693,0.5020252,0.9610616,0.012779264710843563,0.46672595,0.2709217,0.5
fp_2464,0.0002022032713284716,0.0402393154799938,0.6782605,0.80100954,0.006017968989908695,0.4601596,0.29883283,0.5
fp_2465,0.03771912679076195,0.0165368597954511,0.40010208,0.8988924,0.013023645617067814,0.18314503,0.31671444,0.5
fp_2466,0.00033324953983537853,0.019500084221363,0.45681348,0.96415746,0.02957494556903839,0.19705956,0.20271005,0.5
fp_2467,0.004728582222014666,0.5860475301742554,0.44470295,0.8842634,0.003111376892775297,0.22218724,0.27907327,0.5
fp_2468,7.040597847662866e-05,0.0111916055902838,0.50951666,0.70619506,0.005771344527602196,0.15518503,0.30273098,0.5
fp_2469,0.0008795777102932334,0.6097384095191956,0.41892213,0.9547043,0.0015292838215827942,0.30750498,0.34080273,0.5
fp_2470,0.0004929974675178528,0.0962458103895187,0.48485485,0.9629483,0.024905428290367126,0.1902436,0.2904417,0.5
fp_2471,0.00022466578229796141,0.5578469038009644,0.4593653,0.4845744,0.00323636457324028,0.2531583,0.33577,0.5
fp_2472,0.0006982852937653661,0.0137669136747717,0.5205331,0.8461072,0.031067034229636192,0.21821792,0.24458423,0.5
fp_2473,0.0008204870391637087,0.5454418659210205,0.49880713,0.6530937,0.006783538963645697,0.29973054,0.32978743,0.5
fp_2474,6.678010686300695e-05,0.0472584180533885,0.4596822,0.8098405,0.01233075000345707,0.35153216,0.29018337,0.5
fp_2475,0.0001908954291138798,0.5440852046012878,0.47923258,0.7480466,0.0034282272681593895,0.31609043,0.2705099,0.5
fp_2476,0.0009168621618300676,0.0579526759684085,0.5471055,0.4209488,0.03113921731710434,0.17710748,0.3551349,0.5
fp_2477,0.0003161603817716241,0.2966916263103485,0.42995706,0.9034799,0.006636522244662046,0.31293088,0.2728442,0.5
fp_2478,0.0004298084822949022,0.0207615830004215,0.46436405,0.6636795,0.023556075990200043,0.21250473,0.21706995,0.5
fp_2479,0.0009524108609184623,0.6006165146827698,0.41480365,0.84569424,0.0034381740260869265,0.30840105,0.32399035,0.5
fp_2480,0.0005268342210911214,0.0293854158371686,0.51025206,0.49084768,0.02329070307314396,0.18137567,0.3175532,0.5
fp_2481,0.0007442530477419496,0.5687443017959595,0.4590326,0.70251393,0.0029549975879490376,0.29543114,0.3272459,0.5
fp_2482,0.00010139026562683284,0.0638059377670288,0.5383853,0.88974464,0.018806012347340584,0.1987374,0.22523242,0.5
fp_2483,0.0005343772354535758,0.5498666763305664,0.4528762,0.86287963,0.001483774627558887,0.30034655,0.30765453,0.5
fp_2484,0.00019628556037787348,0.020925847813487,0.44006285,0.9494318,0.018055850639939308,0.22104816,0.22364917,0.5
fp_2485,0.0015872810035943985,0.5617144703865051,0.48709524,0.9299752,0.0032056053169071674,0.2092346,0.24634653,0.5
fp_2486,0.0021213707514107227,0.0173834972083568,0.27835888,0.8816844,0.01869909279048443,0.28302896,0.25892407,0.5
fp_2487,0.00027170946123078465,0.0151332290843129,0.473339,0.962185,0.0031091428827494383,0.18815406,0.29590377,0.5
fp_2488,0.0007898603216744959,0.010445806197822,0.4646746,0.9562607,0.007490851450711489,0.30137187,0.24718525,0.5
fp_2489,0.0011600925354287028,0.564346432685852,0.42360595,0.9090579,0.0009322765981778502,0.2524333,0.34911612,0.5
fp_2490,0.028819940984249115,0.004597327671945,0.491986,0.6616388,0.02022135816514492,0.47203735,0.24262053,0.5
fp_2491,0.0012685710098594427,0.5923148393630981,0.466147,0.9526914,0.0028307700995355844,0.201872,0.25656685,0.5
fp_2492,0.0018590142717584968,0.0053907996043562,0.5012772,0.6468554,0.039498768746852875,0.27590972,0.25177044,0.5
fp_2493,0.0002430483145872131,0.5645987391471863,0.47100955,0.92651814,0.002637141617015004,0.39517564,0.33490488,0.5
fp_2494,0.00012803345452994108,0.0029862269293516,0.4199931,0.59435594,0.020959554240107536,0.5744396,0.26657814,0.5
fp_2495,0.0012261051451787353,0.5190469622612,0.4247329,0.64056605,0.00494845537468791,0.35564408,0.3321675,0.5
fp_2496,0.00900470931082964,0.0021217663306742,0.46321803,0.92002547,0.03301683068275452,0.2939147,0.23339526,0.5
fp_2497,0.001069305115379393,0.5751916170120239,0.45236793,0.864761,0.004192696884274483,0.3166237,0.31611806,0.5
fp_2498,0.10489741712808609,0.0098556848242878,0.43628162,0.54473674,0.019312560558319092,0.21771184,0.24336171,0.5
fp_2499,0.00039828065200708807,0.6084975600242615,0.47823465,0.784993,0.014424379914999008,0.3680542,0.24307148,0.5
fp_2500,9.895455877995118e-05,0.0015829961048439,0.48439077,0.90980846,0.007714984472841024,0.4384361,0.2542333,0.5
fp_2501,0.000256910891039297,0.5841450691223145,0.4527513,0.9753472,0.006487697828561068,0.29001254,0.33597466,0.5
fp_2502,0.0016037700697779655,0.0099687539041042,0.26957527,0.54891837,0.021692540496587753,0.44198093,0.25916418,0.5
fp_2503,0.0018911688821390271,0.5982585549354553,0.48689684,0.9166042,0.0028738996479660273,0.25104296,0.25059426,0.5
fp_2504,0.000579465355258435,0.0027226756792515,0.28385854,0.7267782,0.014610746875405312,0.25378928,0.26999766,0.5
fp_2505,0.00424995319917798,0.0017593647353351,0.45434374,0.80393964,0.019135748967528343,0.17943405,0.22327185,0.5
fp_2506,0.0022501167841255665,0.003170650685206,0.46954623,0.9501111,0.0059481835924088955,0.35524142,0.24420577,0.5
fp_2507,0.0014194226823747158,0.0014724824577569,0.5209246,0.81687117,0.006228254176676273,0.18819919,0.21421324,0.5
fp_2508,0.0004158815136179328,0.0031794006936252,0.28796315,0.75108874,0.020054632797837257,0.4411368,0.259027,0.5
fp_2509,0.00043948873644694686,0.0015288922004401,0.5196536,0.39382684,0.019251788035035133,0.18346915,0.22382034,0.5
fp_2510,0.00019981845980510116,0.0125025566667318,0.33105117,0.42222852,0.0370703786611557,0.49636376,0.27788585,0.5
fp_2511,0.0009657752234488726,0.0014420039951801,0.50428784,0.52047294,0.03200911730527878,0.20823412,0.25572622,0.5
fp_2512,5.343172961147502e-05,0.0018320664530619,0.35409033,0.9279114,0.013508324511349201,0.54826796,0.21432626,0.5
fp_2513,0.0003808373003266752,0.0013079352211207,0.5460084,0.8452509,0.023353245109319687,0.18309885,0.24122949,0.5
fp_2514,0.0010501246433705091,0.0045185955241322,0.3543853,0.76861584,0.027776315808296204,0.31985894,0.30623892,0.5
fp_2515,0.0004778039874508977,0.0028353296220302,0.47855586,0.6554185,0.025591623038053513,0.23103069,0.19975072,0.5
fp_2516,0.0002917884266935289,0.0034573953598737,0.32495004,0.87814504,0.024120932444930077,0.43276447,0.24597734,0.5
fp_2517,0.002125933999195695,0.0016625125426799,0.4593312,0.6137997,0.01592841185629368,0.20228519,0.24323997,0.5
fp_2518,0.00020645908080041409,0.0040333396755158,0.37179828,0.48142046,0.03011603094637394,0.50880295,0.28915817,0.5
fp_2519,0.0017971290508285165,0.0011058483505621,0.43918586,0.79129326,0.016248220577836037,0.20066907,0.24155673,0.5
fp_2520,0.000405193364713341,0.002859346801415,0.3758712,0.67905915,0.014365528710186481,0.65301543,0.23819263,0.5
fp_2521,0.0009746017167344689,0.0013024122454226,0.6021874,0.68683225,0.005620985291898251,0.17958805,0.22832447,0.5
fp_2522,0.0053507015109062195,0.0131662497296929,0.2816258,0.6351882,0.016727730631828308,0.23239583,0.24382576,0.5
fp_2523,0.0023870673030614853,0.0011120855342596,0.48822734,0.96687967,0.01797572709619999,0.2000751,0.21205294,0.5
fp_2524,0.015421236865222454,0.0400415770709514,0.48802212,0.8751218,0.023957636207342148,0.2073138,0.24845207,0.5
fp_2525,0.0024678362533450127,0.0007176405051723,0.49029204,0.5864976,0.0065639507956802845,0.22112712,0.21457736,0.5
fp_2526,0.010128566063940525,0.0104763116687536,0.5068747,0.87756556,0.007664271630346775,0.3148903,0.26015735,0.5
fp_2527,0.0024318404030054808,0.0010278583504259,0.47928315,0.9649824,0.014523678459227085,0.18725184,0.22231483,0.5
fp_2528,0.006436733528971672,0.0061123641207814,0.6359978,0.5118951,0.019282275810837746,0.33933717,0.2560775,0.5
fp_2529,0.0018972704419866204,0.0047668763436377,0.49251938,0.9588896,0.03177474066615105,0.19782902,0.21787418,0.5
fp_2530,0.003292570821940899,0.0110934097319841,0.5876632,0.5514804,0.03319646418094635,0.25451025,0.2199998,0.5
fp_2531,0.0007280420977622271,0.0010291202925145,0.47206247,0.89668846,0.01224399171769619,0.17658965,0.229157,0.5
fp_2532,0.00022061224444769323,0.0107993194833397,0.542194,0.575313,0.02871144562959671,0.49029842,0.25312155,0.5
fp_2533,0.0016058863839134574,0.0024990828242152,0.46153548,0.39036307,0.03172546997666359,0.18341048,0.29143977,0.5
fp_2534,0.010200693272054195,0.0034219527151435,0.5279111,0.75137377,0.031221628189086914,0.48181602,0.15037733,0.5
fp_2535,0.0013036055024713278,0.0009879518765956,0.47903824,0.48280758,0.02542681246995926,0.21062176,0.22723857,0.5
fp_2536,0.02110457792878151,0.0359668023884296,0.52710253,0.5502913,0.01918320544064045,0.25605547,0.23926589,0.5
fp_2537,0.0010928134433925152,0.0020176596008241,0.46446788,0.7346195,0.022920051589608192,0.24254245,0.22180472,0.5
fp_2538,0.144359290599823,0.0163309648633003,0.5567151,0.68509585,0.018702346831560135,0.26106656,0.24697015,0.5
fp_2539,0.000807503645773977,0.0010939425555989,0.49782088,0.8826479,0.01784585416316986,0.2340485,0.22460377,0.5
fp_2540,0.00115765945520252,0.0032073715701699,0.62654924,0.61674345,0.006431270856410265,0.43705747,0.27444607,0.5
fp_2541,0.002306882757693529,0.0015907926717773,0.48777887,0.9515877,0.016428153961896896,0.18879116,0.20639999,0.5
fp_2542,0.014228851534426212,0.0154693843796849,0.40917507,0.62923676,0.025020699948072433,0.54118204,0.21340391,0.5
fp_2543,0.0018566552316769958,0.0446070954203605,0.4973281,0.9744445,0.024181965738534927,0.20668328,0.22129224,0.5
fp_2544,0.007429718971252441,0.0010320983128622,0.45455742,0.70550436,0.019451431930065155,0.3145655,0.23913081,0.5
fp_2545,0.0007083520758897066,0.0967427492141723,0.4856646,0.95722735,0.005842303391546011,0.15813257,0.19243152,0.5
fp_2546,0.02196948230266571,0.0798368006944656,0.513272,0.7507364,0.008323170244693756,0.52669704,0.2563848,0.5
fp_2547,0.0005189935909584165,0.0735330432653427,0.6216095,0.71592575,0.02018892392516136,0.19077498,0.22222155,0.5
fp_2548,0.030131075531244278,0.0066716196015477,0.49721837,0.632115,0.02764737233519554,0.56432265,0.24576856,0.5
fp_2549,0.0006134450086392462,0.0559366717934608,0.5533735,0.75731033,0.0275945533066988,0.19108677,0.26013446,0.5
fp_2550,0.05046800151467323,0.0072953253984451,0.50843084,0.33432758,0.04298364371061325,0.48298204,0.21379213,0.5
fp_2551,0.00042195344576612115,0.0641428604722023,0.59456545,0.9111695,0.022196738049387932,0.18940215,0.25110286,0.5
fp_2552,0.004603205248713493,0.0116272764280438,0.5269408,0.74755013,0.0375373512506485,0.36453196,0.28578424,0.5
fp_2553,0.0004722053708974272,0.0194824878126382,0.5130707,0.9320936,0.022718871012330055,0.18640631,0.23712905,0.5
fp_2554,0.0034887432120740414,0.0126595897600054,0.49144268,0.897299,0.02106633223593235,0.32235724,0.23958877,0.5
fp_2555,0.0015174195868894458,0.0846317335963249,0.505431,0.89903164,0.015894893556833267,0.18868905,0.2324923,0.5
fp_2556,0.0016587559366598725,0.0069729187525808,0.5080566,0.38182622,0.02527119405567646,0.33331668,0.22691388,0.5
fp_2557,0.0011235858546569943,0.1045029163360595,0.49124303,0.8803574,0.016135400161147118,0.18969335,0.22413372,0.5
fp_2558,0.008144669234752655,0.0062363753095269,0.51916313,0.40732375,0.02309444174170494,0.4596304,0.2174764,0.5
fp_2559,0.0006106921355240047,0.0695944875478744,0.60202324,0.85439175,0.008154991082847118,0.2071984,0.22360824,0.5
fp_2560,0.022242028266191483,0.0055480590090155,0.39963803,0.692751,0.02008878067135811,0.36943862,0.21192004,0.5
fp_2561,0.0011782387737184763,0.0400916449725627,0.48978633,0.97225493,0.01962347887456417,0.20757513,0.24413769,0.5
fp_2562,0.009195523336529732,0.0018171118572354,0.50395834,0.89784396,0.04477018490433693,0.23128936,0.21458918,0.5
fp_2563,0.0008388657588511705,0.2883586287498474,0.5072292,0.9142908,0.006789484992623329,0.12721755,0.19369546,0.5
fp_2564,0.01784697361290455,0.0067852125503122,0.54487664,0.68011934,0.0447717010974884,0.20601824,0.2512147,0.5
fp_2565,0.0016832671826705337,0.1482609212398529,0.4914852,0.9762247,0.01606500893831253,0.19290033,0.24002942,0.5
fp_2566,0.00040068861562758684,0.0016330394428223,0.57449764,0.6980145,0.07344375550746918,0.24500126,0.317345,0.5
fp_2567,0.0011654543923214078,0.0031272498890757,0.49052778,0.97579986,0.036463189870119095,0.19696772,0.2523103,0.5
fp_2568,8.075474033830687e-05,0.0019043828360736,0.57021046,0.60228807,0.041407112032175064,0.34499684,0.2812979,0.5
fp_2569,0.0005479136016219854,0.1451021134853363,0.48734143,0.9739107,0.023602159693837166,0.19712658,0.23328248,0.5
fp_2570,0.00043301351252011955,0.0063441982492804,0.48072854,0.93780595,0.06479057669639587,0.2010621,0.25960925,0.5
fp_2571,0.0005678536836057901,0.0477272532880306,0.5122627,0.89561206,0.03208936005830765,0.16008653,0.27712157,0.5
fp_2572,0.004301836248487234,0.0022085946984589,0.47057125,0.95962316,0.04058697447180748,0.4084988,0.3037806,0.5
fp_2573,0.00046794855734333396,0.0836076736450195,0.49729207,0.9695672,0.02970653958618641,0.18053818,0.22612974,0.5
fp_2574,0.0026510213501751423,0.0023062331601977,0.49972227,0.74014,0.03368350863456726,0.26921082,0.24165165,0.5
fp_2575,0.0013239873806014657,0.0584206692874431,0.4860493,0.80081654,0.02947210520505905,0.2372448,0.25965434,0.5
fp_2576,0.00012613518629223108,0.0547161251306533,0.52299833,0.882143,0.022528886795043945,0.21568637,0.28828448,0.5
fp_2577,0.0005941650015302002,0.1822782903909683,0.48696935,0.96174926,0.021092621609568596,0.19880815,0.23566724,0.5
fp_2578,0.004599285311996937,0.0024505334440618,0.47575027,0.5631106,0.056051306426525116,0.22826482,0.21349126,0.5
fp_2579,0.0012587676756083965,0.2034209668636322,0.48985535,0.9706829,0.022974500432610512,0.20553368,0.2296911,0.5
fp_2580,5.1942911777347334e-11,0.0679493099451065,0.044781953,0.9804286,0.02853444777429104,0.45813078,0.2048686,0.4
fp_2581,2.9708957516305645e-11,0.0187158826738595,0.044855922,0.24598885,0.05970848724246025,0.26729807,0.17959268,0.4
fp_2582,4.770933995090765e-11,0.6315520405769348,0.037096977,0.35964945,0.00980295054614544,0.45683166,0.20455588,0.4
fp_2583,1.1519929454806288e-10,0.0121847856789827,0.044297695,0.6671594,0.02594376727938652,0.2945101,0.2178306,0.4
fp_2584,3.728207673137085e-11,0.6322983503341675,0.04254219,0.5067988,0.0012607492972165346,0.31700397,0.28359458,0.4
fp_2585,1.348430533898437e-10,0.1906051635742187,0.051328152,0.2454673,0.07472151517868042,0.024866652,0.17918493,0.2
fp_2586,1.0860087273911745e-09,0.5765579342842102,0.048210055,0.23498023,0.012460608966648579,0.50153244,0.248905,0.2
fp_2587,9.482527263404705e-11,0.0085041671991348,0.034921885,0.11554557,0.12949202954769135,0.39213824,0.17931035,0.4
fp_2588,5.069573927318771e-11,0.2361325770616531,0.046320885,0.2710297,0.021100925281643867,0.36587304,0.28707838,0.4
fp_2589,1.8887225117225626e-11,0.0564284846186637,0.041405827,0.6360294,0.04755185917019844,0.3259695,0.20548472,0.2
fp_2590,1.9222821251441147e-11,0.2347328960895538,0.057040244,0.33838066,0.009675469249486923,0.23329456,0.20727047,0.4
fp_2591,8.357469577502386e-11,0.0153210526332259,0.044652283,0.5146967,0.09480096399784088,0.36456054,0.23754661,0.4
fp_2592,1.4750228594095915e-08,0.3118882775306701,0.04193002,0.38991743,0.019607722759246826,0.41296828,0.21242125,0.4
fp_2593,9.016521557159152e-11,0.0338952839374542,0.04126638,0.6008829,0.07859630137681961,0.29720873,0.1603279,0.4
fp_2594,3.8671881669172237e-11,0.6352762579917908,0.045023292,0.33628988,0.007979471236467361,0.4409944,0.27321723,0.4
fp_2595,5.2478171114200833e-11,0.1701286882162094,0.03845656,0.13354796,0.058365147560834885,0.28026167,0.21855499,0.4
fp_2596,1.9618948132738012e-10,0.5661837458610535,0.036021948,0.24548252,0.005628550890833139,0.42065036,0.2493189,0.4
fp_2597,4.400373815327541e-11,0.1519181877374649,0.0447641,0.18712363,0.034215379506349564,0.3944105,0.1794252,0.4
fp_2598,1.8376055885283016e-11,0.2946233451366424,0.052672535,0.4120203,0.004040102940052748,0.39934114,0.24662527,0.4
fp_2599,5.013822135246926e-10,0.0540198758244514,0.043064624,0.3173924,0.06192478537559509,0.319933,0.17707923,0.4
fp_2600,3.1709113113009835e-10,0.3533397018909454,0.034770608,0.26477575,0.01389753632247448,0.4025214,0.16519654,0.4
fp_2601,3.135200710158159e-10,0.5386273264884949,0.043761313,0.71479154,0.014008314348757267,0.35340697,0.2901715,0.4
fp_2602,2.2958877854417636e-11,0.2762938141822815,0.031546414,0.49000722,0.009049267508089542,0.4911022,0.21306096,0.4
fp_2603,8.07031247385126e-11,0.359991043806076,0.045555174,0.6827513,0.008721004240214825,0.35287648,0.21954998,0.2
fp_2604,1.0314234188957272e-10,0.5959378480911255,0.045792967,0.38618433,0.002711901441216469,0.46306685,0.28340492,0.2
fp_2605,1.4393191499761926e-11,0.6208530068397522,0.05176741,0.4306222,0.02860172651708126,0.27640304,0.22897623,0.4
fp_2606,2.4468749942885282e-11,0.0297543872147798,0.036515296,0.39578632,0.011529387906193733,0.4926032,0.16135436,0.2
fp_2607,4.2070912725789e-11,0.5381820201873779,0.05727595,0.4566412,0.05931709334254265,0.2575621,0.33183596,0.4
fp_2608,2.905355123150599e-10,0.3019772469997406,0.033417344,0.6902802,0.034203626215457916,0.41889638,0.16974397,0.4
fp_2609,8.620573005435617e-12,0.5637245774269104,0.04394138,0.38568693,0.017191767692565918,0.12883954,0.33073485,0.4
fp_2610,1.2492291055765659e-11,0.04829091578722,0.037521034,0.5167179,0.004144417122006416,0.13536343,0.2885894,0.2
fp_2611,1.798920734596976e-11,0.5984998345375061,0.047306806,0.6458812,0.05023740604519844,0.29544085,0.2478221,0.4
fp_2612,5.62704813300563e-11,0.3153944611549377,0.041735858,0.27717382,0.015681304037570953,0.39552662,0.29392862,0.4
fp_2613,2.2249847797528588e-10,0.595400333404541,0.045377463,0.48936933,0.02384248934686184,0.4629627,0.32198057,0.2
fp_2614,2.9379026988962664e-11,0.2645494937896728,0.036160618,0.32410058,0.012753639370203018,0.4086182,0.20425251,0.4
fp_2615,2.295156772968987e-11,0.0190581940114498,0.045346737,0.39485654,0.018099665641784668,0.38660216,0.19821738,0.4
fp_2616,1.5146236695406934e-11,0.6200414896011353,0.038558334,0.40712133,0.06335785239934921,0.41889942,0.18634623,0.4
fp_2617,3.934941608663145e-11,0.0538144893944263,0.05652705,0.6009635,0.006271596532315016,0.20527136,0.33903885,0.4
fp_2618,4.560469710201964e-11,0.6243091225624084,0.035288632,0.2657873,0.009915176779031754,0.47661802,0.21390012,0.4
fp_2619,2.661845743823221e-10,0.1277404874563217,0.029417783,0.51086175,0.028170553967356682,0.16379476,0.22017717,0.4
fp_2620,4.9237506433152944e-11,0.6476966142654419,0.047516376,0.34234154,0.03127989172935486,0.2959129,0.1795047,0.4
fp_2621,1.2589838026266786e-11,0.6140828728675842,0.03879741,0.6224624,0.022004755213856697,0.33288237,0.3160538,0.4
fp_2622,6.487349546446808e-11,0.0837575271725654,0.04864028,0.46678463,0.01104804314672947,0.18696181,0.18237573,0.4
fp_2623,1.9918735064128334e-11,0.0233628395944833,0.046845287,0.6132175,0.00555846095085144,0.32733437,0.26122662,0.2
fp_2624,3.5464582659461286e-11,0.0740570798516273,0.09968439,0.30676687,0.0335947684943676,0.1605006,0.15486225,0.4
fp_2625,1.6254600443410538e-10,0.0614424087107181,0.039103776,0.582648,0.014680791646242142,0.18993716,0.24165085,0.4
fp_2626,1.656874498712213e-10,0.0527477487921714,0.062503904,0.31484306,0.056762196123600006,0.12174308,0.27466774,0.4
fp_2627,4.517753185440121e-11,0.6330704689025879,0.044881403,0.49488562,0.04917939379811287,0.08325029,0.23852788,0.2
fp_2628,1.8423046074800276e-11,0.0615755096077919,0.08764288,0.27908772,0.03613348305225372,0.17175573,0.20164874,0.4
fp_2629,1.841113893286117e-11,0.0292043983936309,0.04513228,0.70448637,0.007079557981342077,0.216549,0.31766036,0.4
fp_2630,4.3554196360595654e-10,0.0764238163828849,0.05228585,0.35721883,0.04998830705881119,0.18977396,0.14427698,0.4
fp_2631,3.476000043356464e-11,0.464419811964035,0.044083774,0.5556981,0.026600265875458717,0.3432347,0.33348283,0.4
fp_2632,6.03035815727182e-11,0.6470146179199219,0.06817189,0.37589085,0.02975049987435341,0.3088891,0.25726336,0.4
fp_2633,3.068138451634006e-11,0.4064695537090301,0.04651329,0.3037625,0.018660113215446472,0.15501398,0.31109452,0.4
fp_2634,4.31799700162383e-11,0.0433400198817253,0.050700188,0.29619122,0.025835590437054634,0.21169724,0.17949525,0.4
fp_2635,2.213457542254993e-11,0.0809886679053306,0.047416925,0.64309365,0.013893882744014263,0.089164816,0.21036404,0.4
fp_2636,3.876870699470736e-11,0.0910744220018386,0.10454103,0.38739952,0.00891029741615057,0.041522007,0.23768872,0.4
fp_2637,2.9139685109313973e-10,0.0654070600867271,0.031803995,0.5474009,0.01887504570186138,0.4274935,0.29196724,0.2
fp_2638,7.350023367713732e-11,0.0602138079702854,0.03920129,0.64950943,0.05104348063468933,0.28163397,0.14086692,0.4
fp_2639,8.477322177569135e-10,0.7183741927146912,0.03745085,0.63199675,0.005816817283630371,0.3339664,0.23779261,0.4
fp_2640,1.1912591572904585e-11,0.0378098785877227,0.050318122,0.33057454,0.007105744909495115,0.20019008,0.19666487,0.4
fp_2641,1.5277386300471818e-10,0.7099416851997375,0.033587635,0.6566482,0.002491983352228999,0.22280684,0.295334,0.4
fp_2642,7.59971391373071e-11,0.1734129190444946,0.044332087,0.66593945,0.03805769234895706,0.33822256,0.19609854,0.4
fp_2643,1.3960473402296891e-11,0.681359589099884,0.039616585,0.32322592,0.005062322597950697,0.20266317,0.27631658,0.2
fp_2644,6.615452630143182e-11,0.0508263781666755,0.051068485,0.38446712,0.052688147872686386,0.13920978,0.15665257,0.4
fp_2645,1.343480882098902e-10,0.6785499453544617,0.045703292,0.40809926,0.011466283351182938,0.27527356,0.2777269,0.4
fp_2646,2.0347655851904456e-11,0.1028044447302818,0.03955987,0.42704004,0.01784270443022251,0.10248944,0.24051812,0.4
fp_2647,2.8739162091784287e-11,0.6789493560791016,0.044149697,0.43331417,0.006170968525111675,0.23584867,0.21769933,0.4
fp_2648,3.834066675256764e-10,0.1445878148078918,0.055747867,0.26406053,0.05478924512863159,0.16330494,0.3136882,0.4
fp_2649,3.989580887875377e-11,0.4132342934608459,0.035051823,0.55206454,0.011240722611546516,0.23011902,0.23750122,0.4
fp_2650,3.080042332292976e-10,0.0581818036735057,0.04013458,0.32397905,0.03807796537876129,0.2071404,0.14514364,0.4
fp_2651,1.4558834693367828e-10,0.719184160232544,0.03311047,0.3579,0.005449551157653332,0.10439437,0.27676672,0.4
fp_2652,6.588102979820931e-11,0.0902201160788536,0.050238788,0.30549976,0.03400164842605591,0.19520389,0.2196007,0.4
fp_2653,3.749651977802415e-11,0.691342830657959,0.03952402,0.42636815,0.005289203021675348,0.2663945,0.26132533,0.4
fp_2654,8.512700960805475e-12,0.1358965188264846,0.055097133,0.47255057,0.02154138870537281,0.218332,0.14005381,0.4
fp_2655,7.575082922040011e-11,0.6764106750488281,0.038729668,0.56057733,0.0021393103525042534,0.16958122,0.2635215,0.4
fp_2656,2.1104770708824105e-11,0.0658096149563789,0.036476314,0.5986558,0.026715319603681564,0.32354438,0.18843196,0.4
fp_2657,2.7831068005745863e-10,0.6898254156112671,0.044503927,0.6532049,0.005430926103144884,0.2685658,0.20351064,0.4
fp_2658,2.2135009103418923e-10,0.0601514391601085,0.018695474,0.51403224,0.02905084937810898,0.36373773,0.2056121,0.4
fp_2659,4.7713069606381e-11,0.056478127837181,0.042102724,0.72316515,0.004774897824972868,0.34880894,0.24200279,0.4
fp_2660,1.3180737057361114e-10,0.0437630228698253,0.04059413,0.6737261,0.012144075706601143,0.13924119,0.16060396,0.4
fp_2661,1.0598759370150646e-10,0.6998452544212341,0.03420788,0.50456816,0.0012277248315513134,0.26072443,0.30262423,0.4
fp_2662,2.208951244142554e-09,0.0237144138664007,0.044810504,0.42713886,0.029852908104658127,0.15886244,0.15554334,0.4
fp_2663,1.9773539750023161e-10,0.6929135322570801,0.04093948,0.6572384,0.004520450718700886,0.18115236,0.21269703,0.2
fp_2664,5.075449505120844e-10,0.0254526976495981,0.046907783,0.42687282,0.06350179761648178,0.39286128,0.2141146,0.4
fp_2665,2.254855156758051e-11,0.6959484815597534,0.04184246,0.658388,0.004165824502706528,0.22222763,0.27582124,0.2
fp_2666,3.97827396025896e-11,0.0166657287627458,0.034095228,0.30609268,0.03324166685342789,0.21874176,0.17485334,0.4
fp_2667,1.742357924605642e-10,0.6610074043273926,0.034386754,0.37689272,0.009327797219157219,0.17050703,0.27597132,0.4
fp_2668,4.96755303558416e-09,0.0129546103999018,0.040468216,0.61688787,0.05251620337367058,0.2950191,0.15488882,0.4
fp_2669,1.8249170230522083e-10,0.6917934417724609,0.038585097,0.5642625,0.007528987247496843,0.19516844,0.24655399,0.4
fp_2670,1.4503548362299057e-09,0.0390804335474967,0.03579685,0.3056399,0.0301052238792181,0.41363764,0.14515291,0.4
fp_2671,4.495696176443076e-11,0.7138798832893372,0.0432162,0.41102752,0.025529127568006516,0.2770015,0.20191872,0.4
fp_2672,2.2535178584304205e-11,0.0103672761470079,0.04295507,0.56316495,0.01036127470433712,0.11350467,0.19139066,0.4
fp_2673,2.2656111361984976e-11,0.6869994401931763,0.038589478,0.72645986,0.009570498950779438,0.23746489,0.24313784,0.4
fp_2674,2.5657573288206947e-10,0.0399245917797088,0.018012136,0.32964364,0.03364152833819389,0.11030053,0.17024747,0.4
fp_2675,4.269541109547248e-10,0.7017393708229065,0.04449296,0.64962864,0.004614353179931641,0.2836692,0.22244374,0.4
fp_2676,2.2646487463084952e-10,0.0157948620617389,0.019276083,0.37901804,0.01953165791928768,0.3674561,0.21536091,0.4
fp_2677,3.4117553227019926e-10,0.0137333273887634,0.039639503,0.45649695,0.03252606466412544,0.40093318,0.19329841,0.4
fp_2678,2.913368157830831e-10,0.0184608958661556,0.041135162,0.66957223,0.007111607119441032,0.23942707,0.17848544,0.4
fp_2679,1.2888207168160193e-10,0.0132530191913247,0.051127225,0.55041564,0.011258507147431374,0.27263582,0.19366756,0.4
fp_2680,3.9380200489436135e-11,0.0181715749204158,0.019646168,0.36820853,0.029488645493984222,0.17131026,0.18309525,0.4
fp_2681,9.753681369517597e-12,0.0136915640905499,0.051105887,0.2902809,0.03405407443642616,0.23655717,0.19072755,0.4
fp_2682,2.433294538084496e-11,0.045319590717554,0.023718297,0.25219268,0.059517838060855865,0.26290902,0.17110248,0.4
fp_2683,7.6035129581431e-11,0.011840890161693,0.048661083,0.38509512,0.055895738303661346,0.21016103,0.19526128,0.4
fp_2684,1.4014633203940363e-11,0.0116045456379652,0.026041597,0.60616827,0.019732676446437836,0.06968665,0.1563696,0.4
fp_2685,3.233610601505177e-11,0.0109267327934503,0.05610609,0.45068917,0.03806998208165169,0.18933567,0.20693094,0.4
fp_2686,1.4763303080034262e-10,0.0225323531776666,0.026111454,0.43318373,0.04572005197405815,0.3380483,0.2739819,0.4
fp_2687,3.4940335347233287e-11,0.0204540230333805,0.043655694,0.48370624,0.047391243278980255,0.23024438,0.16139777,0.4
fp_2688,7.89410620205544e-11,0.0187697634100914,0.023095846,0.5359493,0.03723926097154617,0.120089404,0.15556367,0.4
fp_2689,1.8084132802353992e-10,0.0142934853211045,0.040988147,0.4424966,0.028611449524760246,0.30381957,0.21175903,0.4
fp_2690,3.433014289511149e-11,0.0219495389610528,0.028160512,0.2755216,0.054831091314554214,0.037983406,0.17313309,0.4
fp_2691,2.991023054232933e-11,0.0098363747820258,0.03769529,0.46425834,0.026814278215169907,0.36446708,0.20809026,0.4
fp_2692,2.8551430317214077e-11,0.0172661449760198,0.028513879,0.37293977,0.016705535352230072,0.048663326,0.15084404,0.4
fp_2693,7.714358318811065e-11,0.0114061431959271,0.07027823,0.48323426,0.008183465339243412,0.31831264,0.20229165,0.4
fp_2694,3.373975543397023e-10,0.0523262284696102,0.019039333,0.35163075,0.02368958108127117,0.39485034,0.188284,0.4
fp_2695,2.0619035645541572e-10,0.0095919780433177,0.044734567,0.69674957,0.030171619728207588,0.37101904,0.18923411,0.4
fp_2696,5.8640807765186764e-09,0.1119165569543838,0.04578212,0.51180875,0.03730027750134468,0.32165802,0.16541219,0.4
fp_2697,7.075934282951835e-11,0.0066221710294485,0.04576397,0.4356547,0.008339200168848038,0.38406634,0.19050646,0.4
fp_2698,2.4420985234030468e-09,0.0438468344509601,0.04982397,0.5041398,0.010424849577248096,0.16549641,0.17017654,0.4
fp_2699,1.9847901100433774e-10,0.0096584139391779,0.04332754,0.6800073,0.019523026421666145,0.3590126,0.19616531,0.4
fp_2700,4.256896501964036e-10,0.0308546125888824,0.0855405,0.37985787,0.032113295048475266,0.16472255,0.19070774,0.4
fp_2701,4.0327685635332955e-11,0.0288343299180269,0.045471787,0.6310741,0.054364997893571854,0.38875887,0.19236681,0.4
fp_2702,1.0810939921057638e-09,0.0461485832929611,0.068397164,0.36041415,0.05531066283583641,0.4439365,0.18731625,0.4
fp_2703,2.0713866386024016e-11,0.0091048525646328,0.042264193,0.6002763,0.017762094736099243,0.3423827,0.18891647,0.4
fp_2704,3.267835654852114e-11,0.0460099838674068,0.06768939,0.2993763,0.045419082045555115,0.17209665,0.2052127,0.4
fp_2705,6.20496570791218e-11,0.0181912034749984,0.040748626,0.2852907,0.05616467818617821,0.31612268,0.22072196,0.4
fp_2706,6.5220455702785785e-09,0.0183810479938983,0.054515332,0.37560806,0.05215742439031601,0.22437671,0.1068481,0.4
fp_2707,9.720200339069507e-11,0.0088555794209241,0.043290555,0.33177042,0.04091450944542885,0.28940055,0.19354762,0.4
fp_2708,1.2969243456950608e-09,0.1096834391355514,0.055372357,0.2880346,0.03129878640174866,0.386434,0.19511615,0.4
fp_2709,7.158742348911673e-11,0.0177400968968868,0.041115373,0.38898236,0.033425770699977875,0.26229003,0.1883372,0.4
fp_2710,1.099185986674911e-08,0.0546514429152011,0.058679134,0.41612235,0.029992319643497467,0.17772621,0.18252014,0.4
fp_2711,2.289560034618443e-11,0.0105671472847461,0.046640724,0.5291717,0.020377742126584053,0.36004728,0.18820778,0.4
fp_2712,9.292557695550485e-11,0.0183140933513641,0.082185835,0.3152647,0.008974029682576656,0.31982908,0.20666161,0.4
fp_2713,2.702577883706425e-10,0.0148462802171707,0.044661462,0.663969,0.024120647460222244,0.41188353,0.18418154,0.4
fp_2714,1.565318541452143e-08,0.051993653178215,0.032478005,0.31859136,0.040388431400060654,0.20554298,0.16370596,0.4
fp_2715,1.3554624089806566e-10,0.1148673221468925,0.04627374,0.69330233,0.04145863279700279,0.46700203,0.18498342,0.4
fp_2716,7.230294141180593e-10,0.0079995421692729,0.03889352,0.3747443,0.03005516156554222,0.23188528,0.18237014,0.4
fp_2717,5.370308711616367e-11,0.1501850187778473,0.04435286,0.63256264,0.011356867849826813,0.2782939,0.17328832,0.4
fp_2718,4.83231721304378e-09,0.1434408128261566,0.051319122,0.42955953,0.012827781029045582,0.0970386,0.18323591,0.2
fp_2719,4.185321533789477e-11,0.1210335418581962,0.074549854,0.4567299,0.0369998961687088,0.28555322,0.21112657,0.4
fp_2720,3.5962277600276593e-09,0.0318136103451252,0.046293378,0.2963252,0.044108450412750244,0.14106593,0.16899009,0.4
fp_2721,5.5170847057528505e-11,0.1074421852827072,0.057228267,0.49417347,0.04794218763709068,0.27089968,0.23256856,0.4
fp_2722,1.196693966143414e-09,0.0320285893976688,0.048199713,0.15311587,0.05971701070666313,0.03973982,0.16267219,0.4
fp_2723,3.882079727124399e-11,0.1132529228925705,0.06756556,0.48823515,0.03486122563481331,0.2879578,0.22781068,0.4
fp_2724,2.234056273309193e-09,0.0447133667767047,0.054994404,0.42604548,0.06214171275496483,0.44335657,0.23357676,0.4
fp_2725,3.86652480866001e-11,0.0583763308823108,0.04935354,0.5783902,0.0441211499273777,0.3731923,0.18421474,0.4
fp_2726,8.074858004469831e-10,0.0493808984756469,0.046096027,0.5174641,0.03222253918647766,0.17734331,0.17393649,0.4
fp_2727,1.1717020409474088e-10,0.1490718871355056,0.04859954,0.5403133,0.030441563576459885,0.3493926,0.22009078,0.4
fp_2728,1.0257653060286032e-10,0.0317541062831878,0.048514485,0.19493183,0.033753082156181335,0.056324754,0.18097268,0.4
fp_2729,7.671892982008544e-11,0.1610665619373321,0.045233637,0.5046877,0.0263975802809,0.418959,0.21100414,0.4
fp_2730,1.3791942587992878e-10,0.0314985811710357,0.052074045,0.20254815,0.025809772312641144,0.23881559,0.16623476,0.4
fp_2731,4.53560800028896e-11,0.1175870075821876,0.06884119,0.5450554,0.012463472783565521,0.31624034,0.19465403,0.4
fp_2732,3.4342946264587226e-09,0.029872165992856,0.031344265,0.35710913,0.03125087171792984,0.33118024,0.17038485,0.4
fp_2733,8.713780391689241e-11,0.0940490737557411,0.04498905,0.7083824,0.03189045563340187,0.37373808,0.2393479,0.4
fp_2734,6.344148539838557e-10,0.0130250137299299,0.04717642,0.5584086,0.07872647047042847,0.38228157,0.16848159,0.4
fp_2735,6.738459790156526e-11,0.347461462020874,0.048134446,0.56848896,0.008407287299633026,0.2771242,0.18122609,0.4
fp_2736,2.469357496259761e-10,0.0307651460170745,0.055114,0.44708648,0.07416659593582153,0.3494113,0.19933128,0.2
fp_2737,1.2888673461830535e-10,0.1923781037330627,0.04531485,0.71683466,0.02108650468289852,0.35042843,0.21902144,0.4
fp_2738,5.810410833029245e-11,0.0114800631999969,0.061650187,0.48849225,0.12613552808761597,0.42564258,0.24444503,0.4
fp_2739,8.660823447304011e-11,0.020401258021593,0.04529947,0.69228876,0.06147884950041771,0.39163744,0.24327232,0.4
fp_2740,1.3715232075051098e-11,0.0126727204769849,0.06340587,0.34426716,0.06967243552207947,0.08338724,0.20819484,0.4
fp_2741,3.857648228633437e-11,0.1985304206609726,0.044592857,0.69161654,0.037832412868738174,0.43083635,0.21016917,0.4
fp_2742,7.73255140473772e-11,0.0288756992667913,0.043435037,0.61865044,0.10828328132629395,0.38338774,0.18791758,0.4
fp_2743,4.176326645621842e-11,0.1014754548668861,0.04894668,0.4992644,0.05627636983990669,0.38569278,0.2361092,0.4
fp_2744,1.6698536997594715e-10,0.0151393571868538,0.041883558,0.5983594,0.06606294214725494,0.117466815,0.23900123,0.4
fp_2745,2.1870108155019885e-11,0.1336022764444351,0.046287686,0.6476883,0.050126321613788605,0.41025725,0.2105507,0.4
fp_2746,3.3135844762499644e-11,0.0152294440194964,0.046398014,0.40982324,0.05461384356021881,0.3397854,0.17993811,0.4
fp_2747,1.0642698528018357e-10,0.1115340292453765,0.04443559,0.45997962,0.041669558733701706,0.30394167,0.23686261,0.4
fp_2748,1.795674373084033e-11,0.1130783259868621,0.051213145,0.543661,0.031750258058309555,0.3880987,0.23634346,0.4
fp_2749,4.6481023890931894e-11,0.2322304248809814,0.044768214,0.65952075,0.02341703325510025,0.41376883,0.22812495,0.4
fp_2750,3.979080398508472e-10,0.0156474243849515,0.04245779,0.22683,0.09454450756311417,0.22954726,0.16497825,0.4
fp_2751,1.2482723188433908e-10,0.2600321769714355,0.04500112,0.69985116,0.03497296944260597,0.41103414,0.2168808,0.4
fp_2752,0.4594264030456543,0.0216864664107561,0.95542383,,0.0312931202352047,0.85894096,0.79982054,0.5
fp_2753,0.4531283676624298,0.005657504312694,0.9555415,0.5153483,0.06041133031249046,0.6579139,0.8281033,0.5
fp_2754,0.3237595856189728,0.3346510529518127,0.9479081,0.543275,0.01057768240571022,0.8291786,0.7712917,0.5
fp_2755,0.30528363585472107,0.0033263270743191,0.9553578,0.9544304,0.02663295529782772,0.7965748,0.7768817,0.5
fp_2756,0.357989639043808,0.3300627470016479,0.951874,0.745262,0.0016015147557482123,0.7424588,0.7599169,0.5
fp_2757,0.415481835603714,0.0952302366495132,0.95994043,0.47415987,0.07226640731096268,0.0019080263,0.8238007,0.5
fp_2758,0.15472406148910522,0.2347901314496994,0.95749474,0.32716522,0.014841818250715733,0.8606,0.7480011,0.5
fp_2759,0.4099287688732147,0.0019537208136171,0.9422416,0.19932613,0.12746958434581757,0.77572197,0.8357293,0.5
fp_2760,0.31680965423583984,0.1397300958633422,0.9572687,0.37957227,0.021162210032343864,0.8532215,0.6941833,0.5
fp_2761,0.49934497475624084,0.0181861110031604,0.95278764,0.90863705,0.051116470247507095,0.7738996,0.7853106,0.5
fp_2762,0.3894015848636627,0.1316641867160797,0.9661722,0.5023098,0.010264145210385323,0.7687729,0.7783601,0.5
fp_2763,0.3754705488681793,0.0033394102938473,0.95607626,0.7308581,0.08332385867834091,0.7938047,0.76797515,0.5
fp_2764,0.23289042711257935,0.1538585573434829,0.9521712,0.5792161,0.018189700320363045,0.838601,0.7513584,0.5
fp_2765,0.4228496849536896,0.0109740067273378,0.9525217,0.81370497,0.07331632077693939,0.7574904,0.83835053,0.5
fp_2766,0.3770935833454132,0.3525949120521545,0.9526788,0.5266219,0.009265798144042492,0.8444541,0.70696163,0.5
fp_2767,0.5305572152137756,0.0716253221035003,0.9482701,0.20941634,0.05592522770166397,0.6455157,0.80222476,0.5
fp_2768,0.10369013249874115,0.1900898963212967,0.9456489,0.41523123,0.006368511356413364,0.8271577,0.75215864,0.5
fp_2769,0.36339807510375977,0.0739856213331222,0.9545995,0.33469528,0.041770003736019135,0.82142586,0.82741404,0.5
fp_2770,0.35752031207084656,0.1048566326498985,0.9599506,0.6463727,0.0047999415546655655,0.7809134,0.7672373,0.5
fp_2771,0.3831709027290344,0.0169251132756471,0.95323914,0.5652106,0.0635131299495697,0.7470825,0.8361325,0.5
fp_2772,0.16900032758712769,0.0937604010105133,0.94462776,0.4467248,0.016271421685814857,0.83104694,0.81346095,0.5
fp_2773,0.2628593146800995,0.3117415010929107,0.95459515,0.9610481,0.0174227524548769,0.8434858,0.73727286,0.5
fp_2774,0.3118212819099426,0.1651046723127365,0.93902165,0.78369033,0.010944691486656666,0.83670545,0.76198405,0.5
fp_2775,0.3528536856174469,0.188088372349739,0.9560945,0.9445466,0.012635593302547932,0.85167867,0.81509364,0.5
fp_2776,0.1792113482952118,0.2938497364521026,0.95269704,0.55237025,0.0035161913838237524,0.8603452,0.756235,0.5
fp_2777,0.1293979436159134,0.3732911050319671,0.960669,0.6132332,0.03044908121228218,0.77064687,0.7761897,0.5
fp_2778,0.37883418798446655,0.0082413498312234,0.9467491,0.73507226,0.013913646340370178,0.83901066,0.81776947,0.5
fp_2779,0.38266223669052124,0.3191518485546112,0.963551,0.62283725,0.061219312250614166,0.8159109,0.6829392,0.5
fp_2780,0.14966702461242676,0.1442666351795196,0.94203556,0.95546407,0.041326530277729034,0.8120763,0.8016777,0.5
fp_2781,0.4474717974662781,0.3373580873012543,0.9495549,0.68389505,0.02073763683438301,0.6821257,0.6728686,0.5
fp_2782,0.38501089811325073,0.0140322688966989,0.94849384,0.75089574,0.005338949616998434,0.5320462,0.69884324,0.5
fp_2783,0.3326933681964874,0.340310126543045,0.95737314,0.91736764,0.053613562136888504,0.8232449,0.7438776,0.5
fp_2784,0.22261399030685425,0.1532130986452102,0.95283496,0.40594977,0.014624758623540401,0.8415837,0.6945381,0.5
fp_2785,0.2462761551141739,0.3559842109680176,0.9555727,0.8330439,0.027573036029934883,0.85186183,0.695945,0.5
fp_2786,0.2546471655368805,0.0460634678602218,0.9467282,0.5068071,0.012213043868541718,0.8567981,0.7844134,0.5
fp_2787,0.14395105838775635,0.0044002067297697,0.95586514,0.6434821,0.020278142765164375,0.8147428,0.8104631,0.5
fp_2788,0.36834093928337097,0.2871652841567993,0.94844365,0.6424894,0.05627097561955452,0.79572976,0.7695934,0.5
fp_2789,0.44220101833343506,0.015131352469325,0.96368164,0.8518823,0.008182249963283539,0.6198821,0.69581485,0.5
fp_2790,0.27774080634117126,0.3390033543109894,0.9454473,0.44697315,0.012526999227702618,0.84734184,0.77361417,0.5
fp_2791,0.29815471172332764,0.0495709218084812,0.9330726,0.8062088,0.028820142149925232,0.6220564,0.7739469,0.5
fp_2792,0.4639899432659149,0.3436201214790344,0.95811105,0.5266914,0.029873045161366463,0.83304995,0.8390348,0.5
fp_2793,0.4121730327606201,0.3581375181674957,0.9487835,0.90924245,0.025588789954781532,0.7945992,0.68797344,0.5
fp_2794,0.40278664231300354,0.0273218695074319,0.9562122,0.7675378,0.012076793238520622,0.750044,0.87892103,0.5
fp_2795,0.16982553899288177,0.0064562582410871,0.9571199,0.8710349,0.007855458185076714,0.8518063,0.7890291,0.5
fp_2796,0.31540653109550476,0.025853743776679,0.9773387,0.38383326,0.0320492759346962,0.77924645,0.829871,0.5
fp_2797,0.2788156270980835,0.0192702766507864,0.9491636,0.91125774,0.017393821850419044,0.6212941,0.7563572,0.5
fp_2798,0.3789304494857788,0.0166614297777414,0.96764517,0.44185862,0.053239256143569946,0.7179538,0.6136658,0.5
fp_2799,0.237583726644516,0.3771999180316925,0.9552456,0.79263055,0.04558681696653366,0.23507383,0.75370544,0.5
fp_2800,0.461323618888855,0.0197629071772098,0.97038925,0.45618066,0.03373608738183975,0.8286033,0.7923511,0.5
fp_2801,0.30842551589012146,0.0097355069592595,0.9556998,0.9394447,0.009226009249687195,0.756244,0.6728488,0.5
fp_2802,0.3176790773868561,0.0203660000115633,0.9604925,0.56477845,0.04698512330651283,0.76231784,0.88222575,0.5
fp_2803,0.3499421179294586,0.2328457236289978,0.95478153,0.8698462,0.03029630333185196,0.8285295,0.66557276,0.5
fp_2804,0.40254276990890503,0.3757891654968261,0.9624417,0.62995744,0.029926873743534088,0.8310996,0.7373574,0.5
fp_2805,0.49474114179611206,0.2154871970415115,0.95691395,0.38126215,0.019178640097379684,0.5399861,0.6807426,0.5
fp_2806,0.33884313702583313,0.0130721013993024,0.95924044,0.44453818,0.025653298944234848,0.79518735,0.81320953,0.5
fp_2807,0.17419657111167908,0.0302590858191251,0.9572606,0.9328545,0.01824774593114853,0.22539082,0.7975488,0.5
fp_2808,0.42283904552459717,0.0354608781635761,0.97556806,0.6804055,0.010354212485253811,0.113230474,0.84037906,0.5
fp_2809,0.22236928343772888,0.0192501731216907,0.9379343,0.84809417,0.0233452245593071,0.79278463,0.69928527,0.5
fp_2810,0.4231424629688263,0.0171283651143312,0.9503503,0.95203054,0.04793458431959152,0.8381095,0.840386,0.5
fp_2811,0.381778359413147,0.4769363403320312,0.94791216,0.8613151,0.0055776978842914104,0.7703199,0.7695693,0.5
fp_2812,0.5157318115234375,0.0144312009215354,0.9566376,0.56508195,0.009077884256839752,0.8134909,0.88466334,0.5
fp_2813,0.4243200123310089,0.5234186053276062,0.94291794,0.920557,0.0030459375120699406,0.73980033,0.7312518,0.5
fp_2814,0.33763498067855835,0.0893376246094703,0.95434535,0.95941794,0.03797038272023201,0.8258336,0.8940145,0.5
fp_2815,0.4235893785953522,0.457136869430542,0.9502105,0.4344709,0.005436161998659372,0.79213345,0.73916507,0.5
fp_2816,0.39262068271636963,0.0132755739614367,0.96002305,0.7341077,0.04866909608244896,0.7478378,0.8731683,0.5
fp_2817,0.40243667364120483,0.4361378848552704,0.957875,0.5712756,0.0119177782908082,0.78954065,0.73767364,0.5
fp_2818,0.523164689540863,0.046517539769411,0.9512719,0.7020377,0.019691701978445053,0.5962348,0.73944837,0.5
fp_2819,0.4912041127681732,0.4351675510406494,0.9526317,0.6876544,0.0060897707007825375,0.75087273,0.8006396,0.5
fp_2820,0.4224846363067627,0.0419912710785865,0.9637553,0.35263863,0.04642112925648689,0.79766613,0.70082283,0.5
fp_2821,0.48490509390830994,0.2421140819787979,0.9455133,0.8615348,0.011406691744923592,0.7516831,0.74017966,0.5
fp_2822,0.37861117720603943,0.0220519639551639,0.95147777,0.5434811,0.03504026681184769,0.8212485,0.8391275,0.5
fp_2823,0.44114959239959717,0.4976618587970733,0.94198906,0.7131932,0.005851014517247677,0.323273,0.73938787,0.5
fp_2824,0.534662127494812,0.0253127478063106,0.9573643,0.4258616,0.030935486778616905,0.764951,0.8751668,0.5
fp_2825,0.42119452357292175,0.4626320898532867,0.9508685,0.61240757,0.005352521315217018,0.7728562,0.7641169,0.5
fp_2826,0.5171136856079102,0.0623829625546932,0.9621129,0.7794627,0.02823491580784321,0.7933947,0.8406785,0.5
fp_2827,0.45828157663345337,0.4472661912441253,0.94856197,0.7954046,0.002411919180303812,0.7738925,0.75248504,0.5
fp_2828,0.4385440945625305,0.0235929619520902,0.9473487,0.9328415,0.028017235919833183,0.8279384,0.78698915,0.5
fp_2829,0.38229745626449585,0.4554519951343536,0.955229,0.9032863,0.0055315070785582066,0.8315148,0.8053807,0.5
fp_2830,0.44568541646003723,0.0177034568041563,0.9004061,0.82042104,0.029706045985221863,0.7405378,0.78472185,0.5
fp_2831,0.47760507464408875,0.0164191648364067,0.95313257,0.9646177,0.005297113675624132,0.839889,0.77799875,0.5
fp_2832,0.4056684672832489,0.0138640524819493,0.9518453,0.9616555,0.014203892089426517,0.3335136,0.8376635,0.5
fp_2833,0.3777918517589569,0.4559019207954407,0.94376624,0.82989514,0.0016309035709127784,0.7898215,0.7298794,0.5
fp_2834,0.2056487500667572,0.0072929295711219,0.9565352,0.61081016,0.031179416924715042,0.20868713,0.86327624,0.5
fp_2835,0.41100358963012695,0.5005455613136292,0.951949,0.94343317,0.004897205159068108,0.8081191,0.7974442,0.5
fp_2836,0.4613543152809143,0.0079507110640406,0.95781577,0.60278344,0.061468493193387985,0.7481476,0.7117578,0.5
fp_2837,0.4815487563610077,0.4551738500595093,0.95257473,0.9008897,0.004902266431599855,0.5004886,0.7365672,0.5
fp_2838,0.45042476058006287,0.0047727120108902,0.94367075,0.524952,0.03287256881594658,0.33967125,0.8383111,0.5
fp_2839,0.35294193029403687,0.4109962284564972,0.94425595,0.548542,0.008705604821443558,0.6228823,0.7448658,0.5
fp_2840,0.26300132274627686,0.0032517139334231,0.9515588,0.9360733,0.054693806916475296,0.7009934,0.8303684,0.5
fp_2841,0.37453025579452515,0.4734106659889221,0.9495856,0.82077134,0.00739416154101491,0.71959496,0.77514994,0.5
fp_2842,0.19742007553577423,0.0128287719562649,0.94746506,0.47111076,0.030095702037215233,0.76498955,0.8650131,0.5
fp_2843,0.4936538636684418,0.5217697024345398,0.9536024,0.62840736,0.028311189264059067,0.7176875,0.785003,0.5
fp_2844,0.3842857778072357,0.0026316188741475,0.9555266,0.8415912,0.012597368098795414,0.09675836,0.8207023,0.5
fp_2845,0.47981393337249756,0.4898184835910797,0.9495907,0.9653219,0.010459596291184425,0.7554748,0.78259283,0.5
fp_2846,0.34095144271850586,0.0127544440329074,0.8955846,0.53052485,0.03179101273417473,0.2205267,0.83662754,0.5
fp_2847,0.42859816551208496,0.5082221031188965,0.9551674,0.8816727,0.004846923053264618,0.79675233,0.7858217,0.5
fp_2848,0.439370721578598,0.0044325403869152,0.9017434,0.6409761,0.021724170073866844,0.7725501,0.7788277,0.5
fp_2849,0.34400564432144165,0.0031225560232996,0.9492735,0.6834119,0.030773160979151726,0.8501054,0.7942939,0.5
fp_2850,0.4060235917568207,0.0056680776178836,0.95278347,0.958797,0.009028091095387936,0.6298201,0.8300142,0.5
fp_2851,0.38966885209083557,0.0026586167514324,0.96028805,0.758231,0.01224517822265625,0.84449637,0.7550304,0.5
fp_2852,0.4700036346912384,0.0053445077501237,0.9035596,0.65131754,0.02997385896742344,0.44848087,0.82521987,0.5
fp_2853,0.33683091402053833,0.0027963544707745,0.9594623,0.3560708,0.03242303803563118,0.82552004,0.7895247,0.5
fp_2854,0.5038421750068665,0.0143687343224883,0.9202133,0.37774032,0.05866609886288643,0.33713627,0.84033626,0.5
fp_2855,0.39787790179252625,0.0026045623235404,0.9565928,0.48200122,0.052869364619255066,0.8146958,0.7783893,0.5
fp_2856,0.4251542389392853,0.0030759663786739,0.92749083,0.9073148,0.022258678451180458,0.06646411,0.88086545,0.5
fp_2857,0.4694816470146179,0.0024402970448136,0.96379864,0.7701933,0.035428959876298904,0.8293751,0.7867891,0.5
fp_2858,0.3933849036693573,0.0063306675292551,0.9273314,0.6919214,0.04471539333462715,0.6294575,0.8208755,0.5
fp_2859,0.46217188239097595,0.0047301715239882,0.95336246,0.6282651,0.045264359563589096,0.8193152,0.8404573,0.5
fp_2860,0.3486035168170929,0.0055615771561861,0.91807413,0.80841637,0.036306191235780716,0.20694746,0.85937977,0.5
fp_2861,0.3748800456523895,0.0030468862969428,0.9496875,0.5895025,0.028947526589035988,0.84338117,0.8104857,0.5
fp_2862,0.4702218770980835,0.006065419409424,0.93192565,0.37936655,0.05241037905216217,0.0024316253,0.8494463,0.5
fp_2863,0.31609809398651123,0.0020429224241524,0.946087,0.71381235,0.026399731636047363,0.8192004,0.7760744,0.5
fp_2864,0.5146567821502686,0.0050958325155079,0.9334252,0.57031024,0.02111905999481678,0.010914938,0.8701037,0.5
fp_2865,0.4185505211353302,0.0024239409249275,0.97023547,0.6447345,0.009641909040510654,0.84655756,0.7894329,0.5
fp_2866,0.41996821761131287,0.0167856328189373,0.90139246,0.58038205,0.024882923811674118,0.6227505,0.8129859,0.5
fp_2867,0.3236744701862335,0.0020600645802915,0.955375,0.9717742,0.030259443446993828,0.85005933,0.79439867,0.5
fp_2868,0.35790881514549255,0.0326498411595821,0.95391965,0.7571301,0.035512618720531464,0.7576959,0.8755789,0.5
fp_2869,0.32020536065101624,0.0014547234168276,0.9552095,0.55532706,0.010494586080312729,0.8467805,0.7745332,0.5
fp_2870,0.27398884296417236,0.012424873188138,0.95668036,0.77621365,0.013325403444468975,0.58192176,0.89146984,0.5
fp_2871,0.36666807532310486,0.0018906468758359,0.95385325,0.9681903,0.021723197773098946,0.83336824,0.7946775,0.5
fp_2872,0.32500195503234863,0.008006265386939,0.9714582,0.44894928,0.03330221399664879,0.4442809,0.87314516,0.5
fp_2873,0.34624966979026794,0.0070156343281269,0.9560824,0.9430639,0.0499931164085865,0.8470481,0.8073144,0.5
fp_2874,0.4267268180847168,0.0129459053277969,0.9675089,0.47973186,0.05542280152440071,0.7822903,0.7708434,0.5
fp_2875,0.3891807198524475,0.0020122190471738,0.95255286,0.84702873,0.019659997895359993,0.84267133,0.7946594,0.5
fp_2876,0.42813655734062195,0.0135170444846153,0.94988656,0.4394571,0.043920110911130905,0.38044268,0.81246185,0.5
fp_2877,0.3315519690513611,0.0039861095137894,0.9505795,0.35102245,0.04766005277633667,0.83278424,0.7974087,0.5
fp_2878,0.3455493748188019,0.0038788861129432,0.9595237,0.6450602,0.053396470844745636,0.3394926,0.874233,0.5
fp_2879,0.3452163636684418,0.0018395142396911,0.95381397,0.44251904,0.03767427057027817,0.8410559,0.79279983,0.5
fp_2880,0.194980651140213,0.0307079683989286,0.9584544,0.4483654,0.03439059853553772,0.77976537,0.82697666,0.5
fp_2881,0.45680147409439087,0.0037053655833005,0.95117044,0.6017639,0.03065759316086769,0.79727215,0.80641127,0.5
fp_2882,0.108014777302742,0.016312712803483,0.9645216,0.57302916,0.028906330466270447,0.55623275,0.8591411,0.5
fp_2883,0.40691712498664856,0.0020485217683017,0.95688075,0.78092986,0.026990948244929314,0.8420181,0.78906083,0.5
fp_2884,0.3871077597141266,0.0044269803911447,0.9701649,0.4652718,0.01121550239622593,0.2829346,0.84549606,0.5
fp_2885,0.3816832900047302,0.0028838166035711,0.9552996,0.9654158,0.025279462337493896,0.8627705,0.7960995,0.5
fp_2886,0.29132750630378723,0.0152501836419105,0.9410966,0.53476244,0.04068763926625252,0.19890654,0.8528127,0.5
fp_2887,0.3742368817329407,0.0532105043530464,0.9568532,0.9468476,0.039081186056137085,0.8665258,0.785015,0.5
fp_2888,0.2632017433643341,0.0015792698832228,0.9499661,0.59493315,0.03424633666872978,0.57528293,0.84800327,0.5
fp_2889,0.41580280661582947,0.0953050330281257,0.9549339,0.9498979,0.01161459181457758,0.80395675,0.6618209,0.5
fp_2890,0.25549283623695374,0.0641735047101974,0.9573025,0.63893604,0.014240561053156853,0.12815507,0.88577676,0.5
fp_2891,0.45700976252555847,0.0653638392686843,0.9729383,0.65410787,0.0348568893969059,0.8506574,0.79142046,0.5
fp_2892,0.1670549362897873,0.009519787505269,0.9566908,0.5361976,0.045276086777448654,0.020198263,0.86649966,0.5
fp_2893,0.4209374487400055,0.0472235977649688,0.96500325,0.7045666,0.04529453068971634,0.84200245,0.61571467,0.5
fp_2894,0.2245163470506668,0.0078324498608708,0.95850545,0.25002006,0.062338948249816895,0.0019858,0.84800535,0.5
fp_2895,0.4564603865146637,0.0532108545303344,0.9693988,0.85204,0.03417693451046944,0.8584267,0.80922663,0.5
fp_2896,0.31531500816345215,0.0106001924723386,0.9581729,0.61384,0.05872771888971329,0.6040781,0.77701473,0.5
fp_2897,0.4365474581718445,0.0231040306389331,0.9592645,0.90948266,0.041434723883867264,0.8675116,0.8073157,0.5
fp_2898,0.2875617742538452,0.015360739082098,0.9547573,0.80814725,0.031744178384542465,0.7125475,0.87960255,0.5
fp_2899,0.40970683097839355,0.0872670784592628,0.9572995,0.8422888,0.030042361468076706,0.8507912,0.6750424,0.5
fp_2900,0.4714190661907196,0.0074809524230659,0.9582,0.28479084,0.03289926052093506,0.061927706,0.82491815,0.5
fp_2901,0.39659014344215393,0.0885264351963996,0.9558734,0.8417222,0.026618916541337967,0.8581877,0.79450685,0.5
fp_2902,0.3547061085700989,0.0092593040317296,0.95850295,0.324541,0.02887725830078125,0.065430716,0.8652054,0.5
fp_2903,0.431911826133728,0.0619116313755512,0.970718,0.80043,0.014013617299497128,0.84616923,0.7477078,0.5
fp_2904,0.27087998390197754,0.0081157060340046,0.9386866,0.57957155,0.03412189334630966,0.64839685,0.8223104,0.5
fp_2905,0.3876439034938812,0.0412007942795753,0.95563614,0.9715823,0.03233610466122627,0.8516004,0.79567796,0.5
fp_2906,0.34838664531707764,0.002894990844652,0.95816404,0.8117611,0.07050828635692596,0.7955732,0.83069915,0.5
fp_2907,0.40343600511550903,0.2702303230762481,0.9582534,0.88509685,0.01080151554197073,0.73304605,0.664482,0.5
fp_2908,0.3142925798892975,0.0090397279709577,0.96405566,0.5887606,0.07099590450525284,0.82349515,0.8050177,0.5
fp_2909,0.3986492455005646,0.1362860351800918,0.9558952,0.9713408,0.024111390113830566,0.85778326,0.7802252,0.5
fp_2910,0.48308295011520386,0.0025274734944105,0.968139,0.6260997,0.1156487911939621,0.80304915,0.76983315,0.5
fp_2911,0.43402257561683655,0.0048730331473052,0.95564944,0.9666222,0.05660742521286011,0.8506958,0.79947364,0.5
fp_2912,0.41611677408218384,0.0029407173860818,0.96499634,0.5269189,0.06518011540174484,0.5422837,0.8064885,0.5
fp_2913,0.4485764801502228,0.1267379075288772,0.9552235,0.9650011,0.037315838038921356,0.85892004,0.8041662,0.5
fp_2914,0.30274495482444763,0.0079555874690413,0.95445013,0.9350502,0.1009414866566658,0.7989575,0.8244816,0.5
fp_2915,0.38877999782562256,0.0415027774870395,0.95915395,0.7756263,0.04984084516763687,0.8475939,0.80589306,0.5
fp_2916,0.40749886631965637,0.0034720613621175,0.9524317,0.91838294,0.059546228498220444,0.33962503,0.7674542,0.5
fp_2917,0.33667874336242676,0.0785516127943992,0.9568504,0.94633615,0.04434414580464363,0.85441536,0.7941452,0.5
fp_2918,0.39710456132888794,0.0038589762989431,0.9577459,0.62270397,0.052129652351140976,0.7590319,0.83389413,0.5
fp_2919,0.44354450702667236,0.0632937774062156,0.9549941,0.74973065,0.03878285735845566,0.81546116,0.80976355,0.5
fp_2920,0.48872700333595276,0.0436163581907749,0.96019274,0.83872664,0.032683808356523514,0.82943606,0.76470226,0.5
fp_2921,0.4784086048603058,0.1654627174139022,0.9550359,0.9452201,0.03009265661239624,0.84977704,0.8048237,0.5
fp_2922,0.34906259179115295,0.0038816544692963,0.9526776,0.49882364,0.08256841450929642,0.57201815,0.8399416,0.5
fp_2923,0.40842485427856445,0.1868616640567779,0.95564675,0.9709438,0.03582097962498665,0.855869,0.80119246,0.5
fp_2924,0.009088119491934776,0.5059778094291687,0.041235745,0.35276866,0.01799059845507145,0.029067865,0.50105023,0.5
fp_2925,0.0011747657554224133,0.2029504626989364,0.041208476,0.2150513,0.03991076350212097,0.12716506,0.5805402,0.5
fp_2926,0.006571345962584019,0.7211760878562927,0.033759862,0.28774187,0.006334319245070219,0.046902202,0.5099866,0.5
fp_2927,0.046697866171598434,0.1103970259428024,0.04073146,0.5577169,0.01819041185081005,0.03511264,0.48519528,0.5
fp_2928,0.0023742602206766605,0.7280638813972473,0.038918763,0.49286604,0.00080298405373469,0.047138974,0.6541843,0.5
fp_2929,0.015005456283688545,0.6999751925468445,0.047382504,0.18163706,0.05103065073490143,0.52737105,0.52197343,0.5
fp_2930,0.026393605396151543,0.8304345607757568,0.04404536,0.16141301,0.007851047441363335,0.033743456,0.51732695,0.5
fp_2931,0.016009395942091942,0.0887524709105491,0.0322603,0.08908182,0.08898840099573135,0.070861004,0.5738182,0.5
fp_2932,0.006572086829692125,0.7604831457138062,0.042250305,0.1625353,0.013355650939047337,0.043350548,0.52090645,0.5
fp_2933,0.0016902326606214046,0.4259244799613952,0.03794098,0.46407858,0.03246384859085083,0.06750681,0.44987506,0.5
fp_2934,0.001357056200504303,0.7571808099746704,0.0518969,0.24817553,0.006308314856141806,0.014190686,0.5078404,0.5
fp_2935,0.015399878844618797,0.1555050909519195,0.04098597,0.2988643,0.06910893321037292,0.07781529,0.45913446,0.5
fp_2936,0.008167999796569347,0.7907670140266418,0.03837034,0.28710574,0.012076344341039658,0.037349228,0.46031368,0.5
fp_2937,0.010209540836513042,0.2947922945022583,0.03782168,0.36673692,0.058247748762369156,0.07812944,0.5176486,0.5
fp_2938,0.00438600592315197,0.7179954648017883,0.041345477,0.31424147,0.005065193399786949,0.024289384,0.5128763,0.5
fp_2939,0.0021867090836167336,0.7054807543754578,0.035321325,0.070329845,0.039625879377126694,0.17724183,0.56975234,0.5
fp_2940,0.04279275983572006,0.8001402616500854,0.03275159,0.1970642,0.003828840795904398,0.034923393,0.5132063,0.5
fp_2941,0.013002780266106129,0.6770505309104919,0.04132396,0.14812082,0.024967310950160027,0.04255813,0.52816415,0.5
fp_2942,0.0011695045977830887,0.7980106472969055,0.048459888,0.38188905,0.002749842591583729,0.040101793,0.61069196,0.5
fp_2943,0.026386769488453865,0.4118737876415252,0.039681137,0.20368059,0.043432652950286865,0.061167564,0.58632207,0.5
fp_2944,0.03656693920493126,0.8594666719436646,0.031198233,0.18499726,0.008594004437327385,0.05291017,0.5057615,0.5
fp_2945,0.036229636520147324,0.823060929775238,0.040401876,0.5905229,0.009592974558472633,0.03348315,0.6077781,0.5
fp_2946,0.003053663531318307,0.7777082324028015,0.028399825,0.4241077,0.005765808746218681,0.041213647,0.50203073,0.5
fp_2947,0.03484097123146057,0.7842675447463989,0.0418728,0.5877552,0.004761785268783569,0.034958825,0.58729386,0.5
fp_2948,0.018343603238463402,0.686449408531189,0.04198411,0.34382087,0.0017763712676241994,0.02438773,0.6490778,0.5
fp_2949,0.006973969284445047,0.8221139311790466,0.047599614,0.23499742,0.016027620062232018,0.03829433,0.5106635,0.5
fp_2950,0.002787719713523984,0.2858703136444092,0.033099413,0.36979565,0.007164911832660437,0.04098092,0.5048188,0.5
fp_2951,0.018728211522102356,0.8178868889808655,0.05274543,0.2742322,0.03293585032224655,0.0437253,0.5644397,0.5
fp_2952,0.03981771320104599,0.8096297383308411,0.030422866,0.5520694,0.02281014434993267,0.03944744,0.47400373,0.5
fp_2953,0.0016146624693647027,0.8174132108688354,0.0403637,0.37449843,0.011578541249036789,0.034204137,0.55894566,0.5
fp_2954,0.0008343974477611482,0.4428493678569793,0.034529984,0.37635493,0.0027282927185297012,0.08396712,0.520467,0.5
fp_2955,0.0015910972142592072,0.8286789655685425,0.043533623,0.5445763,0.028047164902091026,0.05884895,0.5364008,0.5
fp_2956,0.010623603127896786,0.7910855412483215,0.03802815,0.18031451,0.010117457248270512,0.036810935,0.52692944,0.5
fp_2957,0.02812901884317398,0.8224603533744812,0.041740656,0.4761699,0.013734682463109493,0.0377524,0.56785035,0.5
fp_2958,0.003999167121946812,0.7803871631622314,0.032813013,0.22407687,0.008060035295784473,0.03405224,0.5064073,0.5
fp_2959,0.00996395479887724,0.1843516081571579,0.041693807,0.22842023,0.01214467640966177,0.03821423,0.5028877,0.5
fp_2960,0.0007758160354569554,0.746152937412262,0.03511241,0.33978721,0.033651627600193024,0.049751725,0.43047488,0.5
fp_2961,0.015468831174075603,0.451593279838562,0.052003384,0.52377355,0.003960332367569208,0.12415515,0.59533894,0.5
fp_2962,0.0077304779551923275,0.7064422965049744,0.031678706,0.17682564,0.006598833482712507,0.03730633,0.5202307,0.5
fp_2963,0.04609304293990135,0.6759368181228638,0.027239233,0.34834272,0.017677851021289825,0.050816678,0.56302357,0.5
fp_2964,0.003673418192192912,0.7575396299362183,0.044210732,0.2905479,0.021497204899787903,0.029729005,0.6288775,0.5
fp_2965,0.002331985393539071,0.821377694606781,0.03576684,0.49823362,0.012427687644958496,0.06548821,0.56348526,0.5
fp_2966,0.009369614534080029,0.5179149508476257,0.044535607,0.40294623,0.006316985934972763,0.022373581,0.6589917,0.5
fp_2967,0.010658814571797848,0.2123403251171112,0.043080896,0.5334528,0.0032920639496296644,0.03248162,0.60502785,0.5
fp_2968,0.0036504517775028944,0.5227517485618591,0.09158927,0.18479607,0.021139612421393394,0.03210753,0.4608441,0.5
fp_2969,0.03543189913034439,0.4774029850959778,0.036044896,0.47822142,0.00995319802314043,0.06078741,0.54629487,0.5
fp_2970,0.0009203078807331622,0.4367254376411438,0.056958854,0.17636497,0.036886781454086304,0.04328753,0.36027735,0.5
fp_2971,0.017705488950014114,0.8285982608795166,0.041340858,0.43854004,0.03232651948928833,0.32930568,0.5396933,0.5
fp_2972,0.0009970759274438024,0.4648554623126983,0.08206576,0.27009842,0.024277307093143463,0.014669518,0.4756102,0.5
fp_2973,0.010827709920704365,0.2765671908855438,0.04153332,0.5489375,0.004582895897328854,0.042446483,0.50102365,0.5
fp_2974,0.001136119244620204,0.5604156255722046,0.04804638,0.24690273,0.03071960248053074,0.035897896,0.5976253,0.5
fp_2975,0.01805504411458969,0.8294373154640198,0.040673375,0.49342346,0.018322359770536423,0.037548922,0.5158949,0.5
fp_2976,0.00851963646709919,0.7380885481834412,0.06306136,0.3234859,0.017813673242926598,0.034011394,0.42937696,0.5
fp_2977,0.0038878987543284893,0.8038033246994019,0.04283458,0.18555763,0.011887607164680958,0.04651629,0.5399541,0.5
fp_2978,0.016398033127188683,0.4183018505573272,0.046345502,0.1974843,0.017949433997273445,0.037235845,0.46891576,0.5
fp_2979,0.010107968002557755,0.5793122053146362,0.04369706,0.5139271,0.009827470406889915,0.3406071,0.502087,0.5
fp_2980,0.005335255991667509,0.5929859280586243,0.097409606,0.3537445,0.005742288660258055,0.18959926,0.6396706,0.5
fp_2981,0.026952913030982018,0.4811883270740509,0.029408872,0.37658283,0.011482303030788898,0.03299704,0.55510896,0.5
fp_2982,0.01898292824625969,0.5180542469024658,0.036293894,0.5380309,0.03333546221256256,0.032935534,0.45699814,0.5
fp_2983,0.04040306434035301,0.8080494403839111,0.034995228,0.50238496,0.0038765468634665012,0.10728078,0.534963,0.5
fp_2984,0.003581432392820716,0.3661663830280304,0.046277136,0.304748,0.004465154837816954,0.01681739,0.6847213,0.5
fp_2985,0.02145104482769966,0.7932607531547546,0.031708032,0.5649768,0.0014886843273416162,0.1003319,0.58648705,0.5
fp_2986,0.008115879260003567,0.6565431356430054,0.04104182,0.5722219,0.026183849200606346,0.0318331,0.6667681,0.5
fp_2987,0.0023438124917447567,0.8086376190185547,0.03733942,0.19770876,0.0031975628808140755,0.055541206,0.5684374,0.5
fp_2988,0.02744125947356224,0.4580073654651642,0.04706511,0.42200285,0.03524809703230858,0.024509257,0.6071249,0.5
fp_2989,0.016443919390439987,0.8136959671974182,0.042891294,0.21879157,0.00732076819986105,0.088350914,0.5710399,0.5
fp_2990,0.0021468745544552803,0.5987882018089294,0.036319256,0.30162537,0.011532469652593136,0.113149926,0.46434698,0.5
fp_2991,0.0024964474141597748,0.813893735408783,0.04064399,0.3518546,0.004120425321161747,0.09664618,0.58727837,0.5
fp_2992,0.014099972322583199,0.6688039898872375,0.051536113,0.18502912,0.03682515397667885,0.023565285,0.47731802,0.5
fp_2993,0.0036764054093509912,0.7846397757530212,0.03308907,0.50954264,0.007069884799420834,0.109545134,0.45812476,0.5
fp_2994,0.007233127020299435,0.4915192723274231,0.03698477,0.27190894,0.026218442246317863,0.028628604,0.44738102,0.5
fp_2995,0.019326016306877136,0.8040677309036255,0.03126034,0.45469564,0.0033074405509978533,0.3163664,0.560006,0.5
fp_2996,0.0030509980861097574,0.5767077803611755,0.046272278,0.17974864,0.02251349203288555,0.034784324,0.67901015,0.5
fp_2997,0.013809728436172009,0.8059672117233276,0.03695172,0.26824933,0.003488340647891164,0.071117885,0.57698846,0.5
fp_2998,0.003122318536043167,0.6210327744483948,0.051162302,0.41982993,0.016052966937422752,0.03412712,0.4439605,0.5
fp_2999,0.01004055980592966,0.810333788394928,0.03655058,0.47682947,0.0013580556260421872,0.06435023,0.53977287,0.5
fp_3000,0.003649437567219138,0.4982570707798004,0.033890814,0.4956008,0.018164757639169693,0.045635924,0.45706785,0.5
fp_3001,0.025182487443089485,0.8085972666740417,0.04103011,0.52307,0.0034974059090018272,0.032519575,0.5460677,0.5
fp_3002,0.012136748991906643,0.4820128381252289,0.01713407,0.45423812,0.020274722948670387,0.05006815,0.6776675,0.5
fp_3003,0.00433021504431963,0.4659598469734192,0.039093286,0.6029853,0.003042820142582059,0.030599205,0.5707104,0.5
fp_3004,0.018127119168639183,0.3769621849060058,0.03715214,0.6029333,0.007323481608182192,0.16208248,0.6543866,0.5
fp_3005,0.023936143144965172,0.8041768074035645,0.03228098,0.5082379,0.0007980965892784297,0.04891221,0.58983713,0.5
fp_3006,0.010649018920958042,0.2243115603923797,0.041169405,0.21759808,0.01971285603940487,0.23422565,0.70769936,0.5
fp_3007,0.024209609255194664,0.7962995171546936,0.03817576,0.53168285,0.0029586495365947485,0.03281742,0.47806543,0.5
fp_3008,0.011544152162969112,0.245006188750267,0.042908162,0.23160239,0.042890939861536026,0.052341435,0.3292198,0.5
fp_3009,0.0028433192055672407,0.8102229833602905,0.03867483,0.5467478,0.0026713337283581495,0.29978743,0.57026196,0.5
fp_3010,0.0015452191000804305,0.1658904552459716,0.030820996,0.26080114,0.022706126794219017,0.19127128,0.6971204,0.5
fp_3011,0.023997334763407707,0.8199126124382019,0.032389045,0.26702043,0.006187562830746174,0.19059628,0.5690409,0.5
fp_3012,0.003718276508152485,0.134504348039627,0.037036598,0.57147586,0.034373316913843155,0.0464959,0.5632461,0.5
fp_3013,0.01914146915078163,0.802941083908081,0.036045462,0.42268425,0.004962395876646042,0.12268119,0.56578285,0.5
fp_3014,0.06227213144302368,0.3475021719932556,0.032539517,0.23514369,0.02093830704689026,0.026494447,0.694773,0.5
fp_3015,0.00441007548943162,0.7952892184257507,0.039727658,0.36145288,0.014624339528381824,0.13161342,0.47129405,0.5
fp_3016,0.001385074807330966,0.1064085438847541,0.03965029,0.5207988,0.00658440450206399,0.22737311,0.63842356,0.5
fp_3017,0.003288054605945945,0.7992902398109436,0.035895377,0.62231314,0.006450045853853226,0.09957141,0.57184315,0.5
fp_3018,0.054541610181331635,0.3548233807086944,0.01623395,0.22709064,0.024090655148029327,0.21195324,0.6857255,0.5
fp_3019,0.02906256914138794,0.7964616417884827,0.04102114,0.52282965,0.0029492275789380074,0.07174761,0.57238716,0.5
fp_3020,0.009691830724477768,0.1569909900426864,0.017397016,0.30353212,0.013116381131112576,0.037694953,0.68240404,0.5
fp_3021,0.04446113482117653,0.1272590905427932,0.036441952,0.3523169,0.021816041320562363,0.03295937,0.4928451,0.5
fp_3022,0.024929072707891464,0.1728543192148208,0.037676394,0.60398865,0.004718707408756018,0.040675074,0.6811442,0.5
fp_3023,0.03148322179913521,0.122544340789318,0.047032505,0.4100586,0.006469408515840769,0.02501,0.46376494,0.5
fp_3024,0.0062272087670862675,0.1759111434221267,0.017749012,0.21642447,0.02091708965599537,0.13310811,0.66191655,0.5
fp_3025,0.004215093329548836,0.1224948912858963,0.046992213,0.1586554,0.020895129069685936,0.028404038,0.4364397,0.5
fp_3026,0.0025104053784161806,0.406675636768341,0.021357924,0.17812407,0.036034487187862396,0.25749275,0.7148943,0.5
fp_3027,0.0164474043995142,0.1081724166870117,0.04475355,0.18928854,0.03556064888834953,0.025659034,0.39370215,0.5
fp_3028,0.000681558100041002,0.1179697513580322,0.023860931,0.55978036,0.01355730276554823,0.18344599,0.76319873,0.5
fp_3029,0.005101516842842102,0.1015951260924339,0.05169353,0.45976916,0.02511664666235447,0.025358286,0.45614576,0.5
fp_3030,0.017298683524131775,0.2254944443702697,0.024061948,0.30920473,0.03173034265637398,0.07069097,0.6208906,0.5
fp_3031,0.005314819049090147,0.1790070086717605,0.04013607,0.29364932,0.0286832544952631,0.0359502,0.4830705,0.5
fp_3032,0.006536430679261684,0.1824018657207489,0.021196485,0.39724582,0.026337195187807083,0.11052887,0.69667757,0.5
fp_3033,0.03507525473833084,0.1300996392965316,0.037598073,0.29634938,0.017099440097808838,0.03436077,0.45864666,0.5
fp_3034,0.00190222158562392,0.2113702297210693,0.025509536,0.19989386,0.03294365853071213,0.47733778,0.73570305,0.5
fp_3035,0.01811945252120495,0.0943582877516746,0.034630746,0.33514914,0.018440991640090942,0.041372776,0.44320115,0.5
fp_3036,0.0024329836014658213,0.1641400903463363,0.025892168,0.33499336,0.011898820288479328,0.39109796,0.71707433,0.5
fp_3037,0.0202330332249403,0.1075413599610328,0.06473532,0.28733078,0.005302709527313709,0.028558275,0.47777548,0.5
fp_3038,0.014355801977217197,0.4177596569061279,0.01718548,0.2580293,0.016195813193917274,0.10167365,0.7038417,0.5
fp_3039,0.03762853890657425,0.0947376564145088,0.041191667,0.6067075,0.01976475492119789,0.031389635,0.4581173,0.5
fp_3040,0.06825882941484451,0.6155861020088196,0.042386204,0.46967268,0.025912467390298843,0.03261097,0.695326,0.5
fp_3041,0.027238640934228897,0.0648976489901542,0.04205069,0.30789477,0.005129263736307621,0.035383828,0.4748209,0.5
fp_3042,0.11529920250177383,0.3993565738201141,0.045708537,0.47745198,0.006285808049142361,0.040990856,0.6832788,0.5
fp_3043,0.041114673018455505,0.0925855487585067,0.039875835,0.5903714,0.01340336911380291,0.024505949,0.4695146,0.5
fp_3044,0.012770706787705421,0.2990757822990417,0.078018636,0.2385643,0.019864901900291443,0.11590945,0.6217934,0.5
fp_3045,0.01804235391318798,0.2544300258159637,0.041872025,0.5296384,0.0360846146941185,0.03500815,0.50288254,0.5
fp_3046,0.02611192874610424,0.4172020852565765,0.062480718,0.22676902,0.03535828739404678,0.09310847,0.37602997,0.5
fp_3047,0.008531526662409306,0.0875744521617889,0.03888175,0.46589127,0.011106065474450588,0.022827815,0.43969095,0.5
fp_3048,0.003856118069961667,0.4068053662776947,0.062357277,0.3044096,0.029932478442788124,0.15352382,0.5061691,0.5
fp_3049,0.028056427836418152,0.1659225076436996,0.03746307,0.15223366,0.03663090243935585,0.03408759,0.46983135,0.5
fp_3050,0.0052727581933140755,0.2027603983879089,0.050249815,0.38975763,0.03346724435687065,0.13657552,0.39590913,0.5
fp_3051,0.022233471274375916,0.0877272859215736,0.03984189,0.16476884,0.028217677026987076,0.031190865,0.43099576,0.5
fp_3052,0.05042185261845589,0.6040282845497131,0.051104307,0.31927532,0.01905115507543087,0.031073507,0.54569703,0.5
fp_3053,0.013052559457719326,0.1527977138757705,0.03781447,0.34527123,0.02176131308078766,0.032629266,0.49634412,0.5
fp_3054,0.11142231523990631,0.4802292585372925,0.053557992,0.27620712,0.020426098257303238,0.065734945,0.50947064,0.5
fp_3055,0.009624212048947811,0.0961889028549194,0.042916566,0.45753512,0.015042812563478947,0.043998238,0.4153496,0.5
fp_3056,0.015908898785710335,0.1865652650594711,0.075338304,0.29972342,0.005914303474128246,0.105917215,0.63453674,0.5
fp_3057,0.037848833948373795,0.1305649280548095,0.04112366,0.57574916,0.016105247661471367,0.029048948,0.4353627,0.5
fp_3058,0.1777304708957672,0.473361998796463,0.029989988,0.35232964,0.024935811758041382,0.24465634,0.5066439,0.5
fp_3059,0.014134368859231472,0.5319898128509521,0.042617142,0.59352094,0.027449386194348335,0.034151066,0.44305736,0.5
fp_3060,0.04311184212565422,0.0827228352427482,0.0359807,0.4200018,0.018075937405228615,0.082203045,0.6017363,0.5
fp_3061,0.014267582446336746,0.6260377764701843,0.040833205,0.5673026,0.006208990700542927,0.01799,0.28318837,0.5
fp_3062,0.10706520080566406,0.6748337149620056,0.047326565,0.41391182,0.008056795224547386,0.09086482,0.69920486,0.5
fp_3063,0.004611601121723652,0.6312723159790039,0.06868479,0.2692966,0.02270461618900299,0.024781607,0.50659865,0.5
fp_3064,0.08189969509840012,0.2974639236927032,0.043069094,0.38165206,0.028677096590399742,0.24560073,0.5651579,0.5
fp_3065,0.006850759033113718,0.6080728769302368,0.052639812,0.35509685,0.03158240392804146,0.034499254,0.30214968,0.5
fp_3066,0.05961542949080467,0.3307786583900451,0.04409644,0.26702875,0.04112692177295685,0.44942224,0.4835561,0.5
fp_3067,0.005590876564383507,0.6225603222846985,0.062232524,0.46114087,0.023515036329627037,0.028834578,0.47053206,0.5
fp_3068,0.06344587355852127,0.4330244660377502,0.050342202,0.3534798,0.042247164994478226,0.15008253,0.4878471,0.5
fp_3069,0.004826345015317202,0.4530105888843536,0.045396954,0.52252805,0.027167361229658127,0.027173556,0.3848123,0.5
fp_3070,0.04019755870103836,0.4255367815494537,0.042453736,0.4289052,0.021016396582126617,0.06630138,0.62024987,0.5
fp_3071,0.018436601385474205,0.6068209409713745,0.04455161,0.48636898,0.018261952325701714,0.023963574,0.36601874,0.5
fp_3072,0.008069846779108047,0.3258484303951263,0.0444687,0.16379036,0.025307100266218185,0.5618285,0.4783184,0.5
fp_3073,0.013051324523985386,0.6641937494277954,0.041654766,0.47884378,0.017563629895448685,0.031685002,0.47345558,0.5
fp_3074,0.03449473902583122,0.2913215756416321,0.047745854,0.2644012,0.02076861634850502,0.5410281,0.53325415,0.5
fp_3075,0.011623792350292206,0.6140144467353821,0.06349176,0.44219607,0.00831542070955038,0.03657176,0.31838766,0.5
fp_3076,0.06680382043123245,0.2813415229320526,0.029034227,0.35559386,0.01933165080845356,0.11027918,0.47023118,0.5
fp_3077,0.01683800481259823,0.5436341166496277,0.04142794,0.6235265,0.020705951377749443,0.03337296,0.4881051,0.5
fp_3078,0.03597189486026764,0.1265960335731506,0.043238968,0.42049116,0.05521992966532707,0.081913546,0.5379598,0.5
fp_3079,0.007937588728964329,0.7382393479347229,0.044282228,0.50948536,0.005382379051297903,0.014590522,0.31178492,0.5
fp_3080,0.034403473138809204,0.2918787002563476,0.050805718,0.2219929,0.05169562250375748,0.046029713,0.5006354,0.5
fp_3081,0.018694648519158363,0.6801526546478271,0.04172018,0.63049996,0.014108597300946712,0.023142677,0.42565066,0.5
fp_3082,0.005258409772068262,0.1159797087311744,0.056699634,0.22663884,0.08851280063390732,0.061021507,0.565155,0.5
fp_3083,0.01339461375027895,0.1914016455411911,0.04167065,0.59149694,0.04196074977517128,0.028170627,0.48520136,0.5
fp_3084,0.000767818302847445,0.1282064467668533,0.05861345,0.271941,0.04996413365006447,0.13479993,0.57379824,0.5
fp_3085,0.006518166046589613,0.6910480856895447,0.041061997,0.60257214,0.024186505004763603,0.029784383,0.4742685,0.5
fp_3086,0.001265385770238936,0.2832671105861664,0.04017201,0.54360425,0.07441158592700958,0.04337974,0.5527884,0.5
fp_3087,0.009156517684459686,0.5928245186805725,0.04507497,0.4084764,0.037742748856544495,0.025380764,0.44573992,0.5
fp_3088,0.015404736623167992,0.1453129649162292,0.038889468,0.5235684,0.04464730992913246,0.1213694,0.52224183,0.5
fp_3089,0.007993887178599834,0.616457998752594,0.04262501,0.5468703,0.03340461105108261,0.035464972,0.4985233,0.5
fp_3090,0.012919955886900425,0.1451077610254287,0.042502135,0.21743485,0.038680966943502426,0.06076954,0.4778611,0.5
fp_3091,0.012824008241295815,0.5769925117492676,0.040897608,0.43989858,0.02918318100273609,0.042163394,0.49377376,0.5
fp_3092,0.0014434658223763108,0.6462476849555969,0.04759693,0.4841403,0.021809376776218414,0.05788966,0.4995684,0.5
fp_3093,0.0075910878367722034,0.7057706713676453,0.041159064,0.5679325,0.017723070457577705,0.03788695,0.50977266,0.5
fp_3094,0.032015614211559296,0.1524168103933334,0.03908947,0.18527548,0.06663521379232407,0.15391243,0.58479726,0.5
fp_3095,0.01378821674734354,0.7165524363517761,0.041439414,0.61475194,0.023522483184933662,0.036693946,0.49876744,0.5
fp_3096,0.08284197002649307,0.1226975545287132,0.0009710789,0.8047403,0.014658970758318901,0.06216395,0.21185498,0.0
fp_3097,0.007648663595318794,0.0440647937357425,0.0009792745,0.47809687,0.03332684561610222,0.085381225,0.19640698,0.0
fp_3098,0.04447410628199577,0.5505990386009216,0.00079900026,0.41969866,0.004951884504407644,0.06084914,0.21808556,0.0
fp_3099,0.48259299993515015,0.0284774079918861,0.0009531379,0.76797336,0.014682896435260773,0.045848228,0.23652087,0.0
fp_3100,0.03268485888838768,0.551217257976532,0.0009358525,0.590481,0.0005948693142272532,0.053706057,0.2720208,0.0
fp_3101,0.14200113713741302,0.3405673801898956,0.0011247694,0.43444902,0.044975027441978455,0.08563605,0.20102909,0.0
fp_3102,0.12330205738544464,0.4748810827732086,0.0010462999,0.27141073,0.0059687476605176926,0.07581109,0.25528556,0.0
fp_3103,0.16557642817497253,0.0168892741203308,0.00078836083,0.2329263,0.08291416615247726,0.0977208,0.20650077,0.0
fp_3104,0.046542175114154816,0.3879243731498718,0.0009930432,0.32727593,0.010473908856511116,0.055425495,0.2949884,0.0
fp_3105,0.020454606041312218,0.1048914790153503,0.0008918345,0.74150056,0.0280475877225399,0.08616321,0.22099525,0.0
fp_3106,0.013575641438364983,0.3778616189956665,0.0011788607,0.46887383,0.004854472354054451,0.020642137,0.21697642,0.0
fp_3107,0.13127923011779785,0.0286804977804422,0.00095653534,0.5814635,0.06100108101963997,0.104518086,0.2491517,0.0
fp_3108,0.017144739627838135,0.3979975879192352,0.0009133816,0.42482576,0.009344092570245266,0.072387636,0.22626933,0.0
fp_3109,0.05436275526881218,0.0655999705195427,0.00089377165,0.66246927,0.05060117319226265,0.13027154,0.17572822,0.0
fp_3110,0.05114619806408882,0.5599709749221802,0.0010059178,0.3377049,0.003702718997374177,0.057616238,0.2815739,0.0
fp_3111,0.025145774707198143,0.2936427295207977,0.0008432269,0.22310786,0.03727507218718529,0.10027759,0.24092077,0.0
fp_3112,0.2911834120750427,0.4701799154281616,0.0007842779,0.3933242,0.0030875043012201786,0.048926692,0.25272745,0.0
fp_3113,0.2646583914756775,0.3082649111747741,0.0009843409,0.35210115,0.025142069905996323,0.08736303,0.19839512,0.0
fp_3114,0.019206810742616653,0.3628943860530853,0.0011617839,0.43911037,0.002021666383370757,0.069538176,0.26204646,0.0
fp_3115,0.15734456479549408,0.0980713739991188,0.00095143914,0.5200276,0.03754502907395363,0.09095778,0.1969639,0.0
fp_3116,0.22087427973747253,0.3313938081264496,0.0007534027,0.3473438,0.006638263817876577,0.07406756,0.17686717,0.0
fp_3117,0.4411240816116333,0.5195551514625549,0.0009495914,0.80854195,0.00783494021743536,0.052271605,0.3015973,0.2
fp_3118,0.01634836196899414,0.4015545845031738,0.0006919503,0.5784263,0.004465112462639809,0.08347137,0.22642758,0.0
fp_3119,0.4706784188747406,0.4234631955623626,0.0009856522,0.7920951,0.003607609774917364,0.048276972,0.24619886,0.0
fp_3120,0.08570066839456558,0.5271905064582825,0.0010315776,0.39662462,0.0012750135501846671,0.0600455,0.28436098,0.0
fp_3121,0.6314615607261658,0.5711745023727417,0.0011180639,0.4953949,0.012951986864209175,0.058494426,0.24043398,0.0
fp_3122,0.034029413014650345,0.055868525058031,0.00079098344,0.51717156,0.005630360916256905,0.090130754,0.17520912,0.0
fp_3123,0.3149348199367523,0.5343678593635559,0.0012491941,0.5400953,0.027923835441470146,0.030345464,0.35013378,0.0
fp_3124,0.3734172582626343,0.3929190635681152,0.0007328093,0.7773825,0.018471824005246162,0.06662979,0.17971581,0.0
fp_3125,0.024446215480566025,0.5477078557014465,0.0009841025,0.5831111,0.009532268159091473,0.015726848,0.34265673,0.0
fp_3126,0.01253367867320776,0.0825663655996322,0.00081151724,0.6088214,0.0019065093947574496,0.029822936,0.29680675,0.0
fp_3127,0.01831749640405178,0.5630145072937012,0.0010261834,0.70287114,0.02331291139125824,0.042706724,0.27006754,0.0
fp_3128,0.10347351431846619,0.3969619572162628,0.00089639425,0.33053818,0.00782079715281725,0.049406342,0.30087626,0.0
fp_3129,0.4262564778327942,0.5540466904640198,0.000986129,0.56663436,0.010743455030024052,0.06914194,0.3459406,0.0
fp_3130,0.041603781282901764,0.2512370347976684,0.0007799864,0.3849809,0.006318781990557909,0.066403516,0.21895148,0.0
fp_3131,0.6274300813674927,0.0358018577098846,0.0009820163,0.59551895,0.01010605413466692,0.0659914,0.20870402,0.0
fp_3132,0.010432924143970013,0.5277252793312073,0.0008404851,0.49620968,0.026691103354096413,0.08103871,0.18906368,0.0
fp_3133,0.20742152631282806,0.0884010270237922,0.0012168288,0.70399815,0.0031365719623863697,0.047386304,0.35954034,0.0
fp_3134,0.06430765986442566,0.5521679520606995,0.00076287985,0.36979255,0.004960020538419485,0.07260011,0.22378583,0.0
fp_3135,0.46206897497177124,0.2403431683778762,0.00067174435,0.62689686,0.014305945485830307,0.033490803,0.23359388,0.0
fp_3136,0.012943200767040253,0.5685946345329285,0.0010372996,0.36472243,0.0172968041151762,0.044018712,0.20617968,0.0
fp_3137,0.02888057939708233,0.5700512528419495,0.0008548498,0.70743585,0.010020880959928036,0.05428329,0.330586,0.0
fp_3138,0.0750102624297142,0.1494707316160202,0.0010752678,0.5532696,0.00472029997035861,0.03965727,0.21414337,0.0
fp_3139,0.683041512966156,0.0472692809998989,0.0010130107,0.70197195,0.0024744749534875154,0.04589883,0.2841509,0.2
fp_3140,0.12488880008459091,0.1426953077316284,0.0021995902,0.28859895,0.016650870442390442,0.036702268,0.17940345,0.0
fp_3141,0.48433899879455566,0.1101408898830413,0.0008608699,0.67080766,0.007937675341963768,0.022992393,0.2578673,0.0
fp_3142,0.008581379428505898,0.0960777178406715,0.0013103187,0.36425048,0.03145236894488335,0.03929976,0.26573914,0.0
fp_3143,0.6887471079826355,0.5754466652870178,0.0009772778,0.578535,0.027046656236052513,0.041686613,0.25236502,0.0
fp_3144,0.007133411709219217,0.1122985929250717,0.0020743608,0.39904195,0.019428720697760582,0.020226903,0.21485822,0.0
fp_3145,0.6893044710159302,0.0582600608468055,0.0009786487,0.7676931,0.0037028067745268345,0.030290863,0.32732135,0.0
fp_3146,0.011399430222809315,0.1055780947208404,0.0011287928,0.46932927,0.026088016107678413,0.029929854,0.18689139,0.0
fp_3147,0.6416352391242981,0.4795713424682617,0.00095668435,0.70399976,0.015074474737048149,0.050402425,0.34891236,0.0
fp_3148,0.052441008388996124,0.5807398557662964,0.0016012788,0.48231506,0.014566807076334953,0.04906138,0.24842502,0.0
fp_3149,0.058674152940511703,0.4499936103820801,0.0010076761,0.32410026,0.010388314723968506,0.028950928,0.32523376,0.0
fp_3150,0.2206936478614807,0.0766001343727111,0.001098156,0.37670833,0.01503025647252798,0.048872814,0.20133851,0.0
fp_3151,0.694390594959259,0.1642509996891021,0.0010317266,0.73377264,0.008999316021800041,0.043488145,0.21534419,0.0
fp_3152,0.039345260709524155,0.187808945775032,0.0024518073,0.5181811,0.004925865679979324,0.025670152,0.23758104,0.0
fp_3153,0.422308087348938,0.1104088202118873,0.0007184148,0.6616849,0.009130911901593208,0.05745399,0.30658653,0.0
fp_3154,0.44350719451904297,0.0878927037119865,0.0008560121,0.74441487,0.02749859169125557,0.046265762,0.15524922,0.0
fp_3155,0.26537173986434937,0.5943624377250671,0.0008252561,0.6945183,0.0029876898042857647,0.06462298,0.23818226,0.0
fp_3156,0.085361547768116,0.0839549228549003,0.001119256,0.3805976,0.0033199607860296965,0.04588509,0.23393193,0.0
fp_3157,0.1683911234140396,0.601620078086853,0.00075247884,0.7772811,0.0010669068433344364,0.03869131,0.2806465,0.0
fp_3158,0.043145257979631424,0.341825783252716,0.00097185373,0.7826594,0.02089618146419525,0.062501706,0.21761367,0.0
fp_3159,0.025249794125556946,0.590080976486206,0.000878036,0.34208277,0.00246424344368279,0.041555192,0.2843707,0.0
fp_3160,0.26314854621887207,0.0781362056732177,0.0011111498,0.47598228,0.03137684240937233,0.022720795,0.17880051,0.0
fp_3161,0.10662052035331726,0.5884806513786316,0.00098598,0.4533476,0.0054894438944756985,0.06754608,0.27915353,0.0
fp_3162,0.027224140241742134,0.2345733344554901,0.00085264444,0.5113113,0.009248737245798111,0.029114032,0.24801454,0.0
fp_3163,0.022798657417297363,0.5893287658691406,0.0009700656,0.59182954,0.0032027759589254856,0.036552116,0.2225262,0.0
fp_3164,0.19827896356582642,0.1837807744741439,0.0012090206,0.28415686,0.03038082644343376,0.032451443,0.30007598,0.0
fp_3165,0.026485007256269455,0.4634945392608642,0.0007791817,0.64163685,0.005307044833898544,0.048427608,0.24620296,0.0
fp_3166,0.045530565083026886,0.1239775717258453,0.0008765459,0.39215466,0.022046472877264023,0.038199484,0.16616389,0.0
fp_3167,0.13039565086364746,0.5978705286979675,0.0007419586,0.4490792,0.002447393024340272,0.031970166,0.2742903,0.0
fp_3168,0.024414826184511185,0.1295834183692932,0.0011075437,0.32529205,0.02146873250603676,0.045143526,0.24024594,0.0
fp_3169,0.1546895056962967,0.5901626944541931,0.00086435676,0.5401694,0.002684262814000249,0.050620083,0.26660892,0.0
fp_3170,0.06826228648424149,0.283675342798233,0.0012115836,0.5468529,0.015449902974069118,0.046537306,0.16405681,0.0
fp_3171,0.08409792929887772,0.5901238918304443,0.0008637905,0.66047424,0.001048870850354433,0.027535709,0.26059297,0.0
fp_3172,0.024521900340914726,0.1315294951200485,0.00080254674,0.6984944,0.014565089717507362,0.05778651,0.20234463,0.0
fp_3173,0.1984030306339264,0.589518666267395,0.0009650588,0.7379657,0.002603542059659958,0.03925145,0.21481471,0.0
fp_3174,0.08067168295383453,0.1022488996386528,0.00043955445,0.6605747,0.01682739146053791,0.06086656,0.23555762,0.0
fp_3175,0.033041633665561676,0.0952391102910041,0.0009152889,0.8160261,0.0023131247144192457,0.04222731,0.24003054,0.0
fp_3176,0.11934203654527664,0.0813208147883415,0.0008761883,0.81594926,0.005417325533926487,0.07622973,0.20221746,0.0
fp_3177,0.1947525143623352,0.5901369452476501,0.00076413155,0.61433184,0.0005979035631753504,0.052876506,0.28571534,0.2
fp_3178,0.03790880739688873,0.0488121956586837,0.0009585023,0.508991,0.015899967402219772,0.05532457,0.20041901,0.0
fp_3179,0.18252605199813843,0.5962774157524109,0.0008921325,0.740347,0.002208575839176774,0.026944878,0.21008043,0.0
fp_3180,0.06012570858001709,0.0518572591245174,0.0010027289,0.49741784,0.03579866513609886,0.07286372,0.23709318,0.0
fp_3181,0.03282890096306801,0.5940287709236145,0.00091055036,0.76747733,0.0020359328482300043,0.05343887,0.28556135,0.0
fp_3182,0.012981892563402653,0.0359116941690444,0.0007299781,0.5093456,0.019171783700585365,0.08414971,0.21443409,0.0
fp_3183,0.22793623805046082,0.585029661655426,0.00076556206,0.46429434,0.004894206300377846,0.041563712,0.2748967,0.0
fp_3184,0.014707205817103386,0.0279236752539873,0.00087222457,0.7554171,0.029714884236454964,0.046183057,0.18825525,0.0
fp_3185,0.15741413831710815,0.591877818107605,0.0008457005,0.6198704,0.0037900202441960573,0.038404655,0.25861555,0.0
fp_3186,0.2748895287513733,0.075844831764698,0.00077435374,0.40300694,0.017383098602294922,0.05101537,0.19120124,0.0
fp_3187,0.038175471127033234,0.6017599105834961,0.0009394884,0.46338812,0.012097758240997791,0.052242283,0.2069241,0.0
fp_3188,0.014933077618479729,0.0227139834314584,0.0009197295,0.71010727,0.005483472254127264,0.05304116,0.21510011,0.0
fp_3189,0.04149886220693588,0.5943663716316223,0.00084626675,0.82308465,0.00555857690051198,0.036174685,0.26251227,0.0
fp_3190,0.5059701800346375,0.0754141360521316,0.0004284382,0.453447,0.019088763743638992,0.04363931,0.21158127,0.0
fp_3191,0.1699467897415161,0.5985614657402039,0.0009651482,0.73338073,0.002288785297423601,0.042104475,0.23253809,0.0
fp_3192,0.03595651686191559,0.0345614738762378,0.00045448542,0.50504464,0.010669872164726257,0.055036847,0.24431852,0.0
fp_3193,0.3518788814544678,0.0268669314682483,0.00086703897,0.5087154,0.018193116411566734,0.05613034,0.2075138,0.0
fp_3194,0.17415273189544678,0.0399110056459903,0.0008843541,0.78487694,0.003761530853807926,0.046111297,0.20815852,0.0
fp_3195,0.29879269003868103,0.0230142921209335,0.0010999739,0.57724816,0.004943900275975466,0.043539528,0.20276485,0.0
fp_3196,0.058584123849868774,0.0384543240070343,0.0004606247,0.49815267,0.01706182211637497,0.07753342,0.22195496,0.0
fp_3197,0.07368383556604385,0.0241709891706705,0.0011063516,0.31920075,0.017125915735960007,0.04394246,0.19811973,0.0
fp_3198,0.025103477761149406,0.084130622446537,0.00053840876,0.35713387,0.03083016537129879,0.10826038,0.2278817,0.0
fp_3199,0.14792832732200623,0.0224858727306127,0.001070112,0.3889031,0.0316736102104187,0.035555433,0.18358703,0.0
fp_3200,0.009074247442185879,0.0264170374721288,0.00058209896,0.7321434,0.010425738990306854,0.047552016,0.19833568,0.0
fp_3201,0.05590241402387619,0.0211063716560602,0.001192689,0.6391239,0.02081896923482418,0.025422309,0.21045572,0.0
fp_3202,0.10280540585517883,0.0448401756584644,0.0005889833,0.5550181,0.02721860073506832,0.07925217,0.25597784,0.0
fp_3203,0.04694744199514389,0.0362993143498897,0.000952214,0.48694038,0.025027144700288773,0.035424154,0.17680535,0.0
fp_3204,0.0365213118493557,0.0395058803260326,0.00052693486,0.67805433,0.022022999823093414,0.045532905,0.21140547,0.0
fp_3205,0.2944006025791168,0.0262554064393043,0.0008984804,0.45203415,0.014111536554992199,0.041240998,0.19548453,0.0
fp_3206,0.016767902299761772,0.0433250404894351,0.00062409043,0.32023257,0.029503054916858673,0.06270695,0.23269494,0.0
fp_3207,0.3918263912200928,0.0177497882395982,0.0008299351,0.61190236,0.015563171356916428,0.054238852,0.21016793,0.0
fp_3208,0.023463793098926544,0.0375459268689155,0.00062924623,0.46634358,0.011614729650318623,0.05903516,0.2032851,0.0
fp_3209,0.21103200316429138,0.0210586823523044,0.0014995337,0.47242513,0.00460448581725359,0.051698245,0.202371,0.0
fp_3210,0.06971293687820435,0.0971279442310333,0.00044748187,0.48165232,0.013166422955691814,0.16500115,0.22446968,0.0
fp_3211,0.33776918053627014,0.0179427862167358,0.0009700358,0.80368555,0.016327999532222748,0.055693284,0.19356541,0.0
fp_3212,0.33095166087150574,0.1484900712966919,0.0010138154,0.5703441,0.02098321169614792,0.048576422,0.18342584,0.0
fp_3213,0.34302541613578796,0.0126835014671087,0.000992924,0.45163727,0.004153585992753506,0.060950786,0.2000831,0.0
fp_3214,0.3396449387073517,0.0731786787509918,0.0011052489,0.54184455,0.0050410619005560875,0.03147463,0.21093416,0.0
fp_3215,0.34962013363838196,0.0164560005068779,0.0009416342,0.79924613,0.010859142057597637,0.052533437,0.2012699,0.0
fp_3216,0.07258985936641693,0.0538193173706531,0.0019671023,0.35138148,0.016178149729967117,0.03637578,0.19502085,0.0
fp_3217,0.32842645049095154,0.0491211526095867,0.0009848177,0.71939516,0.03221921995282173,0.06334928,0.20001335,0.0
fp_3218,0.12097081542015076,0.0784876346588134,0.001506269,0.3639939,0.0297116506844759,0.07937263,0.1988935,0.0
fp_3219,0.13028542697429657,0.0175073258578777,0.0009199381,0.6641862,0.00919538363814354,0.057250027,0.1913301,0.0
fp_3220,0.027527833357453346,0.0793806537985801,0.0018654764,0.39398646,0.024242324754595757,0.072674565,0.21554992,0.0
fp_3221,0.3694887161254883,0.0322795882821083,0.0008895099,0.32475612,0.031313370913267136,0.045947142,0.21139978,0.0
fp_3222,0.01881026104092598,0.0322984419763088,0.0012076795,0.460263,0.028037048876285553,0.082196355,0.12323522,0.0
fp_3223,0.2628691494464874,0.0160511527210474,0.0009404719,0.38247666,0.02458174154162407,0.04088833,0.19970207,0.0
fp_3224,0.18779881298542023,0.1498243510723114,0.0012469292,0.31033987,0.015488720498979092,0.06406237,0.20812541,0.0
fp_3225,0.12866687774658203,0.0318512246012687,0.0008969009,0.4374984,0.02135918289422989,0.07061251,0.19549307,0.0
fp_3226,0.3498523533344269,0.0943197906017303,0.0012750626,0.5320324,0.016471659764647484,0.02576713,0.18842578,0.0
fp_3227,0.15216650068759918,0.0177834052592515,0.0010078251,0.56180584,0.014486019499599934,0.062071644,0.19483948,0.0
fp_3228,0.10361333936452866,0.034065943211317,0.0018678308,0.31084028,0.005348895210772753,0.087115556,0.21981572,0.0
fp_3229,0.28593236207962036,0.0249276813119649,0.0009686053,0.767939,0.01339426077902317,0.06002775,0.1922268,0.0
fp_3230,0.397394061088562,0.0887264609336853,0.0007209182,0.36679977,0.02111780270934105,0.083054915,0.17598793,0.0
fp_3231,0.1311277598142624,0.2513494193553924,0.0010008514,0.75522155,0.022538091987371445,0.06861926,0.19819142,0.0
fp_3232,0.10719851404428482,0.0136964200064539,0.00085139275,0.3808066,0.015034916810691357,0.056485444,0.18636563,0.0
fp_3233,0.15162520110607147,0.3408611416816711,0.0009623766,0.7427973,0.004502968862652779,0.09357433,0.18986283,0.0
fp_3234,0.30341291427612305,0.2813349366188049,0.0011427104,0.44184232,0.006385113578289747,0.048932377,0.21196298,0.0
fp_3235,0.04155251756310463,0.2941742837429046,0.0015769601,0.5413743,0.017465708777308464,0.04705864,0.21412349,0.0
fp_3236,0.20326921343803406,0.0573228895664215,0.001008749,0.3366471,0.02351962961256504,0.10975283,0.19020429,0.0
fp_3237,0.05828846991062164,0.2377775162458419,0.001221627,0.5836638,0.026939015835523605,0.047379933,0.21681263,0.0
fp_3238,0.35012486577033997,0.0558044202625751,0.0010376573,0.14156914,0.037808239459991455,0.045506086,0.1749558,0.0
fp_3239,0.05209795758128166,0.2614107429981231,0.0014475286,0.6554719,0.019290467724204063,0.04112486,0.20880046,0.0
fp_3240,0.3503296971321106,0.0691465139389038,0.0012448728,0.52467996,0.03509386628866196,0.12692824,0.23562682,0.0
fp_3241,0.04303223267197609,0.129495620727539,0.0010631979,0.69236094,0.023066161200404167,0.051079325,0.20806864,0.0
fp_3242,0.14669668674468994,0.0893103182315826,0.0010182261,0.6015022,0.018901901319622993,0.030207846,0.18906945,0.0
fp_3243,0.1661825031042099,0.3197325766086578,0.0010581613,0.61730015,0.014323708601295948,0.05348315,0.19836977,0.0
fp_3244,0.05477354675531387,0.0486668013036251,0.0010509491,0.21830496,0.023106152191758156,0.047046844,0.19327007,0.0
fp_3245,0.12751233577728271,0.3192127645015716,0.0009800494,0.65350646,0.014944423921406269,0.06478821,0.20912945,0.0
fp_3246,0.3730493187904358,0.0575441420078277,0.0011487007,0.19279698,0.0194560419768095,0.15539402,0.180358,0.0
fp_3247,0.1226520985364914,0.2771084308624267,0.001457423,0.6211801,0.006814928725361824,0.058841538,0.18253966,0.0
fp_3248,0.23183093965053558,0.0548897646367549,0.0007017553,0.4089903,0.016699228435754776,0.08015443,0.17294079,0.0
fp_3249,0.15151917934417725,0.2128969430923462,0.0009751022,0.80930966,0.01752185821533203,0.057848774,0.22470623,0.0
fp_3250,0.2508489191532135,0.0249246805906295,0.0010122061,0.6328393,0.047055140137672424,0.09937407,0.17163648,0.0
fp_3251,0.07346118241548538,0.4673148393630981,0.0010381341,0.66170204,0.004018800333142281,0.13594961,0.18452896,0.0
fp_3252,0.2780655026435852,0.0578858889639377,0.0011616051,0.45679784,0.04381629824638367,0.06998689,0.21618614,0.0
fp_3253,0.17435510456562042,0.3893984854221344,0.0009818077,0.8187604,0.011638064868748188,0.04549644,0.20796995,0.0
fp_3254,0.030720768496394157,0.0218204893171787,0.0012819171,0.5069615,0.07772122323513031,0.1029924,0.27069327,0.0
fp_3255,0.1250300407409668,0.0359900631010532,0.0009851158,0.8058588,0.038569897413253784,0.055750597,0.22376321,0.0
fp_3256,0.009118900634348392,0.0253144036978483,0.0014098585,0.50509924,0.04412258788943291,0.029647544,0.23309506,0.0
fp_3257,0.06520048528909683,0.3751254379749298,0.00096705556,0.7798868,0.020674949511885643,0.065216936,0.2074316,0.0
fp_3258,0.004182188306003809,0.0532211400568485,0.0009383857,0.73911905,0.06524878740310669,0.09301709,0.19611046,0.0
fp_3259,0.08199141919612885,0.2138228267431259,0.001054585,0.6164703,0.03179900720715523,0.054844473,0.21884608,0.0
fp_3260,0.14475686848163605,0.0297680478543043,0.00091198087,0.716084,0.03802793100476265,0.045619,0.2591882,0.0
fp_3261,0.10755772888660431,0.3152375817298889,0.0010012984,0.74926466,0.028462199494242668,0.057243485,0.21936682,0.0
fp_3262,0.15964944660663605,0.0329572968184948,0.0009860098,0.55321187,0.034237876534461975,0.11361034,0.19098733,0.0
fp_3263,0.11322095990180969,0.2789543867111206,0.00096455216,0.50573456,0.02749110572040081,0.065036945,0.215872,0.0
fp_3264,0.015996187925338745,0.2235786467790603,0.0011059046,0.64562076,0.01876811683177948,0.07862128,0.25152898,0.0
fp_3265,0.07604805380105972,0.4035384953022003,0.00097450614,0.75559473,0.01726633869111538,0.06908967,0.22367102,0.0
fp_3266,0.2648555338382721,0.0331714861094951,0.00093895197,0.4932765,0.055622704327106476,0.1302206,0.19207609,0.0
fp_3267,0.12288109958171844,0.4045615494251251,0.0009753704,0.798238,0.019100025296211243,0.058392137,0.22070503,0.0
fp_3268,0.02636301890015602,0.0315469987690448,0.010800183,0.9930981,0.014091471210122108,0.32246011,0.21550521,0.0
fp_3269,0.006494410801678896,0.0106260599568486,0.010917574,0.40116176,0.03221263363957405,0.31335917,0.19437787,0.0
fp_3270,0.02497212216258049,0.562736988067627,0.0089559555,0.43660483,0.004859510809183121,0.2925832,0.22876066,0.0
fp_3271,0.12421749532222748,0.0073785623535513,0.010682017,0.80824435,0.014612813480198383,0.24233729,0.23551267,0.0
fp_3272,0.012618995271623135,0.5505278706550598,0.010423154,0.6256267,0.0005654055858030915,0.21874486,0.3038383,0.0
fp_3273,0.036496154963970184,0.1315591931343078,0.012503743,0.36063004,0.04369049146771431,0.37215164,0.20332006,0.0
fp_3274,0.06503687798976898,0.3155353367328644,0.01175186,0.26515746,0.005752730183303356,0.34955263,0.27019674,0.0
fp_3275,0.04630542919039726,0.0043477122671902,0.00848034,0.17392491,0.07955638319253922,0.32772857,0.21021912,0.0
fp_3276,0.016621656715869904,0.1897131651639938,0.0112077,0.30152866,0.010010616853833199,0.332096,0.29906207,0.0
fp_3277,0.010554153472185135,0.026479260995984,0.010007262,0.74784833,0.027419162914156914,0.4205946,0.217939,0.0
fp_3278,0.005919710732996464,0.1778714656829834,0.0137575865,0.38559788,0.004800517577677965,0.16355823,0.21522713,0.0
fp_3279,0.03768278285861015,0.0069455807097256,0.010784358,0.6038377,0.060161296278238297,0.3608628,0.2513497,0.0
fp_3280,0.008476193062961102,0.2046822607517242,0.010190636,0.44841814,0.008700569160282612,0.3722041,0.23338634,0.0
fp_3281,0.01893286593258381,0.0160351060330867,0.009997636,0.6585734,0.04838864505290985,0.38749874,0.1765597,0.0
fp_3282,0.02231709659099579,0.5757388472557068,0.011056632,0.36647683,0.003548758802935481,0.29558694,0.2865447,0.0
fp_3283,0.0069967652671039104,0.0971151441335678,0.009299338,0.1674652,0.03449227288365364,0.29400173,0.24058759,0.0
fp_3284,0.1473773866891861,0.3302071690559387,0.008721411,0.3779851,0.0031831946689635515,0.27869576,0.26870182,0.0
fp_3285,0.0852087214589119,0.102793775498867,0.01083532,0.27391413,0.0235303808003664,0.34172502,0.19922586,0.0
fp_3286,0.010300966911017895,0.1582527011632919,0.012977511,0.50774276,0.0019482861971482635,0.32117483,0.2697823,0.0
fp_3287,0.035433050245046616,0.0246609319001436,0.010522515,0.4355564,0.03612539544701576,0.31769124,0.19878015,0.0
fp_3288,0.08429387956857681,0.1323821991682052,0.008396924,0.338048,0.006688183173537254,0.38093832,0.18641278,0.0
fp_3289,0.12862089276313782,0.371757447719574,0.01055041,0.81987983,0.007851281203329563,0.31846786,0.30547452,0.0
fp_3290,0.016266606748104095,0.2126059681177139,0.007633239,0.5956937,0.00446345517411828,0.317173,0.23619957,0.0
fp_3291,0.13494987785816193,0.2305699735879898,0.010980219,0.8049669,0.0034726434387266636,0.33483148,0.24621037,0.0
fp_3292,0.029836218804121017,0.5171743035316467,0.011355042,0.4218754,0.0012964876368641853,0.2817736,0.3072138,0.0
fp_3293,0.1988493800163269,0.4470946490764618,0.012533128,0.4971159,0.012349591590464115,0.34044996,0.23873706,0.0
fp_3294,0.016195379197597504,0.0135452169924974,0.0088171065,0.51494545,0.0057149119675159454,0.3639353,0.18617328,0.0
fp_3295,0.09774933010339737,0.3786063492298126,0.013984799,0.53414166,0.026675155386328697,0.22127956,0.34350917,0.0
fp_3296,0.12041779607534409,0.1909647136926651,0.008056998,0.7985553,0.018222926184535027,0.3393234,0.18458807,0.0
fp_3297,0.02343946322798729,0.4069488048553467,0.0106576085,0.51129186,0.009462823159992695,0.23279987,0.3379265,0.0
fp_3298,0.008525660261511803,0.0205012820661067,0.009070218,0.59514356,0.0018799218814820051,0.29079035,0.2954245,0.0
fp_3299,0.030743617564439774,0.4323863387107849,0.011433631,0.7629951,0.02223644033074379,0.30247802,0.26956728,0.0
fp_3300,0.037715982645750046,0.2051651924848556,0.010118753,0.3180329,0.007681481074541807,0.293669,0.3028691,0.0
fp_3301,0.11888446658849716,0.4161049723625183,0.010960609,0.60943925,0.010395464487373829,0.29405203,0.33812538,0.0
fp_3302,0.017085637897253036,0.0820487737655639,0.008740634,0.40088138,0.006218215450644493,0.33963257,0.22821636,0.0
fp_3303,0.18460752069950104,0.0085247699171304,0.01093334,0.5658134,0.01014026626944542,0.32890886,0.20702809,0.0
fp_3304,0.0052187638357281685,0.4922803044319153,0.009258598,0.483155,0.02529509924352169,0.33175156,0.185699,0.0
fp_3305,0.05802840739488602,0.0220677740871906,0.013649702,0.7389146,0.0029907934367656708,0.21175002,0.34772062,0.0
fp_3306,0.038894206285476685,0.5609649419784546,0.0085195005,0.34649962,0.005032237619161606,0.3257468,0.23404008,0.0
fp_3307,0.134561687707901,0.0688872784376144,0.0071606636,0.6402079,0.013431924395263195,0.36740676,0.24721739,0.0
fp_3308,0.005557214375585318,0.5416679382324219,0.011593491,0.42528272,0.01697651483118534,0.35088432,0.2113367,0.0
fp_3309,0.029235919937491417,0.4507491886615753,0.009375989,0.72375005,0.009701318107545376,0.32216966,0.33212674,0.0
fp_3310,0.028156975284218788,0.0413398221135139,0.011865795,0.6192686,0.0045729633420705795,0.31221512,0.23330505,0.0
fp_3311,0.20232537388801575,0.0113799665123224,0.0113045275,0.723964,0.0023941989056766033,0.2981183,0.2803524,0.2
fp_3312,0.02683267369866371,0.0374424941837787,0.02488774,0.30348557,0.01601152867078781,0.38523537,0.17756991,0.0
fp_3313,0.1571396440267563,0.0280027780681848,0.009449601,0.7044093,0.00760751124471426,0.13667923,0.2595258,0.0
fp_3314,0.005648723803460598,0.0242126956582069,0.01506573,0.37571856,0.02972855232656002,0.48559967,0.2664113,0.0
fp_3315,0.21088425815105438,0.4571699202060699,0.010823876,0.61769974,0.02619030512869358,0.22270964,0.25704718,0.0
fp_3316,0.003676698775961995,0.0286831147968769,0.022531271,0.32120085,0.01881817914545536,0.24283391,0.20437138,0.0
fp_3317,0.23288887739181519,0.0141826570034027,0.010887295,0.7933192,0.003580690361559391,0.23115736,0.32328123,0.0
fp_3318,0.0016844822093844414,0.0267486367374658,0.012643963,0.50715816,0.024153592064976692,0.22044572,0.19196801,0.0
fp_3319,0.2291163057088852,0.2958405613899231,0.010632724,0.7555861,0.015044134110212326,0.3228532,0.3415189,0.0
fp_3320,0.022479921579360962,0.5777497887611389,0.017107666,0.54168624,0.013624596409499645,0.3599505,0.2498787,0.0
fp_3321,0.03296225890517235,0.2583011388778686,0.011221498,0.33265075,0.010024851188063622,0.1516249,0.319146,0.0
fp_3322,0.0732770636677742,0.0190290920436382,0.012277752,0.38995084,0.014541679993271828,0.38916987,0.19843695,0.0
fp_3323,0.19267407059669495,0.0438035391271114,0.0114329755,0.76719844,0.008575785905122757,0.21516432,0.21426119,0.0
fp_3324,0.017669863998889923,0.0512555465102195,0.02671203,0.58316934,0.004536413587629795,0.3122203,0.24184355,0.0
fp_3325,0.11323106288909912,0.0280309040099382,0.007722497,0.6707045,0.008624997921288013,0.24509096,0.31058535,0.0
fp_3326,0.06010013073682785,0.0220369454473257,0.009472996,0.78601015,0.026503771543502808,0.33066282,0.15555774,0.0
fp_3327,0.04537075385451317,0.5087311863899231,0.009095311,0.68380946,0.002917344681918621,0.20510332,0.23879918,0.0
fp_3328,0.02831524983048439,0.0209817718714475,0.012346566,0.43322802,0.0032889097929000854,0.33100885,0.25535935,0.0
fp_3329,0.0353686660528183,0.5160868763923645,0.008214802,0.8008151,0.0010050395503640175,0.24649923,0.28112307,0.0
fp_3330,0.019583337008953094,0.1292171329259872,0.01072824,0.81137115,0.021049069240689278,0.34995496,0.2181165,0.0
fp_3331,0.01981329172849655,0.493748664855957,0.009687483,0.3329295,0.002312821103259921,0.2548211,0.280247,0.0
fp_3332,0.07632327824831009,0.0193976368755102,0.0123205185,0.5484098,0.029152333736419678,0.22097044,0.17867683,0.0
fp_3333,0.027603501453995705,0.4928359985351562,0.01105845,0.45173043,0.005225928034633398,0.25910178,0.27706555,0.0
fp_3334,0.006230907514691353,0.0668712332844734,0.009580821,0.5459161,0.008888434618711472,0.27320156,0.243527,0.0
fp_3335,0.010384457185864449,0.4935037195682525,0.01071161,0.49134207,0.003125995397567749,0.15705298,0.21540636,0.0
fp_3336,0.03167229890823364,0.0521559864282608,0.013637751,0.28268662,0.028779558837413788,0.31437072,0.29965776,0.0
fp_3337,0.01144664827734232,0.27761971950531,0.008549899,0.68529487,0.005000179633498192,0.28553325,0.24738061,0.0
fp_3338,0.018527431413531303,0.032033946365118,0.009751588,0.43058404,0.020868094637989998,0.3309069,0.16312975,0.0
fp_3339,0.03128151595592499,0.5152082443237305,0.008100569,0.4981348,0.002338631311431527,0.22322243,0.27351314,0.0
fp_3340,0.007011669687926769,0.0344706140458583,0.0121665,0.3125648,0.019392095506191254,0.39134908,0.23607749,0.0
fp_3341,0.049646563827991486,0.5004031658172607,0.009565562,0.50668687,0.0026557662058621645,0.2994843,0.26014605,0.0
fp_3342,0.020470160990953445,0.0929528996348381,0.013399631,0.61719406,0.01433201041072607,0.40959424,0.15740101,0.0
fp_3343,0.023202992975711823,0.4921469390392303,0.009477466,0.6803891,0.0009937670547515154,0.1979686,0.2554975,0.0
fp_3344,0.01436727587133646,0.034654464572668,0.008847237,0.7527089,0.014292632229626179,0.41232777,0.20404387,0.0
fp_3345,0.04913865402340889,0.49614217877388,0.010733098,0.72565114,0.0024614925496280193,0.2845133,0.2186158,0.0
fp_3346,0.008001226931810379,0.0258225910365581,0.004581362,0.6706999,0.01636429689824581,0.25887203,0.22543731,0.0
fp_3347,0.013108168728649616,0.0239052306860685,0.010151386,0.8139796,0.0022411367390304804,0.27022374,0.24196088,0.0
fp_3348,0.033277545124292374,0.0201841779053211,0.009772658,0.82613784,0.005271785892546177,0.53562826,0.19259816,0.0
fp_3349,0.053582604974508286,0.504874587059021,0.008368909,0.65543616,0.0005803751409985125,0.31754798,0.2861446,0.0
fp_3350,0.011485172435641289,0.0117660388350486,0.010751247,0.50699383,0.015588417649269104,0.08917122,0.19170548,0.0
fp_3351,0.04566203057765961,0.5089343786239624,0.009875894,0.7472072,0.0021624774672091007,0.2140117,0.21315673,0.0
fp_3352,0.011628646403551102,0.0125267757102847,0.011199653,0.5108523,0.03457687050104141,0.26855567,0.24302606,0.0
fp_3353,0.01583404839038849,0.5060481429100037,0.010085583,0.7719573,0.002009811345487833,0.1650107,0.2782813,0.0
fp_3354,0.004749428480863571,0.0085539175197482,0.00817731,0.38273886,0.018653852865099907,0.14568429,0.20423748,0.0
fp_3355,0.054568395018577576,0.4787093102931976,0.008393317,0.43065214,0.004682836122810841,0.20533146,0.27067804,0.0
fp_3356,0.003618558868765831,0.0066157062537968,0.00968197,0.7775127,0.02789161168038845,0.25614843,0.17923993,0.0
fp_3357,0.03939163312315941,0.5030756592750549,0.009337693,0.6085654,0.0035905048716813326,0.20204018,0.25807613,0.0
fp_3358,0.1051425039768219,0.0187021121382713,0.008623213,0.41198644,0.01735893450677395,0.24388202,0.17978649,0.0
fp_3359,0.014460153877735138,0.5158525109291077,0.01041168,0.4996415,0.010900354012846947,0.18002485,0.19996083,0.0
fp_3360,0.007605121470987797,0.0055676721967756,0.010367662,0.7136954,0.005160100292414427,0.17385362,0.2093534,0.0
fp_3361,0.019834427163004875,0.5055491328239441,0.009343088,0.8328482,0.005223528947681189,0.20206147,0.24939686,0.0
fp_3362,0.11322177946567535,0.0185947511345148,0.00442335,0.4228354,0.019014989957213402,0.23238932,0.20131908,0.0
fp_3363,0.03254739195108414,0.5097984075546265,0.010732412,0.7196137,0.0021995436400175095,0.25774917,0.23815249,0.0
fp_3364,0.010101905092597008,0.0082230372354388,0.0047140718,0.49701262,0.010371112264692783,0.26001525,0.23924331,0.0
fp_3365,0.10341012477874756,0.0069576879031956,0.00953728,0.5224333,0.017488930374383926,0.29739133,0.21111023,0.0
fp_3366,0.05332423746585846,0.0095483716577291,0.00990656,0.8148862,0.003569822059944272,0.281279,0.20021106,0.0
fp_3367,0.06146805360913277,0.0059310463257133,0.012334973,0.5947503,0.004778783302754164,0.29901102,0.20963843,0.0
fp_3368,0.02224537916481495,0.0091934073716402,0.004796982,0.49990678,0.017187822610139847,0.26354182,0.21377002,0.0
fp_3369,0.051118575036525726,0.006014977581799,0.012348354,0.30405125,0.016050925478339195,0.33742857,0.20265049,0.0
fp_3370,0.012908054515719414,0.0209425892680883,0.00575307,0.35255915,0.029688332229852676,0.19386247,0.2140922,0.0
fp_3371,0.042733822017908096,0.0057874550111591,0.011800021,0.38928038,0.029272742569446564,0.28815207,0.17928487,0.0
fp_3372,0.005476466845721006,0.0062281829304993,0.006281525,0.734295,0.010681169107556343,0.24376757,0.19227935,0.0
fp_3373,0.018950393423438072,0.0054313051514327,0.013542682,0.58194005,0.020109690725803375,0.21511625,0.20663407,0.0
fp_3374,0.027849799022078514,0.0107621159404516,0.006325394,0.58172256,0.02668769098818302,0.25612837,0.28134716,0.0
fp_3375,0.01691722869873047,0.0086273588240146,0.010512859,0.50677896,0.023182714357972145,0.24870041,0.1835487,0.0
fp_3376,0.01283930242061615,0.0094453152269124,0.0055910945,0.6743394,0.02089158445596695,0.2023991,0.20093377,0.0
fp_3377,0.06851200014352798,0.0067870067432522,0.0098670125,0.46992224,0.01320936344563961,0.28577277,0.19611384,0.0
fp_3378,0.004119787365198135,0.0103907547891139,0.0067736804,0.27289212,0.027009934186935425,0.12001867,0.2189779,0.0
fp_3379,0.19870294630527496,0.0045515396632254,0.009070694,0.5849651,0.014998627826571465,0.28504705,0.2141078,0.0
fp_3380,0.011937666684389114,0.0089691132307052,0.0068681836,0.46760654,0.010772974230349064,0.13743001,0.19302456,0.0
fp_3381,0.04384903609752655,0.0054080747067928,0.01709345,0.50247663,0.004229120910167694,0.31708622,0.2051275,0.0
fp_3382,0.01224121730774641,0.0244259126484394,0.004660368,0.45804572,0.012693477794528008,0.32421935,0.22161023,0.0
fp_3383,0.0804799348115921,0.0045931311324238,0.0107884705,0.8316304,0.015720780938863754,0.33628264,0.1954592,0.0
fp_3384,0.06793495267629623,0.0392538160085678,0.011159241,0.6308498,0.020319543778896332,0.11994336,0.17318955,0.0
fp_3385,0.14695265889167786,0.0032328118104487,0.011025846,0.46461773,0.003937503322958946,0.30601624,0.20669349,0.0
fp_3386,0.08595091849565506,0.0183588117361068,0.012102485,0.620025,0.004691001493483782,0.12951732,0.20984928,0.0
fp_3387,0.08918391168117523,0.004214531276375,0.010437369,0.8232562,0.010629493743181229,0.28757674,0.20439084,0.0
fp_3388,0.014209882356226444,0.0131041286513209,0.021596402,0.37432492,0.01541729737073183,0.11021323,0.20041476,0.0
fp_3389,0.14320309460163116,0.0118297925218939,0.010966837,0.757954,0.029782559722661972,0.33543816,0.20537351,0.0
fp_3390,0.02503248304128647,0.0198277756571769,0.016763628,0.38441244,0.028398696333169937,0.25451726,0.20126458,0.0
fp_3391,0.05930756404995918,0.0044805849902331,0.010178298,0.68778765,0.00879733543843031,0.29971504,0.18840192,0.0
fp_3392,0.011263991706073284,0.0199282113462686,0.018326879,0.3305386,0.02344445139169693,0.18925141,0.21402729,0.0
fp_3393,0.13818997144699097,0.0076518133282661,0.009807885,0.29830498,0.029621513560414314,0.30501863,0.20771305,0.0
fp_3394,0.004408853128552437,0.0076959021389484,0.013277084,0.5033284,0.026821177452802658,0.18624936,0.11949358,0.0
fp_3395,0.07598128914833069,0.004101438447833,0.010430247,0.37120423,0.022796882316470146,0.28648442,0.20209949,0.0
fp_3396,0.03476319834589958,0.0422890745103359,0.013582736,0.36483783,0.014766158536076546,0.16252336,0.21001458,0.0
fp_3397,0.038275688886642456,0.0076515739783644,0.009897709,0.46950516,0.019352685660123825,0.37650657,0.19271336,0.0
fp_3398,0.06164795532822609,0.0237739477306604,0.01443854,0.5357441,0.01612803526222706,0.13190334,0.19012143,0.0
fp_3399,0.061345331370830536,0.0045652189292013,0.011237115,0.58782285,0.013514026068150997,0.3576319,0.19422033,0.0
fp_3400,0.04456465318799019,0.0081103723496198,0.020651817,0.3688512,0.004912854637950659,0.07598736,0.21830934,0.0
fp_3401,0.06296880543231964,0.0061451094225049,0.010770649,0.7968906,0.01279684342443943,0.3221714,0.19383931,0.0
fp_3402,0.05664635822176933,0.0222457889467477,0.007887244,0.39255515,0.0199733916670084,0.13343748,0.17950891,0.0
fp_3403,0.05315638706088066,0.0762119144201278,0.011166096,0.80272084,0.021525487303733826,0.33501506,0.19658056,0.0
fp_3404,0.025400735437870026,0.003513759933412,0.009411722,0.40818375,0.0145536158233881,0.18914495,0.1849777,0.0
fp_3405,0.03481424227356911,0.1342217624187469,0.010694116,0.8045977,0.0042388406582176685,0.32086024,0.19514456,0.0
fp_3406,0.07327674329280853,0.0904167667031288,0.012492895,0.5230993,0.0061618308536708355,0.12858403,0.21424106,0.0
fp_3407,0.01818622648715973,0.0933518037199974,0.018155217,0.53366035,0.016474146395921707,0.35445246,0.2246739,0.0
fp_3408,0.05021442845463753,0.0139457788318395,0.011212707,0.36811382,0.02266845852136612,0.18636127,0.18736985,0.0
fp_3409,0.023111963644623756,0.067988097667694,0.013808817,0.5939634,0.02501174993813038,0.34726653,0.22297342,0.0
fp_3410,0.08758483827114105,0.0136087322607636,0.011664659,0.22568297,0.036100663244724274,0.09155388,0.17871985,0.0
fp_3411,0.019277984276413918,0.0764379426836967,0.01654616,0.6512991,0.018607493489980698,0.28875867,0.2145566,0.0
fp_3412,0.06834159046411514,0.0170653332024812,0.013568312,0.5359969,0.03382352367043495,0.18007343,0.24453712,0.0
fp_3413,0.01726980321109295,0.0335946306586265,0.0118946135,0.7651981,0.02149459347128868,0.31219137,0.21281473,0.0
fp_3414,0.04082786291837692,0.0223761796951293,0.011208057,0.65593386,0.017488978803157806,0.16515465,0.19330034,0.0
fp_3415,0.055521078407764435,0.1231702864170074,0.0117957,0.6815106,0.013400675728917122,0.3290404,0.20438604,0.0
fp_3416,0.011729666963219643,0.0117739252746105,0.011748791,0.19481331,0.022212065756320953,0.26031658,0.19164145,0.0
fp_3417,0.054028406739234924,0.1159154623746872,0.010910571,0.6981424,0.014283786527812481,0.3560744,0.21765405,0.0
fp_3418,0.13699191808700562,0.0140081821009516,0.012665212,0.24841368,0.018611496314406395,0.26287335,0.18407214,0.0
fp_3419,0.034230999648571014,0.0861090421676635,0.016727895,0.68538356,0.006273319944739342,0.3058747,0.18614148,0.0
fp_3420,0.049227580428123474,0.0134503310546278,0.0076242387,0.42377654,0.015817085281014442,0.15245338,0.1756623,0.0
fp_3421,0.04330459609627724,0.0594873428344726,0.010850489,0.8405385,0.01661141775548458,0.32786322,0.23326877,0.0
fp_3422,0.0511820912361145,0.0063947830349206,0.011428505,0.64456767,0.0460672490298748,0.37521362,0.17039393,0.0
fp_3423,0.028502479195594788,0.2742756307125091,0.011609197,0.7300228,0.003887895029038191,0.2773289,0.18712136,0.0
fp_3424,0.10642610490322113,0.0140759963542222,0.013267398,0.4572874,0.04196281358599663,0.32782972,0.21594042,0.0
fp_3425,0.06925959140062332,0.1798450946807861,0.010929972,0.84237736,0.011280236765742302,0.31979927,0.21356548,0.0
fp_3426,0.010848678648471832,0.0055451029911637,0.014838815,0.51449573,0.07352060079574585,0.31579962,0.27396685,0.0
fp_3427,0.04853152856230736,0.0085763009265065,0.010890931,0.83311176,0.035211093723773956,0.31543803,0.2314516,0.0
fp_3428,0.007329502608627081,0.0061595998704433,0.015662223,0.40893182,0.043284717947244644,0.25732204,0.23124462,0.0
fp_3429,0.025060424581170082,0.1596011370420456,0.010754466,0.8264965,0.01990947313606739,0.36470485,0.21335305,0.0
fp_3430,0.0032756312284618616,0.0128967408090829,0.010442346,0.7711968,0.06106521561741829,0.37864673,0.19586566,0.0
fp_3431,0.03274683281779289,0.0597967468202114,0.011820942,0.6595531,0.030022338032722473,0.29955935,0.23590781,0.0
fp_3432,0.03874099254608154,0.0071498807519674,0.010090262,0.7541607,0.03586496785283089,0.18505952,0.26058266,0.0
fp_3433,0.04771682247519493,0.1100353822112083,0.011163861,0.78498495,0.02630707435309887,0.32454702,0.23063451,0.0
fp_3434,0.06392009556293488,0.00812653824687,0.011199236,0.5323546,0.03383146971464157,0.44376892,0.19185054,0.0
fp_3435,0.043825142085552216,0.0904337912797927,0.010699332,0.56423175,0.02545882947742939,0.37829986,0.22205104,0.0
fp_3436,0.009926614351570606,0.0630200952291488,0.012327373,0.669067,0.017921147868037224,0.3478672,0.24975306,0.0
fp_3437,0.0263160802423954,0.1994591653347015,0.0107551515,0.79921126,0.016339484602212906,0.31687206,0.23912233,0.0
fp_3438,0.055309321731328964,0.0080134272575378,0.010377884,0.3875859,0.05395708978176117,0.3819549,0.1931051,0.0
fp_3439,0.044880229979753494,0.2143702059984207,0.010853708,0.8365625,0.018454061821103096,0.33392805,0.23096871,0.0
fp_3440,0.08985048532485962,0.2031992077827453,0.009281367,0.004546968,0.01800447888672352,0.053181533,0.60902476,0.5
fp_3441,0.05426682159304619,0.071887731552124,0.009284347,0.05211038,0.038157522678375244,0.050093208,0.57467127,0.5
fp_3442,0.04322563484311104,0.6166238784790039,0.007589489,0.10818889,0.006158108823001385,0.067289606,0.5958318,0.5
fp_3443,0.23290979862213135,0.0528914183378219,0.0091612935,0.07184422,0.01807691715657711,0.04317002,0.5602126,0.5
fp_3444,0.036438677459955215,0.6167402267456055,0.008840829,0.09019483,0.0007112849270924926,0.059876498,0.6361003,0.5
fp_3445,0.13329528272151947,0.3723357319831848,0.010662228,0.056214064,0.05137115344405174,0.010919454,0.60281324,0.5
fp_3446,0.14275746047496796,0.5453526973724365,0.009941131,0.13233398,0.007593394722789526,0.06703441,0.58695483,0.5
fp_3447,0.1712692677974701,0.0317926220595836,0.007321954,0.08687489,0.09407415986061096,0.07876616,0.63454473,0.5
fp_3448,0.027325347065925598,0.231362372636795,0.009476483,0.12433113,0.013113431632518768,0.051573392,0.5417115,0.5
fp_3449,0.05526382848620415,0.1715778112411499,0.0085734725,0.09180085,0.03407531976699829,0.044575002,0.5486117,0.5
fp_3450,0.04124019667506218,0.2205707877874374,0.011678636,0.103207484,0.006087259855121374,0.033904437,0.5872581,0.5
fp_3451,0.0678987130522728,0.0493452623486518,0.009227395,0.08984371,0.0700322762131691,0.058247324,0.5683117,0.5
fp_3452,0.3135130703449249,0.2577350437641144,0.008642286,0.078318834,0.011416536755859852,0.05006921,0.53848815,0.5
fp_3453,0.05704212933778763,0.1112552285194397,0.008530259,0.08203886,0.05590110272169113,0.050023973,0.58098924,0.5
fp_3454,0.059638611972332,0.6171827912330627,0.009409457,0.078554146,0.004667722620069981,0.057089128,0.5599084,0.5
fp_3455,0.10157395899295807,0.3437372148036957,0.007964969,0.06114518,0.04637792333960533,0.0486239,0.6181487,0.5
fp_3456,0.13168494403362274,0.5676934719085693,0.0074028075,0.099981055,0.003991023171693087,0.065494105,0.5926465,0.5
fp_3457,0.20007768273353577,0.3393635153770447,0.009325296,0.090294644,0.0279980581253767,0.051754545,0.62431693,0.5
fp_3458,0.03939997777342796,0.2269491553306579,0.011074066,0.06880985,0.002647051587700844,0.066733874,0.6220301,0.5
fp_3459,0.17084597051143646,0.1656093299388885,0.008933127,0.0525312,0.044141363352537155,0.050129797,0.5912286,0.5
fp_3460,0.03760911151766777,0.2943605184555053,0.0070586503,0.12043215,0.008481448516249657,0.052439965,0.61852634,0.5
fp_3461,0.2540517747402191,0.5011908411979675,0.009086549,0.07322701,0.009510830976068974,0.039327953,0.58359814,0.5
fp_3462,0.07102233916521072,0.2535236179828644,0.006445229,0.10435953,0.005726623348891735,0.065358154,0.5956709,0.5
fp_3463,0.22240710258483887,0.4503936171531677,0.009423107,0.09045818,0.005361690651625395,0.043103818,0.615222,0.5
fp_3464,0.04987262934446335,0.6143390536308289,0.009623706,0.08807097,0.0016962704248726368,0.07351781,0.631726,0.5
fp_3465,0.10874048620462418,0.5689465999603271,0.010753155,0.07258676,0.016876231878995895,0.041679014,0.59573036,0.5
fp_3466,0.05458436533808708,0.0929763615131378,0.0074759424,0.09833809,0.007345867808908224,0.06903358,0.60465235,0.5
fp_3467,0.1836250275373459,0.5191507935523987,0.012003452,0.08268395,0.035025421530008316,0.034546554,0.5283363,0.5
fp_3468,0.10520259290933609,0.2621721029281616,0.006870866,0.07342324,0.023330116644501686,0.05950375,0.5783868,0.5
fp_3469,0.07233259826898575,0.5402898192405701,0.00911057,0.095622726,0.011737124994397163,0.013542904,0.57686687,0.5
fp_3470,0.0401950366795063,0.1335997581481933,0.0077719092,0.08730745,0.0025013089179992676,0.02310775,0.5549358,0.5
fp_3471,0.11339316517114639,0.5511795878410339,0.009810805,0.060448907,0.03051602467894554,0.039987996,0.57378405,0.5
fp_3472,0.018203433603048325,0.2581493258476257,0.008502215,0.115256846,0.009647360071539879,0.051517956,0.5423097,0.5
fp_3473,0.2603371739387512,0.5411409735679626,0.009403646,0.06110958,0.014641348272562027,0.06297524,0.5351393,0.5
fp_3474,0.02626441977918148,0.3076532483100891,0.007366836,0.10665052,0.00813813041895628,0.046408486,0.60441756,0.5
fp_3475,0.12710106372833252,0.0613859631121158,0.009383738,0.07641672,0.012550615705549717,0.05128013,0.60873926,0.5
fp_3476,0.05161105468869209,0.6158979535102844,0.007883102,0.05567838,0.03532968834042549,0.05580662,0.54117024,0.5
fp_3477,0.13556474447250366,0.1520720273256302,0.011747658,0.08189849,0.004380738828331232,0.047974586,0.5455676,0.5
fp_3478,0.055636197328567505,0.6166728734970093,0.0071612597,0.12097047,0.006449324544519186,0.06913041,0.59035444,0.5
fp_3479,0.251945823431015,0.3030421435832977,0.0062139034,0.07844694,0.017609981819987297,0.020096052,0.6572336,0.5
fp_3480,0.06520487368106842,0.6188890337944031,0.009948313,0.06754223,0.020958537235856056,0.033974808,0.66076314,0.5
fp_3481,0.08179795742034912,0.5760019421577454,0.008082032,0.08176556,0.012877518311142921,0.049100526,0.56181264,0.5
fp_3482,0.05606682598590851,0.2309487909078598,0.010114759,0.07191782,0.006384949665516615,0.025499783,0.6732416,0.5
fp_3483,0.13767246901988983,0.0797412395477294,0.009708762,0.08076691,0.003405684372410178,0.038827617,0.5971391,0.5
fp_3484,0.16219457983970642,0.2272330969572067,0.021151155,0.1172045,0.021378956735134125,0.017068038,0.62342733,0.5
fp_3485,0.2701394557952881,0.1898820549249649,0.008143425,0.059272755,0.00950167141854763,0.03715519,0.62825096,0.5
fp_3486,0.08254779130220413,0.1707125753164291,0.012806505,0.10601376,0.039430975914001465,0.011928211,0.54527026,0.5
fp_3487,0.23961982131004333,0.5706486105918884,0.009314716,0.10310153,0.03759877383708954,0.028235618,0.64057136,0.5
fp_3488,0.060017261654138565,0.1957532167434692,0.019734383,0.07656209,0.02349880337715149,0.019666892,0.59906113,0.5
fp_3489,0.25968098640441895,0.098843052983284,0.009355098,0.08096027,0.004630043171346188,0.027942933,0.5339205,0.5
fp_3490,0.12091290950775146,0.1742396354675293,0.010793805,0.07741691,0.033187828958034515,0.02447681,0.75798446,0.5
fp_3491,0.21139737963676453,0.4605429172515869,0.009146303,0.06870805,0.018622245639562607,0.04428518,0.4915957,0.5
fp_3492,0.07264278084039688,0.6190590262413025,0.014757723,0.0698307,0.018788214772939682,0.03145965,0.5845455,0.5
fp_3493,0.12053054571151733,0.4602912962436676,0.009652555,0.07622276,0.01432071253657341,0.023484657,0.58538926,0.5
fp_3494,0.21667981147766113,0.1380625367164611,0.010444552,0.07845799,0.018297918140888214,0.020915978,0.6020432,0.5
fp_3495,0.1500518023967743,0.2520539164543152,0.00984332,0.09641783,0.010973514057695866,0.029367974,0.6401819,0.5
fp_3496,0.047246597707271576,0.2663775086402893,0.023058712,0.06582254,0.006327527575194836,0.0098012835,0.63686293,0.5
fp_3497,0.25529801845550537,0.1866530627012252,0.006687939,0.08352045,0.011577951721847057,0.07262985,0.59174335,0.5
fp_3498,0.15323467552661896,0.1555408835411071,0.008162826,0.07297806,0.03353850916028023,0.032074258,0.6099204,0.5
fp_3499,0.1478300839662552,0.603784441947937,0.00787583,0.07382538,0.0037050240207463503,0.094464235,0.63769543,0.5
fp_3500,0.0664929747581482,0.1460839658975601,0.010507673,0.065675125,0.004603489767760038,0.02268684,0.6848035,0.5
fp_3501,0.09775139391422272,0.6053008437156677,0.0071774125,0.08122261,0.001360206981189549,0.047711298,0.6141432,0.5
fp_3502,0.06321176886558533,0.3912795186042785,0.009198874,0.07036155,0.024708811193704605,0.03913068,0.70935917,0.5
fp_3503,0.06810078024864197,0.6037818193435669,0.008417934,0.092337154,0.002960454672574997,0.037632857,0.6305729,0.5
fp_3504,0.1833956390619278,0.1375949829816818,0.0106393695,0.087931946,0.03945161774754524,0.016921543,0.7257292,0.5
fp_3505,0.09653015434741974,0.6029289364814758,0.009592712,0.08906697,0.006626793649047613,0.07110708,0.61167836,0.5
fp_3506,0.0507485456764698,0.3134831190109253,0.008146554,0.07415599,0.011170243844389915,0.01899091,0.58187914,0.5
fp_3507,0.06843938678503036,0.6032895445823669,0.009186149,0.07611551,0.003986654337495565,0.076082915,0.66516536,0.5
fp_3508,0.09552043676376343,0.2504108846187591,0.011618644,0.09273617,0.035418156534433365,0.01624793,0.5507921,0.5
fp_3509,0.07863785326480865,0.4862596988677978,0.007456392,0.06865217,0.006514976732432842,0.051110003,0.55890954,0.5
fp_3510,0.04963846132159233,0.2075406461954116,0.008293629,0.077321455,0.026213087141513824,0.019912988,0.6234164,0.5
fp_3511,0.1102190762758255,0.6045032143592834,0.007063985,0.05905332,0.0030387307051569223,0.04550815,0.6223265,0.5
fp_3512,0.08169415593147278,0.2008987218141555,0.010504037,0.077796176,0.025958960875868797,0.017850444,0.7332502,0.5
fp_3513,0.12514707446098328,0.604038417339325,0.00830549,0.07105728,0.003278783755376935,0.05166331,0.642987,0.5
fp_3514,0.06816647946834564,0.3524657189846039,0.011590272,0.08325624,0.01782926544547081,0.022101743,0.60638744,0.5
fp_3515,0.08558332920074463,0.6036040782928467,0.0082753,0.064232096,0.0012680623913183808,0.036980763,0.60314405,0.5
fp_3516,0.0754210352897644,0.2232718169689178,0.0076274574,0.07918586,0.018624629825353622,0.03429223,0.6025552,0.5
fp_3517,0.12568405270576477,0.6035728454589844,0.009233147,0.06972273,0.0031191797461360693,0.032211237,0.6406943,0.5
fp_3518,0.11796518415212631,0.1716005206108093,0.003952861,0.09181033,0.020036740228533745,0.055426884,0.48875746,0.5
fp_3519,0.06231141462922096,0.169814720749855,0.008782446,0.056730725,0.00282283965498209,0.043561425,0.6505321,0.5
fp_3520,0.05447648838162422,0.1417565494775772,0.008355081,0.086488836,0.007421494927257299,0.025378594,0.5565852,0.5
fp_3521,0.13317210972309113,0.6043803095817566,0.007298708,0.085369706,0.0007192200282588601,0.049007837,0.61366946,0.5
fp_3522,0.2616921365261078,0.0835198685526847,0.009240776,0.0919743,0.019818449392914772,0.04405637,0.6456707,0.5
fp_3523,0.11063887923955917,0.6052524447441101,0.008570731,0.052577414,0.0026955788489431143,0.026808603,0.5997594,0.5
fp_3524,0.11906318366527557,0.0870782732963562,0.009572715,0.09770356,0.04341135174036026,0.079507925,0.6513238,0.5
fp_3525,0.0785258561372757,0.6046070456504822,0.008689731,0.076892145,0.0025681904517114162,0.071559764,0.6316364,0.5
fp_3526,0.052482206374406815,0.060101393610239,0.0068981647,0.09992062,0.02290366031229496,0.07969067,0.6613966,0.5
fp_3527,0.09187670797109604,0.5937680006027222,0.0073055327,0.07601328,0.005912595894187689,0.044465903,0.62641275,0.5
fp_3528,0.15771996974945068,0.0460150390863418,0.008276969,0.086480334,0.0360027514398098,0.03155928,0.6366248,0.5
fp_3529,0.09609651565551758,0.6044699549674988,0.008103609,0.075617455,0.0044631329365074635,0.053398434,0.64907086,0.5
fp_3530,0.17879420518875122,0.1258894503116607,0.0073142946,0.089796804,0.020589761435985565,0.09005893,0.62055993,0.5
fp_3531,0.07557474076747894,0.6051795482635498,0.008931488,0.061072223,0.015799427404999733,0.068649404,0.59591484,0.5
fp_3532,0.031220169737935066,0.0386046916246414,0.008916944,0.083617195,0.006678484380245209,0.036917176,0.6053844,0.5
fp_3533,0.078468456864357,0.6050224304199219,0.008080661,0.059960157,0.0066049001179635525,0.06708309,0.6418746,0.5
fp_3534,0.1486647129058838,0.1268606036901474,0.003755629,0.10329683,0.022608701139688492,0.019812245,0.6177544,0.5
fp_3535,0.12121853977441788,0.6046608090400696,0.009232074,0.07625457,0.002643248997628689,0.05265538,0.6588861,0.5
fp_3536,0.050186555832624435,0.0576921328902244,0.004000187,0.094604984,0.012650450691580772,0.05239294,0.5486107,0.5
fp_3537,0.1834254115819931,0.0507936552166938,0.008165419,0.07637619,0.021540287882089615,0.049711004,0.5844804,0.5
fp_3538,0.13048158586025238,0.068671815097332,0.008476883,0.08383204,0.004688557703047991,0.028897846,0.5721184,0.5
fp_3539,0.1461775302886963,0.043635319918394,0.0104825795,0.093932375,0.00656053377315402,0.032136053,0.5944748,0.5
fp_3540,0.08562367409467697,0.0665202736854553,0.004072249,0.08992646,0.020252227783203125,0.024356736,0.6025479,0.5
fp_3541,0.12361006438732147,0.0436377674341201,0.01052013,0.10292554,0.02121608890593052,0.026773954,0.60705894,0.5
fp_3542,0.07168243825435638,0.1437373459339141,0.0048630238,0.0850728,0.039193883538246155,0.074223846,0.66823435,0.5
fp_3543,0.12286961078643799,0.0417733564972877,0.010083079,0.11582021,0.03839491680264473,0.0228905,0.56393355,0.5
fp_3544,0.04257207736372948,0.0430444702506065,0.005385399,0.09390193,0.01354281511157751,0.019633198,0.68523645,0.5
fp_3545,0.09907229989767075,0.0394974574446678,0.011620253,0.09170096,0.024596212431788445,0.02321849,0.6182803,0.5
fp_3546,0.054996415972709656,0.0745020806789398,0.00546211,0.08589061,0.03233432024717331,0.045435026,0.6757442,0.5
fp_3547,0.10938574373722076,0.0628409534692764,0.008989453,0.08667123,0.031188029795885086,0.029504841,0.68205154,0.5
fp_3548,0.028045279905200005,0.0672897696495056,0.0048065484,0.09121681,0.025461161509156227,0.019236779,0.6219598,0.5
fp_3549,0.1757412552833557,0.0503195710480213,0.008387268,0.08254422,0.01789143681526184,0.033861823,0.6035423,0.5
fp_3550,0.07130133360624313,0.0741397365927696,0.005723715,0.06425618,0.03647959977388382,0.021270841,0.69348174,0.5
fp_3551,0.18809352815151215,0.0337793491780757,0.007733226,0.09208034,0.018632732331752777,0.05738844,0.6014395,0.5
fp_3552,0.09600964188575745,0.0650555044412612,0.0058316886,0.091586426,0.013769750483334064,0.028072298,0.6327419,0.5
fp_3553,0.12198298424482346,0.0393328368663787,0.014435321,0.09333151,0.0058135343715548515,0.036151327,0.62458116,0.5
fp_3554,0.17725814878940582,0.1661870032548904,0.003955573,0.10285006,0.015640558674931526,0.046441175,0.641346,0.5
fp_3555,0.1856936514377594,0.0331210419535636,0.009271264,0.08559264,0.019780054688453674,0.040869746,0.64733154,0.5
fp_3556,0.15374483168125153,0.2101794630289077,0.009582937,0.081648156,0.023912325501441956,0.06304648,0.51814204,0.5
fp_3557,0.20848435163497925,0.0243725199252367,0.00936988,0.09108311,0.005134987644851208,0.058639005,0.59244466,0.5
fp_3558,0.1955757588148117,0.1346226036548614,0.010394722,0.088774905,0.006572064943611622,0.0248658,0.62062037,0.5
fp_3559,0.16900254786014557,0.0313895232975482,0.008969039,0.0736881,0.013343766331672668,0.044022184,0.65608716,0.5
fp_3560,0.19866874814033508,0.0996045842766761,0.018317342,0.123387076,0.021382607519626617,0.04800757,0.6773367,0.5
fp_3561,0.17201551795005798,0.0854305997490882,0.009418905,0.08871536,0.04057556763291359,0.044944815,0.68135154,0.5
fp_3562,0.11994032561779022,0.1439268887042999,0.014292359,0.09787351,0.03921595960855484,0.08405854,0.5406075,0.5
fp_3563,0.12670408189296722,0.033402107656002,0.00872314,0.10321629,0.011143037118017673,0.040594004,0.5921991,0.5
fp_3564,0.05209842696785927,0.1446809619665146,0.015829831,0.08649088,0.029673714190721512,0.035614412,0.54365385,0.5
fp_3565,0.14987166225910187,0.0567821748554706,0.008387893,0.09791186,0.03592034801840782,0.03704471,0.5537311,0.5
fp_3566,0.20845459401607513,0.0582047291100025,0.011379391,0.06725996,0.03737897798418999,0.047717102,0.40278932,0.5
fp_3567,0.12359645217657089,0.0297692436724901,0.008951217,0.084201574,0.02752099186182022,0.035338894,0.61531675,0.5
fp_3568,0.14323654770851135,0.218558669090271,0.011619359,0.065043174,0.020872347056865692,0.07175478,0.6006553,0.5
fp_3569,0.11127302050590515,0.05524393171072,0.008482248,0.07726146,0.02563193254172802,0.027249055,0.6740908,0.5
fp_3570,0.1887209713459015,0.1676553934812545,0.012301445,0.08444476,0.019871879369020462,0.031590212,0.6136178,0.5
fp_3571,0.14038515090942383,0.0344970859587192,0.009593278,0.098468885,0.01686553657054901,0.043185845,0.615332,0.5
fp_3572,0.09317313134670258,0.059635654091835,0.01740396,0.065690964,0.006799692288041115,0.11184198,0.60952336,0.5
fp_3573,0.16636638343334198,0.0455568358302116,0.009255797,0.09059684,0.01597895473241806,0.0472092,0.6027053,0.5
fp_3574,0.25804007053375244,0.1570993512868881,0.0068068802,0.077350475,0.02618303708732128,0.05307257,0.49671012,0.5
fp_3575,0.07894906401634216,0.2958071827888489,0.009592712,0.078155436,0.026852572336792946,0.05468411,0.52356434,0.5
fp_3576,0.10570201277732849,0.0267570409923791,0.008116007,0.07085066,0.018987193703651428,0.03504779,0.49955416,0.5
fp_3577,0.1017472967505455,0.3386765122413635,0.009181261,0.077354886,0.00618421845138073,0.06117142,0.52070403,0.5
fp_3578,0.17679424583911896,0.3327459990978241,0.010769039,0.08985972,0.0083020543679595,0.020430429,0.6489982,0.5
fp_3579,0.08279705047607422,0.3128490149974823,0.015444964,0.09735463,0.022591911256313324,0.030320225,0.65005386,0.5
fp_3580,0.12038636952638626,0.1029282137751579,0.009670287,0.07148067,0.02875286340713501,0.025431352,0.5622038,0.5
fp_3581,0.06753303855657578,0.2888033092021942,0.0118228495,0.085911356,0.034031566232442856,0.032821044,0.60454416,0.5
fp_3582,0.26534345746040344,0.102439247071743,0.009953946,0.06405177,0.04696005955338478,0.026689606,0.52156335,0.5
fp_3583,0.07846780121326447,0.3006322979927063,0.014261901,0.074315324,0.02245606854557991,0.039732825,0.6505926,0.5
fp_3584,0.10677646845579147,0.1259661018848419,0.011575699,0.101430096,0.041982922703027725,0.10580084,0.6007774,0.5
fp_3585,0.07255317270755768,0.1936963945627212,0.010169178,0.08508841,0.029145080596208572,0.043419816,0.60225815,0.5
fp_3586,0.09445463865995407,0.1599150747060775,0.009602368,0.07959242,0.02271270379424095,0.03035013,0.6506817,0.5
fp_3587,0.09850338101387024,0.3394621908664703,0.009994894,0.08427971,0.01859421096742153,0.03606223,0.6309312,0.5
fp_3588,0.12491586804389954,0.0899132043123245,0.010045826,0.08812689,0.028536779806017876,0.034360074,0.5484936,0.5
fp_3589,0.0771954357624054,0.3369271159172058,0.009376675,0.075856395,0.017833106219768524,0.046402507,0.64483094,0.5
fp_3590,0.23426133394241333,0.1046603396534919,0.010825783,0.06871153,0.022527316585183144,0.086403884,0.6101072,0.5
fp_3591,0.09022947400808334,0.2967183589935303,0.0142169595,0.0911936,0.008769437670707703,0.046209615,0.62234247,0.5
fp_3592,0.1523013412952423,0.1020093336701393,0.0065914392,0.08096722,0.020543474704027176,0.05961507,0.4265082,0.5
fp_3593,0.11806860566139221,0.2594962120056152,0.0093253255,0.08229222,0.020828677341341972,0.042623024,0.63241416,0.5
fp_3594,0.17632849514484406,0.0459732674062252,0.009708196,0.08055002,0.05430850014090538,0.055933625,0.4530248,0.5
fp_3595,0.06523215770721436,0.4832260012626648,0.009950519,0.085408024,0.005280326586216688,0.1268635,0.54178756,0.5
fp_3596,0.23588816821575165,0.0969576090574264,0.011403441,0.10339768,0.050663504749536514,0.05324541,0.5810761,0.5
fp_3597,0.08315625786781311,0.374668151140213,0.009383261,0.07772218,0.014141366817057133,0.039735127,0.6299671,0.5
fp_3598,0.06637141853570938,0.039199948310852,0.012703925,0.10372561,0.0878043845295906,0.06154544,0.5880803,0.5
fp_3599,0.08970215916633606,0.0645078346133232,0.009432435,0.08580865,0.04740290343761444,0.044879973,0.64713323,0.5
fp_3600,0.04945291951298714,0.0432444922626018,0.013208717,0.077975,0.05042809620499611,0.03327492,0.6296065,0.5
fp_3601,0.08774439990520477,0.370778739452362,0.009240091,0.077178195,0.024704324081540108,0.044817824,0.620553,0.5
fp_3602,0.09392599016427994,0.0898272842168808,0.008996576,0.07696964,0.07191957533359528,0.047953032,0.5403523,0.5
fp_3603,0.07307355850934982,0.2659970223903656,0.010147631,0.08383952,0.03584844619035721,0.047687136,0.58823967,0.5
fp_3604,0.1457214653491974,0.0517452247440815,0.008708,0.07318349,0.04244358465075493,0.022174217,0.5844684,0.5
fp_3605,0.07719006389379501,0.3243460655212402,0.009597003,0.07646414,0.03317372873425484,0.052799888,0.64072514,0.5
fp_3606,0.2189660370349884,0.0583750307559967,0.009580344,0.088787474,0.03854893147945404,0.041226897,0.5933076,0.5
fp_3607,0.07579129934310913,0.2904897034168243,0.009215832,0.06928299,0.03401594236493111,0.034455795,0.66226315,0.5
fp_3608,0.05958511680364609,0.2913646399974823,0.010686874,0.098631084,0.021892931312322617,0.049552377,0.56875473,0.5
fp_3609,0.09505266696214676,0.3994685709476471,0.009311944,0.095073596,0.02022659219801426,0.054750968,0.6643389,0.5
fp_3610,0.1756363809108734,0.0573631227016449,0.008816779,0.048980854,0.06237831711769104,0.050972342,0.6329726,0.5
fp_3611,0.0814271867275238,0.4152386486530304,0.009327918,0.085345276,0.022900138050317764,0.04858323,0.5942324,0.5
