ID,ERGO_Prob,ERGO2_Prob,NetTCR_Prob,NetTCR22_Prob,TITAN_Prob,EPACT_Prob,PanPep_Prob,SCEPTR_Prob
immrep23_0,9.074383910956385e-08,0.1509491950273513,0.00014790893,0.37477437,0.01389590185135603,0.0045218375,0.59810066,0.6
immrep23_1,0.09992159157991409,0.4692913889884949,0.0036172867,0.038066663,0.0055727120488882065,0.042686913,0.10250708,0.5
immrep23_2,0.009164636954665184,0.0078676417469978,,,0.0002032854245044291,0.0012842512,0.6783799,0.2
immrep23_3,0.0065331836231052876,0.0052946172654628,0.0033964813,0.00022783251,0.00027737169875763357,0.025503116,0.8278917,0.4
immrep23_4,0.08065502345561981,0.5470619797706604,0.8592603,0.00010842366,0.0004116339550819248,9.954143e-05,0.6495998,0.5
immrep23_5,0.14090700447559357,0.6439372301101685,0.009532809,0.00034120196,0.00016821046301629394,0.00012601328,0.74531317,0.2
immrep23_6,0.0001450831477995962,0.3366020023822784,0.015478641,0.22713819,0.01793891377747059,0.036496952,0.2895152,0.5
immrep23_7,0.0002193886903114617,0.0590734854340553,0.9891279,0.03452208,0.014171060174703598,0.13016474,0.26493677,0.5
immrep23_8,0.0026177233085036278,0.2239125519990921,0.9917489,0.20103228,0.006072210147976875,0.016046463,0.282435,0.6
immrep23_9,0.10740560293197632,0.0810360088944435,0.00082042813,0.02377459,0.002544762333855033,0.13658692,0.53433794,0.0
immrep23_10,0.0446990504860878,0.4711960852146148,0.10212144,0.11423979,0.18753643333911896,0.17165905,0.6146763,0.5
immrep23_11,0.19365370273590088,0.0646625682711601,0.14834711,,0.0001897393085528165,0.008449481,0.7044833,0.0
immrep23_12,0.017078472301363945,0.15517458319664,0.98199403,0.2705772,0.01877911575138569,0.028787827,0.19301957,0.0
immrep23_13,0.04393847659230232,0.2189584821462631,0.41109496,0.21646526,0.054775938391685486,0.42803046,0.38636225,0.5
immrep23_14,0.02487870305776596,0.0065000033937394,0.0037239194,0.0012151541,0.11377684026956558,0.00014634823,0.81772494,0.2
immrep23_15,5.7789864513324574e-05,0.1876984387636184,0.14880621,0.06480285,0.016105730086565018,0.006991572,0.3556452,0.5
immrep23_16,0.0015913198003545403,0.2854990363121032,0.0028488934,0.18973298,0.0222037173807621,0.12908818,0.6499615,0.5
immrep23_17,0.36581119894981384,0.0026012372691184,0.61925155,0.16739601,0.0012704276014119387,0.10883208,0.93606913,0.0
immrep23_18,9.490051525062881e-06,0.9013311862945556,0.010846168,0.1774326,0.007224250119179487,0.051969554,0.61980534,0.0
immrep23_19,2.0250881789252162e-05,0.3747566938400268,0.2883128,0.07344438,0.0007658887188881636,0.0013801805,0.5159292,0.2
immrep23_20,0.00904205720871687,0.0825191363692283,0.002013743,0.02011798,0.25029486417770386,0.077193886,0.49221814,0.0
immrep23_21,0.00015632124268449843,0.5303760766983032,0.954139,0.2135241,0.02361169643700123,0.06285869,0.44397742,0.2
immrep23_22,0.17733465135097504,0.0009630829445086,0.0018680692,0.000116378535,0.17175839841365814,0.00070716266,0.7967893,0.5
immrep23_23,0.5669259428977966,0.0799614191055297,0.94936144,0.29881307,0.01300931628793478,0.075093165,0.29682717,0.5
immrep23_24,0.012168445624411106,0.8452890515327454,0.0008943081,0.19356045,0.0002104112645611167,0.015531451,0.38373774,0.5
immrep23_25,0.09335043281316757,0.0117075983434915,0.99779534,0.09960021,0.0031565469689667225,0.0030793415,0.6293297,0.5
immrep23_26,0.1265898495912552,0.0242147799581289,0.0010711551,0.024504725,1.66219579114113e-05,0.0010734914,0.6172423,0.5
immrep23_27,0.1913711577653885,0.1690585613250732,0.006426841,0.03219164,4.239727059029974e-05,0.004647061,0.7265128,0.5
immrep23_28,0.04143374785780907,0.0014096011873334,0.035907775,0.0005381033,0.0006410934147424996,0.00024126709,0.7209445,0.2
immrep23_29,0.06784502416849136,0.5637392997741699,0.99998033,0.13751584,0.009392714127898216,0.01789757,0.2952136,0.5
immrep23_30,0.0008647399954497814,0.6268287897109985,0.08517322,7.5411815e-05,0.00016761611914262176,0.00022303817,0.4849266,0.0
immrep23_31,0.02271951548755169,0.0224552787840366,0.693591,0.000103075596,0.008946220390498638,0.00013015016,0.50419706,0.0
immrep23_32,0.0487922728061676,0.0579334497451782,8.197785e-05,0.06327277,0.002354634925723076,0.0062540127,0.7673553,0.4
immrep23_33,0.035115040838718414,0.0805242359638214,0.00073593855,0.16519958,0.0048127369955182076,0.068603486,0.10160103,0.5
immrep23_34,0.10961214452981949,0.1257111728191375,0.11762136,0.16424778,0.02132045477628708,0.07114805,0.26282609,0.5
immrep23_35,0.21389605104923248,0.2520317137241363,0.02907303,,0.00021051079966127872,0.0017425846,0.7171066,0.0
immrep23_36,0.02169734798371792,0.6520614624023438,7.3027463e-06,0.007825235,2.7551450330065563e-05,0.020049779,0.30599362,0.5
immrep23_37,0.09809514880180359,0.1081767901778221,0.56917876,0.25250676,0.023681867867708206,0.006240532,0.33195248,0.5
immrep23_38,0.02042270451784134,0.3303125202655792,0.0029809773,0.071142495,0.1268494874238968,0.68163663,0.8076874,0.5
immrep23_39,0.35787972807884216,0.8586887717247009,,0.9999337,0.05662078037858009,0.9103099,0.7916205,0.6
immrep23_40,0.10420152544975281,0.3832744359970093,0.15089017,0.22006181,0.005619399715214968,0.008792575,0.19436176,0.4
immrep23_41,0.09937500208616257,0.1845389604568481,0.022610128,0.055883966,0.0225228238850832,1.597533e-05,0.16254441,0.5
immrep23_42,0.06904289126396179,0.1164767146110534,0.00012904406,0.16367608,0.0053351703099906445,0.7142805,0.6364775,0.5
immrep23_43,0.01322424691170454,0.1873431652784347,1.8737745e-05,0.090530954,0.009479541331529617,0.065071896,0.26358962,0.5
immrep23_44,0.18698285520076752,0.0041941166855394,0.8212364,0.00015639514,0.11763280630111694,0.0010962574,0.862715,0.5
immrep23_45,0.0021769776940345764,0.0010740837315097,0.00724113,0.1842353,0.028639068827033043,0.0015840855,0.6856983,0.5
immrep23_46,0.14559118449687958,0.0068196901120245,6.233395e-05,0.7853919,0.0011669107479974627,0.2029042,0.8738454,0.5
immrep23_47,0.045159753412008286,0.3967776894569397,0.052247137,0.9999031,0.02891896851360798,0.04119096,0.32126167,0.5
immrep23_48,0.04061058163642883,0.6306983828544617,0.00060018897,8.77761e-05,0.0004621180996764451,0.00018768733,0.5783119,0.5
immrep23_49,0.5174500346183777,0.1581819802522659,0.15203491,0.29426837,0.011237787082791328,0.09485192,0.45371386,0.5
immrep23_50,0.10502571612596512,0.0380860082805156,0.20081416,0.00036466424,0.06880030035972595,0.003950246,0.85375607,0.0
immrep23_51,0.062356431037187576,0.5108684301376343,0.5602452,8.252218e-05,0.00020545795268844813,5.6724402e-05,0.74919724,0.5
immrep23_52,0.023694446310400963,0.0819812715053558,0.011283785,0.050269347,0.06515341997146606,0.0005354523,0.66631305,0.5
immrep23_53,0.2518336772918701,0.0258555635809898,0.9214548,0.0002569825,0.0007919645868241787,0.09892665,0.83619976,0.2
immrep23_54,0.05072357878088951,0.0090932101011276,0.0027122796,0.111335576,0.01077869813889265,0.247524,0.21343763,0.5
immrep23_55,0.2834164500236511,0.1670677214860916,0.005159527,8.902747e-05,0.00030039346893318,0.007296154,0.581469,0.5
immrep23_56,0.13137030601501465,0.0032417729962617,0.0016583502,0.0941296,7.995507621672004e-05,0.068748385,0.842878,0.4
immrep23_57,0.0038277623243629932,0.5525181889533997,0.0009044409,0.00012418923,0.0004089568683411926,0.12642823,0.6516895,0.5
immrep23_58,0.0024401010014116764,0.4410919845104217,0.9806831,0.0005813588,0.009437118656933308,0.109248914,0.23062767,0.0
immrep23_59,0.05893969163298607,0.027650699019432,0.002251923,0.0877642,0.012509905733168125,0.01360344,0.3242329,0.0
immrep23_60,0.01931639574468136,0.0026734613347798,0.055784523,0.17904942,0.009680359624326229,0.27411354,0.7484592,0.4
immrep23_61,0.121660016477108,0.0068780588917434,0.13060036,0.1847587,0.0004454504232853651,0.5827933,0.24710408,0.0
immrep23_62,0.0010274089872837067,0.4223076999187469,0.69675803,0.13308263,0.0003309238236397505,0.007086017,0.19310813,0.5
immrep23_63,0.00020160243730060756,0.2828242480754852,0.000116348914,0.054191113,0.0004333810356911272,0.58978087,0.63697153,0.5
immrep23_64,0.4751470983028412,0.1803861260414123,3.6538295e-05,0.058995873,0.017541831359267235,0.13045353,0.41060415,0.5
immrep23_65,0.0016006428049877286,0.2400714457035064,0.7005526,0.021629717,0.04030446335673332,0.009223208,0.5816353,0.0
immrep23_66,0.00984124280512333,0.479207307100296,0.104803324,0.15608862,0.2696639895439148,0.013533548,0.30911437,0.5
immrep23_67,0.20709264278411865,0.0053718728013336,0.18906868,0.00814293,0.053628694266080856,0.00452115,0.4919948,0.2
immrep23_68,0.024798355996608734,0.0009357235976494,0.00582847,8.481115e-05,0.09643730521202087,0.000106908155,0.8105461,0.4
immrep23_69,0.027578452602028847,0.0051512392237782,0.014598846,0.058649383,0.050270747393369675,0.001110589,0.7211509,0.2
immrep23_70,0.022712428122758865,0.0649280548095703,0.0009998679,0.3102807,0.02812938019633293,0.10055519,0.35426632,0.4
immrep23_71,0.10483457148075104,0.0005707866512238,0.9855368,3.0691393e-05,0.0008674534619785845,0.015700813,0.8910504,0.0
immrep23_72,0.017175018787384033,0.1317279487848281,0.816244,0.02996992,0.00028601623489521444,0.07001514,0.077938855,0.0
immrep23_73,0.020449278876185417,0.0136673739179968,0.982718,0.00040745642,0.09130781888961792,6.316387e-05,0.8273039,0.5
immrep23_74,1.307349748458364e-06,0.1460226327180862,0.89304733,0.14121184,0.00675189308822155,0.5527022,0.37534854,0.5
immrep23_75,0.042995523661375046,0.1530853658914566,8.0558035e-05,0.16958101,0.017265506088733673,0.15712282,0.63936234,0.5
immrep23_76,0.009265342727303505,0.6669449210166931,0.22538123,0.00047277272,0.0003527224762365222,0.019110642,0.61182755,0.5
immrep23_77,0.04207723215222359,0.0012479738797992,0.7100719,0.13630478,0.00030012865317985415,4.883019e-06,0.22374171,0.0
immrep23_78,0.02246376872062683,0.0742231309413909,0.34742165,0.043954093,0.022118689492344856,0.0016835219,0.6733557,0.5
immrep23_79,3.474308687145822e-05,0.0197835639119148,0.85856175,0.20054898,0.01814415119588375,0.00047574003,0.6208011,0.2
immrep23_80,0.006497325375676155,0.007922800257802,0.2064732,0.2522008,0.006643044762313366,0.5265452,0.6993238,0.0
immrep23_81,0.033713944256305695,0.2135456502437591,0.1556119,0.000781723,0.060943495482206345,0.00080285594,0.8934449,0.0
immrep23_82,0.018916063010692596,0.6109546422958374,0.9984258,7.0953916e-05,0.00012546940706670284,5.098275e-05,0.7211559,0.5
immrep23_83,0.003526268992573023,0.7474389672279358,0.8932366,0.24583748,0.015541167929768562,0.0013893236,0.6686044,0.2
immrep23_84,0.045248717069625854,0.0234408546239137,8.497904e-05,0.3536144,0.04714231565594673,0.16864346,0.806375,0.2
immrep23_85,0.10569825023412704,0.0819665640592575,0.5149277,0.27454782,0.011165877804160118,0.0072039543,0.6396607,0.0
immrep23_86,0.5323866009712219,0.1652467846870422,0.21328676,0.1508233,0.011192834936082363,0.11326574,0.080332756,0.5
immrep23_87,0.00032497759093530476,0.0123783852905035,0.015064001,7.912572e-05,0.010316047817468643,0.0023775774,0.6321311,0.0
immrep23_88,0.17421147227287292,0.6616328954696655,0.022247732,0.00021189605,0.021225731819868088,0.009618028,0.38174698,0.2
immrep23_89,0.06685443967580795,0.2032169252634048,0.00031232834,0.014350046,2.9005746910115704e-05,0.26822278,0.44397348,0.0
immrep23_90,0.000554288097191602,0.1345478445291519,0.0011731088,0.22229762,0.018374204635620117,0.009232873,0.6355883,0.2
immrep23_91,8.42596564325504e-05,0.0502641685307025,6.868646e-05,0.0013875415,0.007998335175216198,0.0011588515,0.42991972,0.2
immrep23_92,0.06720945239067078,0.0173186045140028,0.010020137,0.25682777,0.03020014986395836,0.0056542302,0.26164463,0.0
immrep23_93,0.048153094947338104,0.0019711777567863,0.52508634,0.0007217732,0.13018955290317535,0.0004320928,0.771201,0.0
immrep23_94,0.038561269640922546,0.2791455388069153,0.012911528,0.00047334627,0.00020815225434489548,0.004065858,0.52969587,0.5
immrep23_95,0.07005921006202698,0.9173005223274232,0.146094,0.99977064,0.00012684270041063428,7.179129e-05,0.6450749,0.2
immrep23_96,0.322503924369812,0.0340843871235847,0.00069367886,0.23690395,0.006495872512459755,0.21346432,0.07374137,0.0
immrep23_97,0.05685649812221527,0.0345363058149814,0.00058439374,0.28171414,0.02031802013516426,0.17233838,0.6605047,0.4
immrep23_98,0.023799264803528786,0.002352968789637,0.00031009316,0.0030899723,0.04887044429779053,0.0018820812,0.85194373,0.5
immrep23_99,0.15586793422698975,0.3918157815933227,0.004165262,0.15191989,0.005778309423476458,0.026722686,0.8513173,0.2
immrep23_100,0.011265510693192482,0.0570762567222118,0.6505995,0.14980581,0.018506111577153206,0.046822958,0.40293717,0.2
immrep23_101,0.13391806185245514,0.0086872708052396,0.014248788,0.00027501024,0.0743093490600586,0.00031005486,0.635334,0.5
immrep23_102,0.00353359361179173,0.3676680326461792,0.00014933944,0.106758736,0.012940642423927784,0.13246654,0.11592899,0.2
immrep23_103,0.03025010973215103,0.4688376486301422,0.010107607,0.00044228445,0.00014965079026296735,0.0006934333,0.65735286,0.5
immrep23_104,0.03207181394100189,0.6405166983604431,0.026105046,0.008380022,0.0001283041638089344,0.0023265446,0.71743226,0.5
immrep23_105,0.0035629388876259327,0.0508121289312839,0.00022870302,7.6762035e-06,0.01275788526982069,0.012050077,0.61485845,0.0
immrep23_106,0.004707172978669405,0.4903665781021118,0.79845417,0.14384995,0.006397798657417297,0.026692003,0.16861914,0.4
immrep23_107,0.16840927302837372,0.3601062595844269,0.02364692,0.00063710444,0.00034252568730153143,0.0005874386,0.48563927,0.2
immrep23_108,0.05278126895427704,0.0040024351328611,0.02019146,2.5256251e-05,0.00035017175832763314,0.005940281,0.7400173,0.4
immrep23_109,0.00011734119470929727,0.1165500953793525,6.061582e-05,0.07517473,0.015036137774586678,3.680052e-06,0.4973491,0.5
immrep23_110,0.0051155732944607735,0.0352540649473667,0.0013141036,0.19221655,0.011556525714695454,0.15777412,0.11787149,0.6
immrep23_111,0.03910234570503235,0.0006005455506965,0.12941658,2.3747056e-05,0.00035906664561480284,0.0002679325,0.6587052,0.5
immrep23_112,0.09603637456893921,0.0853170156478881,0.113743156,0.014594366,0.051250673830509186,0.9646174,0.8760618,0.5
immrep23_113,0.041437216103076935,0.2978760898113251,0.013562918,0.10449215,0.00013858867168892175,0.0002435473,0.50678855,0.0
immrep23_114,0.0014634974068030715,0.2326409965753555,0.14201063,0.19492313,0.00031509093241766095,0.09321705,0.07943027,0.2
immrep23_115,4.110171721549705e-05,0.2908281981945038,0.868556,0.13571952,0.021168958395719528,0.0041735843,0.6242401,0.4
immrep23_116,0.134275421500206,0.00035723412293,0.99065864,0.014942884,0.10217849910259247,0.0005481858,0.5424731,0.2
immrep23_117,0.0002860571548808366,0.0403384789824485,0.9996902,0.20206699,0.0002987179032061249,0.39038804,0.26020128,0.2
immrep23_118,0.09838667511940002,0.011274873279035,0.6221707,0.0037914286,0.10639727860689163,0.011521365,0.7488018,0.0
immrep23_119,0.19017280638217926,0.0422989018261432,,,0.00036503939190879464,0.14221738,0.44861925,0.0
immrep23_120,0.00026226381305605173,0.2472592443227768,0.008407563,0.12479027,0.019938750192523003,0.0138822,0.682163,0.5
immrep23_121,0.15027296543121338,0.0134142627939581,0.0018060505,0.11965686,0.03327265381813049,0.0102992905,0.31439966,0.5
immrep23_122,0.08561360836029053,0.0146169336512684,0.0010023117,0.1740243,0.014093351550400257,0.061192952,0.27206507,0.4
immrep23_123,3.0134146072668955e-05,0.0856853350996971,0.0014120638,0.24958336,0.00919303297996521,9.58468e-05,0.4687245,0.4
immrep23_124,0.0037872041575610638,0.5857033729553223,0.00033390522,0.11254723,0.00036153660039417446,7.750284e-05,0.40905702,0.5
immrep23_125,0.0007215985096991062,0.0181832425296306,0.0003026724,0.23446485,0.00032993152854032815,0.44609204,0.1656967,0.2
immrep23_126,0.05446873977780342,0.0708681493997573,0.0034425259,0.15871562,0.010380670428276062,0.092716634,0.16353743,0.5
immrep23_127,0.0031017297878861427,0.0417360961437225,7.67685e-05,0.30044776,0.017603013664484024,0.011986624,0.62429965,0.0
immrep23_128,0.02580912970006466,0.0045876447111368,0.002650261,0.00030640292,0.0007425548974424601,0.0029316968,0.6104756,0.2
immrep23_129,0.028258897364139557,0.5656850934028625,0.0022503734,0.00010556402,0.0257831159979105,0.06819585,0.6806625,0.5
immrep23_130,0.0033591189421713352,0.6681314706802368,7.989043e-05,0.12202309,0.02952600084245205,0.027709985,0.33683282,0.5
immrep23_131,0.0008876281208358705,0.1394022107124328,0.026906699,0.20180471,0.0005382616072893143,0.48757902,0.11588634,0.2
immrep23_132,0.00676125381141901,0.6080992221832275,0.011909902,0.22285867,0.00046835638931952417,0.0020514785,0.68468875,0.2
immrep23_133,0.16919690370559692,0.0187980886548757,0.19702113,0.12432821,0.027521474286913872,0.035144005,0.2886874,0.0
immrep23_134,0.01574593223631382,0.0574739798903465,0.8172422,0.22701779,0.0025025319773703814,0.070427135,0.37521505,0.4
immrep23_135,0.0013707026373595,0.0368969216942787,0.032779098,0.0002046393,0.013760136440396309,0.070046954,0.64063704,0.0
immrep23_136,0.20500709116458893,0.0016814906848594,0.0031398833,0.00013547976,0.08637860417366028,0.00066188315,0.74493957,0.0
immrep23_137,0.07071714103221893,0.0031618613284081,0.00090411305,3.131713e-05,0.0005353558226488531,0.00088453176,0.62653977,0.5
immrep23_138,0.012539115734398365,0.6102022528648376,0.06338355,0.079179145,0.02863924205303192,0.0009000516,0.51023835,0.4
immrep23_139,0.0049768853932619095,0.1832195520401001,0.000644356,0.11353085,0.009363817051053047,0.37397048,0.5258884,0.5
immrep23_140,0.0062728323973715305,0.0577976033091545,,,0.05891962721943855,0.8051288,0.87632334,0.4
immrep23_141,0.03362515568733215,0.0003863275924231,0.9995369,0.18344554,0.0018051706720143557,0.07543644,0.5326805,0.5
immrep23_142,0.0008688659290783107,0.3070488274097442,0.75859696,0.13738221,0.018574494868516922,0.049510494,0.6966382,0.5
immrep23_143,0.012049169279634953,0.2266126871109008,0.87864876,0.23259726,0.00026892346795648336,0.0109998835,0.38024342,0.0
immrep23_144,0.0021600546315312386,0.0246601812541484,0.07424763,0.051939875,0.01213214360177517,0.12574303,0.15532519,0.5
immrep23_145,0.15513381361961365,0.7557657361030579,,,0.061642955988645554,0.7603293,0.7858292,0.2
immrep23_146,0.00031221433891914785,0.0169863142073154,0.15691039,4.2553253e-05,0.02209381014108658,0.025254989,0.3114841,0.0
immrep23_147,0.20736771821975708,0.000296855752822,3.428712e-05,0.16226491,0.019873984158039093,0.0005769149,0.14950728,0.5
immrep23_148,0.015508480370044708,0.1115427389740943,0.1969195,0.18732403,0.0204448439180851,0.17366886,0.42961133,0.5
immrep23_149,3.769790782826021e-05,0.0941124930977821,0.000772357,0.07103728,0.018707573413848877,0.041452475,0.5187556,0.5
immrep23_150,0.001715283957310021,0.0461165904998779,0.0735265,0.0003305419,0.019876068457961082,0.011510356,0.7018037,0.0
immrep23_151,0.8138159513473511,0.0032119546085596,0.9708986,0.0939589,0.005338819697499275,0.24051602,0.88571906,0.5
immrep23_152,0.48401302099227905,0.0198607109487056,0.032903254,,0.0009727886645123363,0.008432703,0.90911376,0.0
immrep23_153,0.22970157861709595,0.0346562191843986,0.01195249,0.10401019,0.009538630954921246,0.15725811,0.41894406,0.5
immrep23_154,2.226594233434298e-07,0.0173633750528097,0.9995732,4.5045723e-05,0.0919741615653038,0.005343578,0.79251623,0.4
immrep23_155,0.02365874871611595,0.0254511572420597,0.03768581,0.00023779288,0.06178657338023186,0.0041160327,0.86533594,0.5
immrep23_156,0.23918941617012024,0.0748040601611137,0.0003851056,0.0010549418,0.04187358170747757,0.0140821785,0.5843321,0.2
immrep23_157,0.04863491281867027,0.0113205937668681,0.00053825974,0.00011671251,0.08671353757381439,0.0019832472,0.27464738,0.0
immrep23_158,0.0006855599349364638,0.2674494385719299,0.18024135,0.0003463289,0.00036453548818826675,8.161383e-05,0.59082174,0.5
immrep23_159,0.0002922372077591717,0.5648981928825378,0.49619415,0.21252444,0.00045049612526781857,0.00012828178,0.689145,0.2
immrep23_160,0.00020336976740509272,0.0029720440506935,0.6062039,0.07814828,0.000432451517554,0.016936017,0.089151256,0.5
immrep23_161,0.00022132034064270556,0.68415766954422,0.00024202466,0.0003051761,0.0004343840410001576,0.00030386524,0.6525553,0.5
immrep23_162,0.11459887027740479,0.0026497584767639,0.037516892,3.0791438e-05,0.0007547212881036103,0.004045967,0.62219167,0.5
immrep23_163,0.11492087692022324,0.0089712236076593,0.01596129,0.00018229576,0.00024771233438514173,0.0014285803,0.60504484,0.0
immrep23_164,0.04430626332759857,0.0330725014209747,0.58801806,0.058275074,0.030211206525564194,0.34244534,0.24107549,0.5
immrep23_165,0.006090549752116203,0.5286933183670044,0.017671913,0.0002562463,0.00026716728461906314,0.0001309992,0.75361514,0.5
immrep23_166,0.038527630269527435,0.0003294983471278,0.14759514,0.00025914024,0.07339440286159515,0.00042566826,0.65032434,0.4
immrep23_167,0.0008772265864536166,0.3361373841762543,0.00547719,0.28723624,0.0156805831938982,0.31989446,0.5650885,0.2
immrep23_168,2.2559245280717732e-06,0.2900753021240234,1.01164815e-05,0.12519374,0.031070208176970482,7.227708e-05,0.63163215,0.5
immrep23_169,0.013615673407912254,0.0562499240040779,0.0010890663,0.20449805,0.008259656839072704,0.40577808,0.0434341,0.4
immrep23_170,0.13998998701572418,0.0306445751339197,0.0005106628,0.10734955,0.002653580391779542,0.031021526,0.64171815,0.2
immrep23_171,3.4318227335461415e-06,0.8735052347183228,0.041862607,0.092289135,0.01371071394532919,0.12087276,0.2966179,0.5
immrep23_172,0.018295058980584145,0.5267826914787292,0.00018930435,0.001065186,0.01486241351813078,0.16701885,0.45871812,0.2
immrep23_173,0.0001675763342063874,0.0045969998463988,0.0010230243,0.080377355,0.01981312409043312,0.0584222,0.4704532,0.0
immrep23_174,0.006007603835314512,0.0516885817050933,0.05598113,0.15052536,0.01761370152235031,0.076674126,0.40784472,0.5
immrep23_175,0.021801143884658813,0.0118713472038507,0.09447163,0.25456196,0.040069665759801865,0.27186918,0.4179692,0.0
immrep23_176,0.0028536247555166483,0.1109068393707275,1.3485008e-05,0.111508824,0.041488517075777054,0.025968995,0.71120274,0.5
immrep23_177,0.00034593488089740276,0.2026958763599395,0.0481447,0.13421254,0.011782572604715824,0.0003540257,0.45467138,0.5
immrep23_178,0.0016590891173109412,0.484256386756897,0.8607696,0.00024913828,0.00018102617468684912,9.924345e-06,0.6729572,0.5
immrep23_179,0.011639700271189213,0.2602033913135528,5.2501713e-05,0.15879759,0.025094997137784958,0.006049796,0.35978886,0.5
immrep23_180,0.2919764518737793,0.0003830826608464,0.034786344,0.99815905,0.00034918851451948285,0.040565517,0.89996946,0.5
immrep23_181,0.40762507915496826,0.080923855304718,0.0009827614,0.27254468,0.013263155706226826,0.015159839,0.39335468,0.5
immrep23_182,0.23242980241775513,0.0041310521773993,0.106006,0.8417567,0.0009823256405070424,0.0015713591,0.8600862,0.5
immrep23_183,0.10531476885080338,0.0065628187730908,6.321927e-05,0.06420024,0.00432407995685935,0.110010296,0.752722,0.0
immrep23_184,0.03709154948592186,0.6149771213531494,0.0024890602,0.015617443,0.03169890120625496,0.0195422,0.4691248,0.5
immrep23_185,0.0036076423712074757,0.7072088718414307,0.9999349,0.99995077,0.06536154448986053,0.9297034,0.816677,0.2
immrep23_186,0.09741734713315964,0.6248665452003479,0.0022516549,0.31571338,0.022116471081972122,0.08927422,0.6372626,0.2
immrep23_187,0.2897110879421234,0.3874188661575317,0.99599767,0.26063663,0.011394851841032505,0.049852353,0.6501974,0.0
immrep23_188,0.14747285842895508,0.0139754097908735,0.0011539757,6.117786e-05,3.564040889614262e-05,0.015098361,0.7162484,0.0
immrep23_189,0.025863807648420334,0.081430085003376,0.0019634962,0.22053543,0.0005263358470983803,0.054185763,0.08290757,0.5
immrep23_190,0.17413228750228882,0.7658486366271973,0.77971166,0.09947744,0.00013286038301885128,0.2558274,0.70178115,0.5
immrep23_191,0.06671098619699478,0.0415556207299232,0.004613906,0.19067462,0.00022052203712519258,0.15433806,0.20375498,0.2
immrep23_192,0.00011852265015477315,0.0408965684473514,0.09182924,0.17605326,0.030410388484597206,0.014914368,0.33579093,0.0
immrep23_193,0.06621995568275452,0.4225009977817535,0.2509018,0.059759796,0.0013960865326225758,0.022817366,0.82780164,0.5
immrep23_194,0.024637987837195396,0.7491164803504944,0.0005853772,0.9961723,0.00010063057561637834,0.0022715004,0.49331766,0.2
immrep23_195,1.458500342721436e-08,0.3503503501415252,0.46416342,0.19782259,0.0032171371858567,0.02548579,0.16105442,0.5
immrep23_196,0.45798924565315247,0.2215386927127838,0.97418034,0.98077345,0.0011435404885560274,0.22912207,0.8921201,0.4
immrep23_197,0.19217213988304138,0.0028789939824491,9.026887e-06,0.39713463,0.0034655604977160692,0.58470184,0.90861785,0.0
immrep23_198,0.19074301421642303,0.7309352159500122,0.03516081,0.17917275,0.00014378388004843146,0.000118284195,0.44198284,0.5
immrep23_199,0.008582526817917824,0.3526811301708221,0.2113213,0.19967335,0.02283485233783722,9.3854396e-05,0.25127757,0.5
immrep23_200,0.0068954769521951675,0.7552881836891174,0.9912051,0.24694173,0.046080611646175385,0.044222564,0.22802326,0.5
immrep23_201,1.2918996617372613e-05,0.2127905935049057,0.9923545,2.2838487e-05,0.00033201879705302417,0.026993936,0.09002435,0.0
immrep23_202,7.064883538987488e-05,0.6289184093475342,0.05122298,0.33035108,0.027902720496058464,0.0036699413,0.6612747,0.0
immrep23_203,0.0015633590519428253,0.0960158482193946,0.06467071,0.038300883,1.5167560377449263e-05,7.7155964e-05,0.22672154,0.5
immrep23_204,0.048483651131391525,0.004759850911796,0.6622675,0.0001957767,0.0001902833755593747,0.0015748858,0.572633,0.5
immrep23_205,0.046519335359334946,0.0740706026554107,0.00020197034,0.2126509,0.020747143775224686,0.03119275,0.10941466,0.5
immrep23_206,0.010497537441551685,0.003402400529012,0.00025597215,0.08094429,0.00022443498892243952,0.046467528,0.10309967,0.0
immrep23_207,0.3356388211250305,0.0039230361580848,3.97526e-05,0.03279721,0.0031520368065685034,0.2539714,0.84481096,0.5
immrep23_208,0.15028943121433258,0.0496905110776424,9.6317286e-05,0.013114428,0.00033616283326409757,0.0019707135,0.6651042,0.0
immrep23_209,8.35755345178768e-05,0.3281948268413543,0.99997914,0.009300345,4.708479536930099e-05,0.08694304,0.6399081,0.5
immrep23_210,0.2068268060684204,0.5988221764564514,0.16374072,7.780346e-05,0.000305370194837451,0.00071058335,0.44746494,0.2
immrep23_211,0.00011979706323472783,0.0856469720602035,0.2731734,0.11134042,0.0158986896276474,0.022017557,0.2014326,0.2
immrep23_212,0.1385408341884613,0.00367201003246,2.8706434e-05,0.00034929762,0.07086877524852753,0.000278885,0.8883085,0.2
immrep23_213,0.007494400721043348,0.014955835416913,0.008409828,0.00018370674,0.0927586778998375,0.003523393,0.82201743,0.5
immrep23_214,1.540392986498773e-05,0.1279276460409164,0.5365422,0.12661104,0.01654536835849285,0.093651414,0.304065,0.6
immrep23_215,0.10922794044017792,0.0831627249717712,0.98967487,0.28024784,0.03228233382105827,0.021169132,0.20028406,0.5
immrep23_216,0.0595511868596077,0.0030004975851625,0.046036124,0.00022160076,0.1703723818063736,0.00023156141,0.12753889,0.0
immrep23_217,0.06702449172735214,0.0011674287961795,0.99803215,0.0010746164,0.09717895090579987,0.00088169775,0.70726323,0.5
immrep23_218,9.373159264214337e-05,0.6430459022521973,0.0018456876,0.053609647,0.00018969064694829285,0.0047765686,0.63198966,0.5
immrep23_219,0.013992714695632458,0.5168527364730835,0.004430741,0.0004817681,0.0002784001990221441,0.0003672897,0.7227669,0.5
immrep23_220,0.0017634201794862747,0.125973105430603,0.99675477,0.28293246,0.02905791811645031,0.17005855,0.6575198,0.5
immrep23_221,0.0182692538946867,0.0625200197100639,0.00085404515,0.14449412,0.0225055031478405,0.07652921,0.5766542,0.4
immrep23_222,0.03128735348582268,0.3954407572746277,0.08143407,0.12243645,0.0423940047621727,0.0006895705,0.11910649,0.5
immrep23_223,0.08530289679765701,0.0104494933038949,0.99361026,0.25748545,0.02799704112112522,0.06890443,0.54669607,0.5
immrep23_224,0.00030231266282498837,0.0244966782629489,0.0018505454,6.419147e-05,0.018609263002872467,0.0009248768,0.6352517,0.2
immrep23_225,0.0484546422958374,0.6072177886962891,0.0056381524,0.005819672,0.0003643961390480399,0.00090637745,0.59427834,0.5
immrep23_226,0.0014183726161718369,0.3434371054172516,0.0331631,0.15403418,0.004186748526990414,0.046249375,0.62676036,0.5
immrep23_227,0.10243125259876251,0.0008067129529081,6.865784e-05,,0.0008737609605304897,0.042695828,0.8704382,0.0
immrep23_228,0.011377166025340557,0.4622397124767303,0.99889606,0.00010429423,0.00014615760301239789,0.00096856535,0.35104153,0.4
immrep23_229,0.2441033273935318,0.0016759606078267,0.06736919,0.23830143,0.00041988235898315907,0.2759958,0.5087012,0.5
immrep23_230,0.01071755401790142,0.3347479999065399,0.073780596,,0.0001392122358083725,0.0010609173,0.7123125,0.5
immrep23_231,0.0022055483423173428,0.0146425599232316,0.25358555,0.14124742,0.0002731845888774842,0.32798758,0.3514653,0.2
immrep23_232,0.0002604465407785028,0.0590960718691349,1.75827e-05,0.00033414358,0.015528339892625809,0.00034570013,0.5639877,0.0
immrep23_233,0.021442152559757233,0.2362065464258194,0.0014201999,0.07741612,0.0006453149253502488,0.03848294,0.4265929,0.2
immrep23_234,0.03484271839261055,0.2116826176643371,2.5632156e-05,0.8918296,0.03261953964829445,0.00914519,0.779529,0.2
immrep23_235,0.08269249647855759,0.217792272567749,0.3185116,0.26599994,0.0016259707044810057,0.002079833,0.2800048,0.5
immrep23_236,0.15117329359054565,0.3802697658538818,0.0029446483,0.23496398,0.0002869142626877874,0.08179838,0.09869422,0.2
immrep23_237,0.03494209796190262,0.072867102921009,0.0009784698,0.19335689,0.011498264968395233,0.028219907,0.09092063,0.5
immrep23_238,0.0011105885496363044,0.1024206429719924,0.8343036,0.16673918,0.02313666231930256,0.5777258,0.62466943,0.0
immrep23_239,0.22056178748607635,0.0490229576826095,,,0.057175107300281525,0.401626,,0.6
immrep23_240,0.0013650163309648633,0.9065810441970824,0.07018253,0.010066467,0.027165809646248817,0.020009706,0.32851046,0.4
immrep23_241,0.0008545722812414169,0.1261002719402313,0.9956218,0.2604079,0.01941302977502346,0.097018,0.5138954,0.0
immrep23_242,0.18140271306037903,0.9463667273521424,0.0027674139,0.0008779018,0.0001416512968717143,0.012278924,0.50057256,0.2
immrep23_243,0.016168521717190742,0.0051027461886405,9.1120695e-05,0.0055954596,0.005468841642141342,0.44726935,0.65453136,0.2
immrep23_244,0.29646214842796326,0.0028529858682304,0.00015097857,0.28772563,0.0018019085982814431,0.09837043,0.85418504,0.5
immrep23_245,0.0787878930568695,0.0298373084515333,0.019115716,0.088486165,0.05430137366056442,0.0026716741,0.42942658,0.5
immrep23_246,1.47174694120622e-06,0.1361045986413955,0.00017642975,0.07302737,0.013064481317996979,0.03484073,0.33472985,0.0
immrep23_247,0.030175942927598953,0.5560755729675293,3.2356194e-05,0.0052424753,0.00042501543066464365,0.0005822806,0.5681658,0.5
immrep23_248,0.09821508079767227,0.2430213242769241,,0.99994785,0.052887871861457825,0.018678615,0.82683885,0.4
immrep23_249,0.0005662018083967268,0.0309954360127449,0.00028276443,0.03695297,0.03537669777870178,4.433803e-05,0.30648834,0.5
immrep23_250,0.01113823987543583,0.024167526513338,6.173866e-05,0.17576733,0.0006790758925490081,0.2051767,0.076924905,0.5
immrep23_251,0.01842404156923294,0.001920620794408,0.19504774,0.032398302,0.0008736415184102952,0.39939854,0.88360506,0.5
immrep23_252,0.000274689489742741,0.2446985840797424,1.27614085e-05,0.13549826,0.04397894814610481,0.026492294,0.6382731,0.5
immrep23_253,0.00021764317352790385,0.5632738471031189,0.012046009,0.33986485,0.0003081596514675766,0.0033070242,0.37878332,0.2
immrep23_254,0.2470661699771881,0.0015238864580169,0.010586441,0.0039598937,0.001034814165905118,0.17525536,0.9085467,0.5
immrep23_255,0.27639561891555786,0.0127311563119292,0.002474308,0.8988427,0.0009633857989683747,0.07078591,0.85668623,0.4
immrep23_256,0.0795363113284111,0.0814684852957725,0.00016981363,0.09435527,0.00558321550488472,0.029052047,0.13929085,0.5
immrep23_257,0.0228696558624506,0.3393463492393493,0.036346853,0.05216093,0.07498443126678467,2.1891648e-05,0.6312292,0.5
immrep23_258,0.2631092965602875,0.0019323215819895,0.0041476786,0.31427875,0.00036971754161641,0.0018810083,0.78541505,0.6
immrep23_259,0.004127614200115204,0.1086200326681137,0.25369614,0.15673402,0.021516069769859314,0.008628831,0.29568145,0.0
immrep23_260,0.004605670925229788,0.2399011403322219,0.00016525388,0.24243946,0.016126468777656555,0.0033401279,0.49895555,0.5
immrep23_261,3.090677273576148e-05,0.0237466152757406,0.00063475966,7.4155787e-06,0.013579525984823704,0.03178461,0.4264976,0.0
immrep23_262,0.2429390549659729,0.0004706949403043,0.012712002,0.9959623,0.012156925164163113,0.11354839,0.7875949,0.5
immrep23_263,0.16434627771377563,0.8125925064086914,,,0.055075861513614655,0.0003810815,,0.8
immrep23_264,8.193338726414368e-05,0.4135008454322815,0.046099484,0.064964615,0.02629152685403824,0.020479705,0.68709964,0.2
immrep23_265,0.03810180351138115,0.0325451381504535,0.0024641752,0.066717416,3.199547791155055e-05,0.450164,0.42048407,0.2
immrep23_266,0.291620135307312,0.0032534266356378,0.010096729,0.119803585,0.018701717257499695,0.63302606,0.34868822,0.5
immrep23_267,0.06526628881692886,0.1508663743734359,0.0011069477,0.15425077,0.03919190913438797,0.0005611422,0.2628283,0.0
immrep23_268,0.0028829635120928288,0.1094090342521667,0.9993306,0.063321814,0.0025397371500730515,0.06047539,0.30547675,0.4
immrep23_269,0.05082827806472778,0.4353363811969757,0.0001514852,0.18046431,0.03531802445650101,0.104058295,0.762384,0.5
immrep23_270,0.02477647177875042,0.0133799901232123,0.43964314,0.21812901,0.029385991394519806,0.01657756,0.50419486,0.0
immrep23_271,0.3014754354953766,0.0704970881342887,,,0.05480105057358742,0.002515794,0.7456937,0.4
immrep23_272,0.02332950383424759,0.0125893941149115,0.015090674,0.0003173747,0.017997916787862778,3.7307476e-05,0.120782435,0.0
immrep23_273,0.04206738620996475,0.0780242085456848,0.008286297,0.0006237797,0.05536077916622162,0.00032398672,0.81968355,0.5
immrep23_274,0.0069960025139153,0.0107766343280673,0.025122732,0.00066925504,0.12466613948345184,0.60682255,0.86917096,0.2
immrep23_275,0.0021839546971023083,0.1118503585457801,0.009148747,0.09924996,0.02481257915496826,0.07188851,0.30025896,0.5
immrep23_276,0.00031917254091240466,0.0126376869156956,0.9974434,1.1803066e-05,0.011761469766497612,0.0018124637,0.39917132,0.0
immrep23_277,2.6797295049618697e-06,0.45746910572052,0.6222971,0.16420707,0.011475387960672379,0.01618177,0.67658824,0.5
immrep23_278,0.48111921548843384,0.5410261750221252,0.031127512,0.0016876345,0.00023474918270949274,0.055894874,0.3576322,0.5
immrep23_279,0.09373542666435242,0.0070412987843155,0.06223789,0.0885562,0.03486347571015358,0.0733526,0.4668526,0.5
immrep23_280,0.03215061500668526,0.1716104745864868,0.01758185,0.99941623,0.00042160460725426674,0.01224398,0.608901,0.2
immrep23_281,0.2855645716190338,0.7237399220466614,,,0.05166018009185791,0.9495653,0.6726234,0.4
immrep23_282,0.000790707184933126,0.0501479171216487,0.0007752478,0.7847077,3.0115443223621696e-05,0.056473322,0.46132654,0.0
immrep23_283,0.011331197805702686,0.3337165117263794,0.99675477,7.043265e-05,0.0002274506987305358,0.00039214815,0.7631594,0.0
immrep23_284,5.135834271641215e-06,0.0915187671780586,6.6738444e-06,0.048954546,0.014424251392483711,0.0019461085,0.6018845,0.2
immrep23_285,0.319396436214447,0.0169407185167074,0.99927086,0.0013593388,0.06101561337709427,0.8495638,0.8718287,0.0
immrep23_286,0.001035908586345613,0.0006787469028495,0.0007365942,0.10511689,0.00010831168765434995,0.07834537,0.37452123,0.5
immrep23_287,0.2663829028606415,0.1125253736972808,0.02519402,0.0035728007,0.03009505569934845,0.06530772,0.47476017,0.5
immrep23_288,0.0016433679265901446,0.0215206202119588,0.058251172,,0.01457289233803749,0.000295504,0.57591915,0.0
immrep23_289,0.002216149354353547,0.6122861504554749,0.00037518144,0.095183596,0.010231600143015385,0.04570486,0.29651198,0.5
immrep23_290,0.02028593234717846,0.0139216687530279,0.0024513304,0.0027787427,0.04763282090425491,0.0013328324,0.84329724,0.5
immrep23_291,0.029949579387903214,0.0453195609152317,0.00052046776,0.11483046,0.028066644445061684,0.0077174674,0.17878672,0.5
immrep23_292,0.12183878570795059,0.0206987597048282,1.6899656e-05,0.007059893,0.0646820217370987,0.0022291192,0.888968,0.5
immrep23_293,0.02852994203567505,0.0904381424188613,0.0044903755,6.500319e-05,0.10205017030239105,0.0022678757,0.8441888,0.2
immrep23_294,0.16353635489940643,0.6027568578720093,0.073780596,0.13143599,0.05286703631281853,0.005312435,0.13956143,0.5
immrep23_295,0.0023602198343724012,0.2966708838939667,0.0009784698,0.14002723,0.012393073178827763,0.065571465,0.6034889,0.2
immrep23_296,4.951534356223419e-05,0.0197031199932098,0.035612315,0.16782632,0.00029189500492066145,0.013351178,0.08130747,0.2
immrep23_297,0.3828558027744293,0.6250770688056946,0.40636355,0.00011743764,0.00018503596947994083,0.2889444,0.64172167,0.4
immrep23_298,0.2149980515241623,0.008062151260674,0.0064920783,0.1841195,0.001388165052048862,0.43487966,0.8009714,0.5
immrep23_299,0.011942544020712376,0.451602578163147,0.0006170869,0.1019467,0.05789516121149063,0.0040214392,0.5745375,0.2
immrep23_300,0.0133733619004488,0.5877181887626648,0.23635164,0.008110672,0.08908352255821228,0.047524523,0.7799946,0.5
immrep23_301,0.0011486844159662724,0.1318347752094268,0.057118505,0.16081302,0.024362189695239067,0.024239812,0.57334876,0.4
immrep23_302,0.06387143582105637,0.2328289151191711,0.020280212,0.37064144,0.04608409106731415,0.018825978,0.16113463,0.6
immrep23_303,0.011788280680775642,0.0085731390863657,0.2245611,0.05122304,0.06088157370686531,0.0014233291,0.6007236,0.5
immrep23_304,0.012661157175898552,0.1540569365024566,0.029340714,0.23276834,0.00038783569470979273,0.21102558,0.124448635,0.5
immrep23_305,0.05305814370512962,0.0122957415878772,0.0005746186,0.25579244,0.012831074185669422,0.00041200043,0.61668026,0.2
immrep23_306,0.010849738493561745,0.0002299585903529,0.0035203993,0.19328788,0.10508084297180176,0.0005748763,0.70904565,0.5
immrep23_307,0.00041174207581207156,0.2893563508987427,0.02150163,0.0005580714,0.1020830050110817,0.00021224628,0.856559,0.5
immrep23_308,0.3234374225139618,0.007321388926357,0.42700636,0.2750278,0.010222361423075199,0.40583754,0.6068526,0.5
immrep23_309,0.005722460336983204,0.0011931855697184,0.008511335,0.004434445,0.051914528012275696,0.7786653,0.7750378,0.0
immrep23_310,0.07514478266239166,0.0001542856771266,0.44234002,0.0011216068,0.11282394081354141,0.052495748,0.74394834,0.6
immrep23_311,0.0018676050240173936,0.1762408465147018,9.0973954e-05,0.28821665,0.016800008714199066,0.0107016815,0.3202205,0.5
immrep23_312,0.005622659344226122,0.0601728111505508,0.00014001131,0.23559213,0.041783127933740616,0.121513404,0.603508,0.5
immrep23_313,0.004802443087100983,0.5971847176551819,0.3166251,9.199127e-05,0.0002003052650252357,5.3503674e-05,0.49244305,0.2
immrep23_314,0.11947781592607498,0.0766821652650833,0.00025063753,0.0014800935,0.06490211933851242,0.0088161025,0.87221915,0.0
immrep23_315,0.041326455771923065,0.3709741830825805,0.21944582,0.030059118,0.00013711306382901967,0.0008268526,0.72849464,0.2
immrep23_316,0.004079414531588554,0.0172441024333238,0.026222974,0.038411133,0.018905142322182655,0.0105812615,0.6609371,0.0
immrep23_317,0.33529576659202576,0.1066654846072197,0.007327527,0.19843721,0.010708336718380451,0.002204727,0.564114,0.5
immrep23_318,0.5530008673667908,0.0019315271638333,0.7327359,0.650241,0.0020024324767291546,0.022803614,0.88860744,0.5
immrep23_319,0.005153784062713385,0.6294994950294495,0.21101296,0.17287487,0.045899149030447006,0.05631277,0.622365,0.5
immrep23_320,0.2770007848739624,0.1544208377599716,0.33139682,0.028427085,0.00032066338462755084,0.21383594,0.16347124,0.4
immrep23_321,0.0253464262932539,0.0252917315810918,0.025912851,0.154275,0.01831776835024357,0.043725997,0.19288695,0.0
immrep23_322,0.08874408900737762,0.008729537948966,0.97588754,0.116026044,0.03292369470000267,0.0007457795,0.3083151,0.5
immrep23_323,0.13332749903202057,0.0475537255406379,0.63032776,0.0007110442,0.0640009269118309,0.0013723713,0.66519034,0.4
immrep23_324,0.14546354115009308,0.0180152934044599,0.97946095,0.008648822,0.002771517727524042,0.41621456,0.8362805,0.0
immrep23_325,0.005143767222762108,0.0998064428567886,0.03263697,0.09783107,0.00023636037076357752,0.0031661373,0.37977707,0.5
immrep23_326,0.017508024349808693,0.6652935743331909,0.0063512325,0.09001579,0.010623988695442677,0.039875917,0.10893945,0.2
immrep23_327,0.22056952118873596,0.3876926004886627,0.69509804,0.081435226,0.005525621119886637,0.035820633,0.066965245,0.4
immrep23_328,0.7142645120620728,0.0255528576672077,0.009426892,0.00083776907,0.0821262001991272,0.00080221205,0.8190291,0.5
immrep23_329,0.0012525945203378797,0.0146932546049356,0.0015470088,0.17381755,0.03920571878552437,0.0041211806,0.111558504,0.5
immrep23_330,0.0030667767859995365,0.0032171523198485,0.13270116,0.028169423,0.012757404707372189,0.06988116,0.0778045,0.5
immrep23_331,0.008572576567530632,0.621258556842804,0.0047564805,0.119895495,0.0005706620868295431,0.021106627,0.46028888,0.5
immrep23_332,0.004116541240364313,0.0893305093050003,0.00079759955,0.26744673,0.0034158143680542707,0.014208968,0.7109621,0.5
immrep23_333,0.0069135804660618305,0.0114992884919047,0.005709499,0.24175413,0.026453232392668724,0.033286896,0.3131315,0.4
immrep23_334,0.00023176883405540138,0.454206258058548,0.993799,0.0017601975,0.0001312102103838697,0.0002961146,0.69955736,1.0
immrep23_335,0.009031897410750389,0.0050205779261887,0.90316904,0.19031066,0.02428232505917549,0.15255539,0.40824425,0.2
immrep23_336,1.691575789664057e-06,0.2116877436637878,0.6869447,0.12101115,0.017550043761730194,0.0015057198,0.40017092,0.5
immrep23_337,0.13777488470077515,0.8334497809410095,0.0029534101,0.18809876,0.0002815357001964003,0.001758515,0.62466025,0.5
immrep23_338,2.5415611162316054e-06,0.2498998790979385,0.93966246,0.0015530228,0.014304371550679207,0.0009775846,0.68578887,0.0
immrep23_339,0.16406188905239105,0.2151619344949722,0.0014120638,,0.00019226087897550315,0.0028839356,0.6579892,0.2
immrep23_340,0.009938313625752926,0.6408929228782654,0.00020051003,0.03628586,0.016476131975650787,2.0242327e-05,0.44188392,0.5
immrep23_341,0.14812368154525757,0.2046573758125305,0.001909107,0.19505988,0.018170079216361046,0.002728974,0.6070308,0.5
immrep23_342,1.416280611010734e-06,0.0029575061053037,0.5992027,0.030448293,0.0032423275988548994,0.67980254,0.48941335,0.4
immrep23_343,0.049709707498550415,0.0060397223569452,0.011102617,0.00065601,0.00024436417152173817,0.0010328502,0.643708,0.0
immrep23_344,0.15887705981731415,0.1834760159254074,0.9975157,0.063674435,0.004573104437440634,0.28376892,0.13715908,0.5
immrep23_345,0.07817937433719635,0.4651557803153991,0.0631094,0.056117274,0.1384471207857132,0.011245251,0.3097786,0.4
immrep23_346,0.04419158771634102,0.0079711899161338,0.012313396,0.24919006,0.0011722897179424763,0.013346969,0.8100598,0.0
immrep23_347,0.0003191722498741001,0.0278472807258367,0.84061027,2.4879794e-06,0.011761469766497612,0.00043208041,0.39917132,0.0
immrep23_348,0.11621115356683731,0.0414063557982444,0.02394116,0.00021073264,0.07298735529184341,0.000561516,0.90339935,0.0
immrep23_349,0.0007735305116511881,0.0134360650554299,0.6344641,0.024069062,0.010312791913747787,0.36243477,0.0921103,0.5
immrep23_350,0.0020303463097661734,0.6092204451560974,0.119698495,3.132575e-05,0.00042196206049993634,0.5151833,0.6654209,0.2
immrep23_351,1.620613329578191e-05,0.0104018626734614,0.0016548634,0.13848963,0.01606394536793232,0.010280826,0.5317899,0.4
immrep23_352,0.001769797527231276,0.0229412317276,0.002777487,0.163326,0.003972537349909544,8.984146e-05,0.6470177,0.5
immrep23_353,0.00033099070424214005,0.0358184427022933,0.74647254,0.09672995,0.007711495738476515,0.04637248,0.18383293,0.5
immrep23_354,0.001484568347223103,0.0175148583948612,0.9975064,2.6541074e-05,0.012469854205846786,0.0017738591,0.5977919,0.0
immrep23_355,9.04161515791202e-06,0.8105394840240479,0.01418221,0.12664132,0.016714300960302353,0.03634584,0.32460812,0.5
immrep23_356,0.021049290895462036,0.1445523202419281,0.08177778,0.30059174,0.002544937888160348,0.65362227,0.5811974,0.0
immrep23_357,0.043001092970371246,0.2318838536739349,1.8610926e-05,0.09608336,0.0110332565382123,0.0035282872,0.27544862,0.0
immrep23_358,0.011518492363393307,0.0097427638247609,0.8529645,0.009467078,0.08553993701934814,0.027508533,0.824335,0.5
immrep23_359,1.0724588719313033e-05,0.3180735111236572,0.003724575,0.13756844,0.0051965611055493355,3.2897795e-05,0.7296365,0.5
immrep23_360,0.17700527608394623,0.0047717113047838,0.054044574,0.0007456699,0.0021140743046998978,0.018735215,0.895199,0.2
immrep23_361,0.0005022792611271143,0.8070290684700012,0.0005991161,0.12950262,0.023485546931624413,0.04200749,0.3994881,0.5
immrep23_362,0.02028593234717846,0.2757980227470398,0.7669147,0.24213016,0.04763282090425491,0.000883433,0.84329724,0.4
immrep23_363,0.2149980515241623,0.0069408463314175,0.0032067597,0.21621943,0.001388165052048862,0.35939255,0.8009714,0.5
immrep23_364,0.12545157968997955,0.6347078084945679,,0.9999054,0.05845223367214203,0.8811405,0.75960195,0.4
immrep23_365,0.006162052508443594,0.3287902176380157,0.018602967,0.2438337,0.00994118582457304,0.00026033557,0.41844064,0.2
immrep23_366,0.040747545659542084,0.1648311018943786,1.1183026e-05,0.26890856,0.008250443264842033,0.049618896,0.64119744,0.0
immrep23_367,0.006896933540701866,0.1132384911179542,4.544175e-06,0.071600355,0.01688968576490879,0.10622947,0.13771,0.5
immrep23_368,0.0029873133171349764,0.6334971785545349,0.8799429,0.1199427,0.013062139973044395,0.0098143015,0.5167244,0.2
immrep23_369,0.11562682688236237,0.8790777921676636,,,0.05744104087352753,0.9730664,0.837525,0.4
immrep23_370,0.0016320226714015007,0.4866165220737457,0.1421004,3.6529505e-05,8.223309851018712e-05,2.1525902e-05,0.6802131,0.5
immrep23_371,0.04447394609451294,0.0007931760628707,0.006043732,2.861334e-05,0.00023539872199762613,0.026791751,0.7319016,0.5
immrep23_372,0.15928465127944946,0.1420644372701645,0.055112034,0.010180638,0.08192601054906845,0.0017546645,0.8831215,0.5
immrep23_373,0.10857997089624405,0.0113584855571389,0.00010650996,0.051245786,0.08929601311683655,0.030774374,0.86803645,0.5
immrep23_374,0.0009434318635612726,0.059170588850975,0.36776093,0.22245054,0.0013631331967189908,0.010394095,0.8019677,0.5
immrep23_375,0.017943760380148888,0.0509286597371101,8.5581196e-05,0.15236568,0.01765632815659046,0.16810553,0.4764205,0.0
immrep23_376,0.22056178748607635,0.7357906103134155,,,0.057175107300281525,0.6020498,,0.6
immrep23_377,0.028329839929938316,0.1953597068786621,0.01170525,0.0030215664,2.6493369659874588e-05,0.15068811,0.562285,0.5
immrep23_378,0.22888760268688202,0.6377452611923218,0.031118542,0.0003855674,0.00025746336905285716,0.0008960552,0.30875522,0.5
immrep23_379,0.23527729511260986,0.1053760051727294,0.49230137,0.0024531533,0.0009137173765338957,0.013839918,0.8859855,0.0
immrep23_380,0.07257428765296936,0.0695504769682884,0.69804966,0.23114188,0.05881165713071823,0.23532405,0.5458531,0.5
immrep23_381,0.39056485891342163,0.5216094851493835,0.0021280646,0.12007686,0.00817799475044012,0.47843224,0.084109165,0.5
immrep23_382,0.20696091651916504,0.0126309655606746,0.9558551,0.10553379,0.0020051789470016956,0.053246696,0.6923809,0.2
immrep23_383,0.057799194008111954,0.4852926731109619,2.0619522e-05,0.00016559669,0.0001956330961547792,8.2380495e-05,0.6499395,0.0
immrep23_384,0.0015355093637481332,0.1179916262626648,0.9999761,0.11853918,0.01732547953724861,0.24331518,0.11616824,0.0
immrep23_385,0.12509676814079285,0.1952099800109863,0.0017432272,0.02299945,0.206730917096138,0.028572194,0.46354273,0.4
immrep23_386,0.0028017833828926086,0.0075099552050232,,0.0007467165,0.08395259827375412,0.0031507188,0.8773173,0.5
immrep23_387,0.19057372212409973,0.0019338966812938,0.030510247,4.26298e-05,0.0005144802271388471,0.0027883018,0.62777317,0.5
immrep23_388,5.4624684707960114e-05,0.0173161216080188,0.9983363,0.08812442,0.03147749602794647,0.044594567,0.56546974,0.2
immrep23_389,0.012455922551453114,0.6287915706634521,0.23718998,0.37391496,0.00013266429596114904,0.0003852669,0.6779725,0.2
immrep23_390,0.03026640973985195,0.6846388578414917,0.0052829385,0.16427341,0.017047706991434097,0.030910214,0.5044232,0.4
immrep23_391,0.00026881942176260054,0.0397063381969928,0.95521235,6.767672e-05,0.014647762291133404,0.088217504,0.68433404,0.0
immrep23_392,0.0034365698229521513,0.0049854526296257,0.00040185452,0.116965234,0.031830642372369766,0.00032762176,0.45037794,0.6
immrep23_393,5.0460180318623316e-06,0.035053763538599,0.011253923,0.043671753,0.024915629997849464,0.040442817,0.6499206,0.0
immrep23_394,0.007326256483793259,0.6050551533699036,0.008814096,0.00012350331,0.0002214767737314105,4.114752e-05,0.75621676,0.2
immrep23_395,0.20647986233234406,0.0019320255378261,0.19726011,0.00038033072,0.0002812245220411569,0.0042955563,0.6315672,0.5
immrep23_396,0.09427694231271744,0.5827263593673706,0.025028795,0.0012104961,0.00019163840624969453,0.0016804223,0.7197095,0.6
immrep23_397,0.13199472427368164,0.5438529849052429,0.00030487776,0.9995362,0.07262799888849258,0.0076356423,0.7974303,0.2
immrep23_398,0.008503315038979053,0.1478010267019271,0.00038012862,0.14979506,0.020375624299049377,0.2676087,0.5056491,0.5
immrep23_399,0.03595784306526184,0.0032636732794344,0.997939,0.00026576797,0.07375574856996536,0.00015938704,0.77205014,0.0
immrep23_400,4.989140506950207e-05,0.5282285809516907,0.000800699,0.13235946,0.000402057048631832,0.034585483,0.15761817,0.4
immrep23_401,0.03820274397730827,0.6424371004104614,9.171716e-06,0.1275082,0.052889663726091385,0.643656,0.6497641,0.5
immrep23_402,0.0004009549447800964,0.6742962598800659,0.005601734,0.103130475,0.029615912586450577,0.022835761,0.5225743,0.5
immrep23_403,0.03765187785029411,0.0258547272533178,0.9136623,0.2951088,0.043870724737644196,0.2747209,0.39074355,0.5
immrep23_404,0.011934652924537659,0.0928851813077926,0.43373874,0.1291596,0.00014742431812919676,0.11127576,0.3750277,0.5
immrep23_405,0.0378272645175457,0.5941319465637207,0.00010097248,6.747006e-05,0.00010401695180917159,0.0011997501,0.29803324,0.2
immrep23_406,0.06779975444078445,0.6480260491371155,0.00095129013,0.99992573,0.04882378503680229,0.898373,0.7657161,0.2
immrep23_407,0.14940673112869263,0.0005152533994987,0.0011720657,0.0003278389,0.0016957208281382918,0.16750696,0.76254845,0.5
immrep23_408,0.10595563054084778,0.0157855097204446,3.12825e-05,0.0023295882,0.0652768462896347,0.0066572223,0.8633747,0.5
immrep23_409,0.4002252221107483,0.0088478568941354,0.0030612946,0.00069019163,0.022477135062217712,0.011566405,0.3025873,0.0
immrep23_410,0.09232974797487259,0.1692128181457519,0.010680318,0.000118740914,0.00023962859995663166,0.3062098,0.5969067,0.2
immrep23_411,0.06441684812307358,0.0001898359332699,6.857075e-05,0.00013688502,0.000346697197528556,0.0019238906,0.7346051,0.0
immrep23_412,0.02627495303750038,0.0084234932437539,0.7270607,0.16065565,0.024240590631961823,0.004404872,0.30778834,0.5
immrep23_413,0.04401529207825661,0.0001633059437153,0.024143249,0.20624931,0.002913133706897497,0.03920146,0.7616742,0.0
immrep23_414,0.00043827155604958534,0.1205517351627349,0.0032067597,0.10944611,0.01762174814939499,0.0016206338,0.506205,0.4
immrep23_415,0.1658037155866623,0.0043162326328456,8.2154416e-05,0.121513404,0.02985190972685814,0.0008249486,0.15308228,0.5
immrep23_416,0.10439036041498184,0.064308077096939,0.75708044,0.016223434,0.00161450426094234,0.28169903,0.87478423,0.0
immrep23_417,0.001953523838892579,0.0418653488159179,0.9963575,0.05514431,0.01596766710281372,0.025271034,0.63034093,0.0
immrep23_418,0.10245554149150848,0.0174285974353551,0.765483,0.0027512703,0.00047853440628387034,0.012338854,0.7862741,0.5
immrep23_419,0.004719027318060398,0.1478521078824997,0.00468567,0.18752952,0.012690436094999313,0.014691825,0.30388317,0.4
immrep23_420,0.011832279153168201,0.1956495493650436,0.9848754,0.16435513,0.0003367565805092454,0.08427811,0.061453428,0.5
immrep23_421,0.49111035466194153,0.5908854603767395,0.0019279122,0.9991271,0.00028401194140315056,0.0010051252,0.59843946,0.0
immrep23_422,0.0038263299502432346,0.0472918599843978,0.9991386,0.15691559,0.019024984911084175,0.0060320213,0.3553786,0.5
immrep23_423,0.011740826070308685,0.0544024221599102,0.00053319335,0.007342098,0.00029036341584287584,0.09036677,0.089405425,0.2
immrep23_424,0.01695193350315094,0.3255925476551056,0.05908647,0.9999484,0.08332362771034241,0.9657471,0.8570852,0.2
immrep23_425,0.023658709600567818,0.0293298810720443,8.04352e-05,4.032901e-05,0.06178657338023186,0.040406305,0.86533594,0.5
immrep23_426,0.010336089879274368,0.0006912426906637,0.0023286045,0.00032193583,0.00043158422340638936,0.057683773,0.6986775,0.0
immrep23_427,0.09354258328676224,0.5297749042510986,0.00010894139,0.7615074,0.0003357935347594321,0.0028513544,0.5525526,0.2
immrep23_428,0.020062388852238655,0.2144137322902679,0.0071246326,0.0071503026,3.2273361284751445e-05,0.14454222,0.58222026,0.2
immrep23_429,0.07881016284227371,0.0621118582785129,0.9838917,0.054664213,0.009627222083508968,0.0036860802,0.699945,0.2
immrep23_430,0.011713051237165928,0.1044744923710823,0.0014305711,0.13495257,0.023066848516464233,0.3597866,0.19800526,0.5
immrep23_431,0.002430080436170101,0.6610323190689087,0.9999028,0.00011953779,0.012909269891679287,0.00073382107,0.25110042,0.2
immrep23_432,0.01980123296380043,0.7347994446754456,1.8989182e-05,0.14880934,0.009936437010765076,0.0028856941,0.39262938,0.2
immrep23_433,0.009443468414247036,0.0028273705393075,0.21659842,0.108880796,0.0020000135991722345,0.15361339,0.58597076,0.5
immrep23_434,0.001975845545530319,0.3229780793190002,0.007894248,0.09133094,0.0379386842250824,0.0005959413,0.38917074,0.5
immrep23_435,0.0478946790099144,0.4480994045734405,0.13512498,0.27929187,0.021035796031355858,0.0008157596,0.4036063,0.5
immrep23_436,0.8305063247680664,0.2203003019094467,0.017802179,0.01668838,2.0285306163714267e-05,0.016346391,0.7083695,0.0
immrep23_437,0.058917079120874405,0.0687237977981567,0.9974434,0.116852485,0.003017926588654518,0.6332798,0.78398323,0.2
immrep23_438,2.9335928957152646e-06,0.1260660290718078,0.029765576,0.075345956,0.00475884135812521,0.00090519554,0.5064566,0.4
immrep23_439,0.01150501985102892,0.4292821586132049,0.0005520284,0.40246072,0.03626053407788277,0.07281108,0.63847625,0.2
immrep23_440,8.332367724506184e-05,0.0144823845475912,0.0012904704,0.14926565,0.00968609843403101,0.0030430327,0.346001,0.5
immrep23_441,0.08695558458566666,0.0738210678100586,0.9814777,0.18291652,0.00024327111896127462,0.35647476,0.1714835,0.0
immrep23_442,0.03420357406139374,0.0072992774657905,0.24270087,0.001132271,0.1462666094303131,0.00023554197,0.551407,0.5
immrep23_443,0.021603623405098915,0.6291200518608093,0.12612423,0.04690704,0.00017229467630386353,4.6610883e-05,0.56669044,0.5
immrep23_444,0.09214736521244049,0.0011632805690169,0.0016866028,9.9224e-05,0.0008659801678732038,0.20774779,0.82382065,0.5
immrep23_445,0.03994010388851166,0.0027031539939343,0.9999689,0.0023992092,0.060946132987737656,0.049085934,0.89103556,0.5
immrep23_446,0.003299526171758771,0.0674644783139228,0.001563549,0.14323339,0.006152341607958078,0.27631503,0.043378007,0.2
immrep23_447,0.4079943895339966,0.000184028482181,0.17329866,0.12435814,0.0009890829678624868,0.019219993,0.78022784,0.0
immrep23_448,0.037550464272499084,0.0024970509111881,,4.8873386e-05,0.11423929780721664,0.0054006567,0.8462281,0.2
immrep23_449,0.0017519138054922223,0.594811737537384,0.00032144785,,0.00016167215653695166,0.0001416709,0.44992173,0.5
immrep23_450,0.055541347712278366,0.0175051614642143,0.016522527,0.04154252,0.028297215700149536,0.011353538,0.5330944,0.5
immrep23_451,0.19519147276878357,0.003141347086057,0.00026255846,0.27218994,0.003076203167438507,0.7681468,0.46967688,0.5
immrep23_452,0.10739685595035553,0.0019901178311556,0.0006992817,0.0058095558,0.06696523725986481,0.01534228,0.8288602,0.5
immrep23_453,0.006446025334298611,0.0448007434606552,0.0014148653,0.122236885,0.02269502729177475,0.15765668,0.66132367,0.5
immrep23_454,0.0831814557313919,0.3800761997699737,0.0002988279,0.00036730245,0.07827357202768326,0.017587459,0.890769,0.5
immrep23_455,0.2913576364517212,0.0028674066998064,0.00040847063,0.14290938,0.0023811033461242914,0.040023725,0.49963793,0.0
immrep23_456,0.007074401713907719,0.0198660939931869,0.004613906,0.02512094,0.04620823636651039,0.32725772,0.70834476,0.5
immrep23_457,0.01569541171193123,0.0822796300053596,0.16767555,0.0018544032,0.008746152743697166,0.00976228,0.72398686,0.5
immrep23_458,0.11464956402778625,0.0002340099599678,0.71014667,0.8432609,0.0009077140130102634,0.01390808,0.86563647,0.5
immrep23_459,0.009868055582046509,0.0065266690216958,0.49489462,0.00032446272,0.07299347966909409,0.00041946853,0.83483446,0.5
immrep23_460,0.1549067348241806,0.002989204134792,0.033400714,0.23792386,0.04988505691289902,0.055505715,0.27132753,0.2
immrep23_461,0.13613736629486084,0.1582609862089157,,,0.05764556676149368,0.43999887,,0.2
immrep23_462,0.00041351374238729477,0.44500732421875,0.987589,0.080778524,0.0006889832438901067,0.057811797,0.06122846,0.5
immrep23_463,0.22056178748607635,0.6447430849075317,,,0.057175107300281525,0.9533843,,0.6
immrep23_464,0.07804840803146362,0.002598900347948,0.0018476844,0.23607913,0.025264602154493332,0.0024375024,0.30470064,0.5
immrep23_465,0.16173182427883148,0.1984868049621582,0.00012600422,0.04616382,8.679636084707454e-05,0.14024782,0.26439545,0.4
immrep23_466,0.21717777848243713,0.0014659571461379,0.0013451576,0.9995516,0.0017863602843135595,0.17481217,0.9460519,0.5
immrep23_467,0.046009279787540436,0.0135238757357001,0.0040924847,0.0007130533,0.11805064231157303,7.060148e-05,0.88164437,0.5
immrep23_468,0.07803690433502197,0.0034218940418213,0.001801908,0.00014401523,0.1620284616947174,0.00012578194,0.7235335,0.2
immrep23_469,0.01615985296666622,0.0134314261376857,0.9333091,0.16847183,0.002779157366603613,0.016547332,0.77060854,0.2
immrep23_470,0.03414810821413994,0.2496808022260666,0.0068021417,0.12585178,0.012727501802146435,0.001918581,0.6577215,0.5
immrep23_471,0.09882505983114243,0.0821084231138229,0.04259017,0.1247586,0.008862726390361786,0.15908779,0.20851421,0.2
immrep23_472,0.004069867078214884,0.0050586997531354,9.0581176e-05,0.06812078,0.00551513209939003,0.0009747623,0.49004346,0.0
immrep23_473,0.045329321175813675,0.61674565076828,0.024997413,0.0009805032,0.004499947186559439,3.3644792e-05,0.4681771,0.4
immrep23_474,1.6596060959273018e-05,0.1221868768334388,0.842754,0.079345085,0.042400848120450974,0.07667354,0.4936075,0.2
immrep23_475,0.1218552514910698,0.6084295511245728,0.123585284,0.2318314,0.011549245566129684,0.18360166,0.36422876,0.5
immrep23_476,0.00028473965357989073,0.2433810234069824,0.00015449524,0.122664794,0.010726925916969776,0.1755932,0.07967646,0.5
immrep23_477,1.0127055247721728e-05,0.096366748213768,0.1812458,0.06403558,0.021160930395126343,0.0555024,0.5492019,0.5
immrep23_478,0.02830697037279606,0.0131898624822497,0.00016534328,0.0017952364,0.05622843652963638,0.0032862925,0.76378983,0.0
immrep23_479,0.03226567059755325,0.0081349518150091,0.79995286,0.00088393985,0.06773557513952255,0.0058745486,0.7763161,0.2
immrep23_480,0.2148451805114746,0.2838249206542969,0.013523161,,0.013493787497282028,0.002542083,0.30322537,0.0
immrep23_481,0.037986524403095245,0.0007138745859265,0.025913954,0.002551115,0.0003828734334092587,5.0165152e-05,0.7102784,0.0
immrep23_482,0.0053783985786139965,0.0007469074917025,0.10193497,0.16983947,0.09025833755731583,0.0015680658,0.7389853,0.2
immrep23_483,0.02578382007777691,0.6251772046089172,0.0023294687,,0.019233908504247665,0.024796102,0.3187706,0.0
immrep23_484,0.0016410312382504344,0.1355786919593811,0.99927783,0.28281206,0.020262137055397034,0.015917964,0.32952914,0.5
immrep23_485,0.026577522978186607,0.7965801358222961,0.19690904,0.00027337097,0.00010186900908593088,0.00011802979,0.7021379,0.5
immrep23_486,0.0020676571875810623,0.0381021872162818,0.119698495,0.13688007,0.022228682413697243,0.009604335,0.18945925,0.0
immrep23_487,0.08367325365543365,0.0004430503468029,0.0032067597,4.8711885e-05,0.08477409183979034,0.00041044748,0.5828697,0.0
immrep23_488,0.045352786779403687,0.7149597406387329,2.9230216e-05,0.00021488286,0.0003047132049687207,0.00021919467,0.75612277,0.5
immrep23_489,0.004299346823245287,0.3986686468124389,0.9014497,0.2720868,0.0005350930732674897,0.002549241,0.28055087,0.0
immrep23_490,0.12082727998495102,0.005845486652106,0.017402828,0.000166787,0.07140501588582993,0.00019838252,0.8963828,0.5
immrep23_491,0.03380473330616951,0.0125919915735721,0.7036086,0.9688403,6.3083934946917e-05,0.028356237,0.56649756,0.2
immrep23_492,0.19562098383903503,0.0051534781232476,0.0022697747,0.03525056,0.013710307888686657,0.0028413003,0.12269659,0.5
immrep23_493,0.0012202162761241198,0.1437810808420181,0.19735014,0.048740275,0.0005274118157103658,0.0030305223,0.26988944,0.5
immrep23_494,0.06744382530450821,0.0646589249372482,0.041837424,0.0019419973,3.157162427669391e-05,0.026230771,0.6120591,0.5
immrep23_495,0.18769817054271698,0.0024349009618163,0.24310088,0.06820907,0.0027065069880336523,0.030087614,0.74018884,0.5
immrep23_496,6.546136077645315e-09,0.3245914578437805,0.9991386,0.2335254,0.007370976265519857,0.029772433,0.64286137,0.5
immrep23_497,0.09887123107910156,0.0328534729778766,0.017773718,0.00046061986,0.07222022861242294,0.0020364802,0.8873973,0.2
immrep23_498,0.06589987874031067,0.1131348609924316,0.8300427,0.050753225,0.013333162292838097,0.0022822907,0.77777267,0.5
immrep23_499,0.10114939510822296,0.5840489268302917,0.46297967,3.4737088e-05,0.013668285682797432,2.0040397e-05,0.4347515,0.4
immrep23_500,0.054767172783613205,0.1619152128696441,0.9979658,0.17994474,0.04309647157788277,0.0028464575,0.4305846,0.4
immrep23_501,0.316202312707901,0.0355902835726738,0.015236467,0.05430455,0.008386173285543919,0.103082255,0.21395503,0.2
immrep23_502,0.033091846853494644,0.0033672829158604,0.008990496,5.6699828e-05,0.0004595272766891867,0.003992119,0.6262853,0.0
immrep23_503,0.009272164665162563,0.0487504303455352,0.99998045,0.1389133,0.0003646458499133587,0.391802,0.061642837,0.5
immrep23_504,0.13613736629486084,0.4396896660327911,,,0.05764556676149368,0.64423615,,0.6
immrep23_505,5.1238976084277965e-06,0.0915990397334098,0.01279977,0.15665981,0.041789039969444275,0.14213578,0.3249343,0.5
immrep23_506,0.09949585050344467,0.0879023149609565,0.12344566,0.029248184,0.0217610914260149,0.13045157,0.11935007,0.0
immrep23_507,0.005123186856508255,0.6217505931854248,0.999349,4.9009937e-05,0.00021393403585534543,0.00072082394,0.6884674,0.2
immrep23_508,0.020997904241085052,0.2940898537635803,0.0056013763,0.14190298,0.0005034239147789776,0.16320534,0.28615612,0.5
immrep23_509,0.07633347064256668,0.01245485432446,0.0012192726,0.04331003,0.05593887344002724,0.00034128138,0.81159186,0.5
immrep23_510,0.005478630308061838,0.1706230044364929,0.021874547,0.14090101,0.010657301172614098,0.29720727,0.67403746,0.5
immrep23_511,0.01376593578606844,0.3162294924259186,0.9999431,0.38433224,0.0345921628177166,0.0007692072,0.27575138,0.5
immrep23_512,0.41986656188964844,0.0163615569472312,2.8721222e-05,0.15727264,0.001853437745012343,0.14398997,0.9774279,0.5
immrep23_513,0.11163964122533798,0.3232813775539398,0.04927197,0.09500186,7.236791134346277e-05,0.05252107,0.31909007,0.2
immrep23_514,0.030262954533100128,0.0071854284033179,0.0008363426,0.2304003,0.0023784199729561806,0.0028563656,0.5380772,0.2
immrep23_515,0.007074401713907719,0.0291502363979816,7.933225e-05,0.00783257,0.04620823636651039,0.00022360156,0.70834476,0.5
immrep23_516,0.039737194776535034,0.0765116438269615,0.035092235,0.097230256,0.009928536601364613,0.048300546,0.12547778,0.4
immrep23_517,0.04048476368188858,0.6736105680465698,0.977269,0.3047876,0.05168640613555908,0.00017626313,0.30465636,0.5
immrep23_518,0.025067603215575218,0.010039972141385,0.0026843548,,2.7627358576864935e-05,0.0017034472,0.49440265,0.2
immrep23_519,0.22056178748607635,0.0720898583531379,,,0.057175107300281525,0.02610104,,0.0
immrep23_520,0.4253845512866974,0.0045841578394174,0.065838695,0.27334607,0.0003641058865468949,0.016992398,0.043106217,0.5
immrep23_521,0.005255118478089571,0.105265274643898,0.00073850155,0.15357703,0.01090894266963005,0.05350629,0.2627351,0.2
immrep23_522,0.0052813636139035225,0.4301592707633972,0.44809654,0.15686308,0.03924094885587692,0.12549238,0.6232909,0.5
immrep23_523,1.975791292352369e-06,0.2617182731628418,0.000995338,0.06538131,0.0193258635699749,0.023592157,0.6744045,0.5
immrep23_524,0.09484559297561646,0.7211012244224548,0.007987976,0.2130371,0.013192109763622284,0.0033137738,0.6323559,0.5
immrep23_525,0.28723961114883423,0.0012920451117679,,,0.0011332170106470585,0.08827422,,0.5
immrep23_526,0.09145589172840118,0.0239431895315647,0.9242217,0.1312728,0.01141162309795618,0.10856864,0.1856977,0.5
immrep23_527,0.356806218624115,0.0853378027677536,0.020987064,0.007808796,6.448394560720772e-05,0.020256,0.5852612,0.2
immrep23_528,0.009243425913155079,0.0907665938138961,0.0024677515,0.00031105703,0.01681426167488098,0.025625335,0.6160829,0.0
immrep23_529,0.008357667364180088,0.002134257229045,0.030416995,0.00015137314,0.05948234722018242,0.002809997,0.8129747,0.2
immrep23_530,0.036297328770160675,0.0516873449087142,0.96197927,0.00022639257,0.13865447044372559,0.007981653,0.721704,0.2
immrep23_531,0.20365262031555176,0.2195889800786972,0.00041764975,0.23698914,0.04325230419635773,0.006920918,0.35344005,0.5
immrep23_532,0.3305777609348297,0.00726730376482,0.9518192,0.048369527,0.003058617701753974,0.063264295,0.85705656,0.5
immrep23_533,0.19863684475421906,0.0151786813512444,0.9299431,0.2634359,0.28355997800827026,0.09458568,0.15979765,0.5
immrep23_534,0.11166977137327194,0.3663056194782257,0.9995451,0.0068913125,0.0001869191910373047,0.006611803,0.5783486,0.5
immrep23_535,0.02641928754746914,0.0501307360827922,0.027942628,0.0001735113,0.00038989423774182796,0.0057983883,0.64261454,0.5
immrep23_536,0.06241631507873535,0.6152399182319641,0.16536173,0.00026033696,0.012871403247117996,0.006151686,0.23328221,0.2
immrep23_537,0.024029415100812912,0.0042883506976068,0.044226676,0.15577173,0.00018806637672241777,0.0011360013,0.70483196,0.5
immrep23_538,3.580023621907458e-05,0.500347375869751,0.004000485,0.06366096,0.04085998237133026,0.0031057098,0.5287187,0.5
immrep23_539,0.02287105657160282,0.3264573812484741,0.008047432,0.00011339623,0.00013081954966764897,0.0021068626,0.71495306,0.0
immrep23_540,0.013956551440060139,0.6285734176635742,0.08458677,0.1457778,0.062048427760601044,0.01381006,0.5730368,0.5
immrep23_541,0.0007081523654051125,0.5734255909919739,0.7218907,2.970481e-05,0.00025950587587431073,0.00071013684,0.4815578,0.5
immrep23_542,0.09179671108722687,0.3829962611198425,0.394158,0.28366432,0.01206942182034254,0.028043611,0.29304448,0.2
immrep23_543,0.23766955733299255,0.0407058112323284,0.22184733,0.00079902913,0.06808645278215408,0.0003249506,0.9071921,0.0
immrep23_544,0.16366373002529144,0.0506729893386364,9.830131e-05,0.17795835,0.025341499596834183,0.022851717,0.5816135,0.4
immrep23_545,0.00611086655408144,0.3342855870723724,0.19007841,0.028068658,0.04052489250898361,0.01296421,0.44881928,0.5
immrep23_546,3.779459439101629e-05,0.3410415649414062,0.21950173,0.16976628,0.030779773369431496,0.18505044,0.36251286,0.5
immrep23_547,0.07789497077465057,0.862878143787384,0.0061602592,0.2719467,0.00012056386185577139,0.00034297042,0.60621727,0.5
immrep23_548,0.16434624791145325,0.0752280503511428,,,0.055075861513614655,0.8380128,,0.6
immrep23_549,0.16406188905239105,0.1250438094139099,0.7700964,,0.00019226087897550315,0.012957464,0.6579892,0.2
immrep23_550,0.003160704392939806,0.0586857832968235,0.90541875,0.05287183,0.02664222940802574,6.765247e-05,0.6179494,0.0
immrep23_551,0.23361296951770782,0.5283148884773254,0.00046232343,0.23876247,0.014870948158204556,0.0010325693,0.18967693,0.6
immrep23_552,6.788085011066869e-05,0.1742965131998062,0.00012913346,0.07045961,0.014424033463001251,0.0001994161,0.6825057,0.5
immrep23_553,0.0013836181024089456,0.1858235299587249,0.0002747476,0.059035342,0.007087258622050285,0.001240549,0.61422247,0.0
immrep23_554,0.00042731701978482306,0.3818689882755279,0.20447049,0.097700596,0.016332188621163368,0.0043384484,0.5496952,0.6
immrep23_555,0.052036792039871216,0.0035057249478995,0.07618776,0.004309328,0.017487643286585808,0.103588454,0.6436191,0.2
immrep23_556,0.1673199087381363,0.0185165256261825,0.08474076,0.33235362,0.05741080641746521,0.08748747,0.30361867,0.5
immrep23_557,0.08120215684175491,0.8845667839050293,0.027692795,0.9999312,0.048372067511081696,0.9980951,0.53939605,0.8
immrep23_558,0.05894896760582924,0.4176736772060394,0.00023627281,0.09922043,0.018734855577349663,0.03444168,0.45015496,0.0
immrep23_559,0.008075593039393425,0.5074338316917419,0.018334866,0.24037318,0.048661381006240845,0.028565036,0.6117909,0.5
immrep23_560,0.005634375382214785,0.1886728703975677,0.00013896823,0.088159874,0.01574936881661415,0.0012878991,0.2837165,0.4
immrep23_561,0.06010887399315834,0.2074781358242035,0.00033390522,0.00019962348,0.00016289071936625987,3.4416717e-05,0.7153952,0.0
immrep23_562,0.22056178748607635,0.850035548210144,,,0.057175107300281525,0.847155,,0.8
immrep23_563,0.05523981153964996,0.7497634887695312,,,0.06191627308726311,0.0008000764,,0.4
immrep23_564,0.381702184677124,0.0006001907750032,2.3832039e-05,0.00055809866,0.14720727503299713,0.00036714075,0.49938098,0.5
immrep23_565,0.061720021069049835,0.0048199365846812,3.7418475e-05,0.5217251,0.0038185117300599813,0.13912936,0.84304094,0.4
immrep23_566,0.2070014476776123,0.0040940050967037,0.00028148293,4.3595515e-05,0.0013218466192483902,0.34089515,0.88164544,0.2
immrep23_567,0.0015026051551103592,0.0003639736387412,0.43110022,7.9259175e-05,0.10439002513885498,8.7651824e-05,0.5881113,0.5
immrep23_568,0.5741254091262817,0.0009536934667266,0.00016960502,0.57500875,0.0011931969784200191,0.94372976,0.92794645,0.4
immrep23_569,0.05000956356525421,0.0116162346675992,0.9999814,0.113508925,0.118625208735466,0.31083453,0.65502816,0.5
immrep23_570,0.2635834217071533,0.1061152815818786,0.037661225,0.0806898,0.006041910033673048,0.15678497,0.26850668,0.6
immrep23_571,0.0003529299865476787,0.4000305831432342,0.16344365,0.14716728,0.008195045404136181,0.43793318,0.35756582,0.5
immrep23_572,0.0049176644533872604,0.0138460574671626,0.1711371,0.23142576,0.02091349847614765,0.0006800664,0.53976464,0.5
immrep23_573,0.03494209796190262,0.0848409160971641,0.99771273,0.21580236,0.011498264968395233,0.22137307,0.09092063,0.5
immrep23_574,0.006023353431373835,0.0156450439244508,0.9593052,0.20395379,0.02286207117140293,0.000702222,0.3709944,0.5
immrep23_575,0.0018930365331470966,0.2852651476860046,0.0009896755,0.013920682,2.7906107789021917e-05,9.6491385e-05,0.6631557,0.4
immrep23_576,0.0004780199087690562,0.1543653011322021,0.029817194,0.23973091,0.0003004633472301066,0.0018092842,0.09580718,0.4
immrep23_577,0.0391327328979969,0.0360053107142448,0.021338284,0.24565792,0.008675353601574898,0.41825786,0.75662565,0.5
immrep23_578,0.0022905771620571613,0.1291469931602478,3.6475452e-05,0.18581888,0.009970891289412975,0.00020969086,0.6307889,0.5
immrep23_579,0.03297863155603409,0.0489954501390457,0.05877918,0.20055719,0.00611906498670578,0.37814528,0.87902755,0.5
immrep23_580,0.38979023694992065,6.862439477117732e-05,0.00030195713,0.9882494,0.0014478464145213366,0.0043516173,0.8299944,0.5
immrep23_581,0.05046718940138817,0.0209044720977544,0.0075340867,0.39661318,0.0570390485227108,0.0012037348,0.7398007,0.2
immrep23_582,0.08667530119419098,0.4656585156917572,0.67730874,0.00020699055,0.0003036688722204417,0.0005632588,0.61921144,0.4
immrep23_583,0.01529118325561285,0.3962355554103851,0.01932463,0.00025265216,0.00023326837981585413,0.00022543526,0.71565753,0.2
immrep23_584,0.004252934828400612,0.0002760918287094,0.0042583644,0.00018484828,0.10271625220775604,0.20499055,0.73511505,0.0
immrep23_585,0.009040672332048416,0.014046368189156,0.89208657,0.2493927,0.11127909272909164,0.0006660679,0.44015712,0.5
immrep23_586,0.00271232589147985,0.1189742013812065,0.20196205,0.08774933,0.011879919096827507,0.00718333,0.65599716,0.2
immrep23_587,8.200811862479895e-05,0.1852937340736389,0.0021380484,8.285655e-05,0.00028698594542220235,2.6470894e-05,0.7566834,0.5
immrep23_588,0.033789053559303284,0.1904425621032714,0.765483,0.044142686,0.0003724773123394698,0.095619425,0.38138568,0.2
immrep23_589,0.0027817105874419212,0.0218042414635419,0.13815138,0.08866705,0.013645632192492485,0.0057323067,0.5939523,0.4
immrep23_590,0.007590131834149361,0.5486557483673096,0.37541854,0.00020454041,0.00033118511782959104,0.00036213183,0.6064899,0.2
immrep23_591,0.22056178748607635,0.4736019372940063,,,0.057175107300281525,0.98835236,,0.6
immrep23_592,0.0442093089222908,0.1028393283486366,0.99954015,0.16980812,0.019299257546663284,0.04670452,0.44862133,0.5
immrep23_593,0.11446619033813477,0.0491630882024765,0.120723516,0.13755259,0.05649926885962486,0.0005632476,0.21171103,0.2
immrep23_594,0.21668262779712677,0.0811275318264961,0.7669381,0.15029426,0.004031738732010126,0.06926575,0.12567112,0.4
immrep23_595,0.014252359978854656,0.2198469787836074,0.99146295,0.16022375,0.000662278151139617,0.01179177,0.076032616,0.2
immrep23_596,0.06940124183893204,0.1042397692799568,7.3033916e-05,0.00023565968,0.00020816554024349898,0.00087620213,0.40158764,0.5
immrep23_597,0.18548962473869324,0.1849878281354904,0.040622264,0.52756035,0.01141386665403843,0.0056848773,0.22358488,0.5
immrep23_598,0.22703523933887482,0.0102049503475427,8.733249e-05,0.080486014,0.0295398086309433,0.13351403,0.2522815,0.5
immrep23_599,6.003940143273212e-05,0.0419895239174366,0.002499491,0.062875755,0.004064574837684631,0.0041521504,0.021704875,0.5
immrep23_600,0.003223798703402281,0.5202052593231201,0.00030601025,0.24304077,0.021757835522294044,0.007548059,0.6709721,0.5
immrep23_601,0.0074539873749017715,0.3524074852466583,0.8243165,0.075986944,0.0250094011425972,0.038961463,0.3664699,0.8
immrep23_602,0.07993430644273758,0.7991548180580139,0.91118157,0.16350394,0.020614955574274063,0.046424363,0.5034599,0.2
immrep23_603,0.1543726623058319,7.640992407687008e-05,0.12856701,0.00010752587,0.16198386251926422,0.00010460641,0.87661886,0.5
immrep23_604,0.2855645716190338,0.0490377694368362,,,0.05166018009185791,0.9918052,0.6726234,0.4
immrep23_605,0.5511230230331421,0.0129143688827753,0.3935876,7.819185e-05,0.0009641184587962925,0.7558544,0.9158827,0.2
immrep23_606,0.007070812396705151,0.2628219127655029,0.0039660633,0.047886264,0.22953514754772186,0.62344176,0.22720926,0.0
immrep23_607,0.00012616477033589035,0.1035962030291557,0.999664,0.12340872,0.02983890101313591,0.18826558,0.46939862,0.5
immrep23_608,0.058917053043842316,0.1273607909679412,0.9993989,0.16446376,0.003017926588654518,0.1923866,0.78398323,0.0
immrep23_609,0.007074401713907719,0.0377969406545162,0.0028488934,0.014649138,0.04620823636651039,0.00038367108,0.70834476,0.5
immrep23_610,0.019988102838397026,0.0009368834435008,0.9999777,0.00061247253,0.05882721394300461,0.014725107,0.7044494,0.0
immrep23_611,0.31090715527534485,0.0019901916384696,0.00016158819,0.13919802,0.00023329949181061238,0.00046226877,0.74879503,0.0
immrep23_612,0.061392899602651596,0.4677843451499939,7.7942295e-06,0.21592136,0.012379026040434837,0.0531192,0.13330261,0.5
immrep23_613,0.1503233015537262,0.0043468456715345,0.7044046,0.21041556,0.009195122867822647,0.0009225888,0.10858138,0.5
immrep23_614,0.012780046090483665,0.575314998626709,0.9974434,0.09778686,0.0001674051454756409,2.527112e-05,0.70017815,0.5
immrep23_615,0.00038304252666421235,0.455523133277893,0.13507563,0.2720881,0.03949914127588272,0.160558,0.5764698,0.2
immrep23_616,0.02133718505501747,0.4648444354534149,0.054649472,0.26854378,0.00815280806273222,0.0021468664,0.49390072,0.5
immrep23_617,0.7021921277046204,0.0022369320504367,3.271388e-05,0.3745672,0.0010018573375418782,0.020792942,0.8895722,0.5
immrep23_618,0.00023722642799839377,0.4434573054313659,0.4753314,0.14013627,0.023435065522789955,0.06254104,0.69935346,0.5
immrep23_619,0.009243425913155079,0.0577768944203853,0.005006939,9.279425e-05,0.01681426167488098,0.006205537,0.6160829,0.0
immrep23_620,0.2824448049068451,0.071202851831913,0.0052011907,0.16174176,0.0381588414311409,0.011012802,0.1613782,0.5
immrep23_621,0.0004326174675952643,0.3337535560131073,0.023120672,0.10392328,0.014230189844965935,0.037392236,0.64822936,0.5
immrep23_622,0.02356475405395031,0.0015742629766464,0.9983733,0.15729523,0.0203530415892601,0.0040379358,0.6122068,0.5
immrep23_623,0.03253341466188431,0.0243450850248336,0.9996517,0.14366537,0.047663766890764236,0.16797131,0.2094429,0.2
immrep23_624,0.023097557947039604,0.7617452144622803,0.0038211346,0.031772345,0.049856770783662796,0.00070815266,0.27377507,0.5
immrep23_625,0.0012391561176627874,0.2763182520866394,0.13738003,0.06777954,0.0006432986119762063,0.002128033,0.60262394,0.5
immrep23_626,0.14471779763698578,0.0141955828294157,0.25151068,0.28243977,0.031093645840883255,0.022108665,0.33234614,0.5
immrep23_627,0.010722975246608257,0.041150938719511,0.99317086,0.00045339353,0.019390486180782318,0.027642546,0.6513565,0.0
immrep23_628,0.004631898365914822,0.5869258046150208,0.7141558,8.394791e-05,0.00013459869660437107,0.006762121,0.48972642,0.5
immrep23_629,0.001673141960054636,0.3358103334903717,0.061111808,0.042934537,0.021286124363541603,0.010039314,0.36607286,0.6
immrep23_630,0.009283389896154404,0.0001431373821105,0.032848954,7.024436e-05,0.00036436578375287354,9.1159665e-05,0.65439904,0.5
immrep23_631,0.02134644240140915,0.0161858759820461,0.9996619,0.29412174,0.017044030129909515,0.069854215,0.450301,0.2
immrep23_632,0.43675562739372253,0.0685530602931976,0.022924542,0.0006365155,2.890090945584234e-05,0.042935483,0.32111922,0.5
immrep23_633,0.012906991876661777,0.4259410500526428,0.0009784698,0.00018051532,0.0004613401251845062,1.5173667e-05,0.6130557,0.2
immrep23_634,0.010363700799643993,0.2954862713813782,0.12495047,0.017940342,0.028032202273607254,0.003108648,0.6543675,0.5
immrep23_635,0.0026910884771496058,0.1119292825460434,0.096806586,0.20985302,0.04905959963798523,0.022887707,0.36207163,0.2
immrep23_636,3.0870764931023587e-06,0.0275559872388839,0.9995806,0.9245464,2.9967382943141274e-05,0.16580044,0.54979515,0.4
immrep23_637,0.0020302576012909412,0.1723096817731857,0.03299716,0.15618648,0.019586430862545967,0.072773635,0.5572518,0.4
immrep23_638,0.07636445760726929,0.2846072018146515,8.2462044e-05,0.99923164,0.00011449014709796757,0.014617043,0.75044984,0.6
immrep23_639,0.06182822957634926,0.0895501151680946,0.99675477,0.09374544,0.0003894510446116328,0.16339257,0.7118648,0.5
immrep23_640,0.023526594042778015,0.039169043302536,0.9927528,0.000103395585,0.00029924922273494303,0.0027801434,0.57587516,0.5
immrep23_641,0.055067844688892365,0.0960270836949348,0.002267629,0.12532058,0.000996634247712791,0.008697629,0.49666828,0.5
immrep23_642,0.07135599851608276,0.5166224241256714,4.1032145e-06,0.17954887,0.014953981153666973,0.0675286,0.5372066,0.2
immrep23_643,0.03237137943506241,0.4928602278232574,0.98180217,8.190312e-05,0.019628942012786865,0.017708773,0.36896145,0.2
immrep23_644,0.0025594192557036877,0.0452940389513969,0.0036824048,0.1983632,0.025900976732373238,0.50159883,0.69566345,0.5
immrep23_645,0.07078208774328232,0.0368614569306373,1.0214132e-05,0.055370986,0.02171226032078266,0.07961146,0.5907858,0.4
immrep23_646,0.1629318743944168,0.5314449071884155,0.41878712,0.160252,0.037120308727025986,0.002887573,0.34799322,0.0
immrep23_647,0.1760214865207672,0.6083375215530396,0.9999822,0.7457117,0.0002698815369512886,7.599552e-06,0.6190625,0.5
immrep23_648,3.8042776395741384e-06,0.186728298664093,0.0036985874,0.19915591,0.02293986827135086,0.0008464036,0.40235668,0.4
immrep23_649,0.07665451616048813,0.0838856026530265,0.8792609,0.9804858,0.00023298875021282583,0.00067117036,0.6828911,0.0
immrep23_650,0.002534364815801382,0.3566444218158722,0.99950945,0.014732647,0.00018741872918326408,0.00013009383,0.7287893,0.5
immrep23_651,0.025029128417372704,0.0004498406196944,0.7948078,9.6063144e-05,0.13325795531272888,0.0009674237,0.8376602,0.0
immrep23_652,0.09234897047281265,0.0014460455859079,0.04251513,0.3171033,0.006020176224410534,0.12712455,0.4358153,0.5
immrep23_653,0.011084343306720257,0.2873686254024505,0.024766803,0.0004582791,6.729119195370004e-05,8.337748e-05,0.73847365,0.5
immrep23_654,0.006795046851038933,0.0494579076766967,0.4819044,0.1544283,0.01614861562848091,0.02064127,0.40835178,0.0
immrep23_655,0.34676745533943176,0.0001496108307037,0.00050869584,0.00017672587,0.0003935710701625794,0.0013723883,0.6035865,0.5
immrep23_656,2.6589036679069977e-06,0.7545072436332703,0.5204208,0.12168999,0.03890877962112427,0.0817391,0.51706505,0.5
immrep23_657,0.025965973734855652,0.0560721382498741,0.03335607,0.8602681,3.8073176256148145e-05,0.19674893,0.6558783,0.4
immrep23_658,0.2776188850402832,0.0171455200761556,0.003379941,0.01065165,3.209103306289762e-05,0.0016967115,0.58336544,0.5
immrep23_659,0.0567302405834198,0.0081347599625587,0.99997723,0.08025372,0.018037278205156326,0.013257397,0.23229262,0.5
immrep23_660,0.03408455848693848,0.00201635225676,0.00019854307,,0.08413410931825638,0.5432548,0.7925828,0.0
immrep23_661,0.0679188147187233,0.1176341474056243,0.9959826,0.08650892,0.12726545333862305,0.24041103,0.43210256,0.2
immrep23_662,0.005426551681011915,0.5691741108894348,0.45430222,0.00029473138,0.0001927321864059195,0.0006253196,0.5564752,0.5
immrep23_663,0.002702201483771205,0.3639066219329834,0.0056066215,0.0002642492,0.01355524268001318,0.0014969582,0.5509444,0.0
immrep23_664,0.13987140357494354,0.0090145608410239,0.0058515966,0.2902736,0.026034582406282425,0.0014813374,0.11995701,0.5
immrep23_665,0.12338991463184357,0.4892546832561493,0.5763179,0.20212181,0.02713298238813877,0.07983062,0.6853125,0.5
immrep23_666,0.07653632760047913,0.6705953478813171,2.2654453e-05,0.12773688,0.009808195754885674,0.00072270446,0.40038133,0.6
immrep23_667,0.11375966668128967,0.0100667094811797,0.03177297,0.23655868,0.0024648753460496664,0.034647312,0.44646677,0.2
immrep23_668,0.21030649542808533,0.0005580640863627,0.00020256639,0.026146378,0.07203081995248795,0.70070225,0.79415333,0.6
immrep23_669,0.007295332383364439,0.7084734439849854,0.0049615204,0.13407448,0.013807429932057858,0.31022197,0.47273538,0.5
immrep23_670,0.011652516201138496,0.1036314964294433,0.96037626,0.08171601,0.0078844353556633,0.049149815,0.2147183,0.5
immrep23_671,0.3551406264305115,0.0019354545511305,0.23664945,0.17470853,0.003656882792711258,0.010817673,0.6058655,0.5
immrep23_672,0.003040924435481429,0.1944267600774765,0.9937111,0.14014253,0.014204192906618118,0.024783837,0.39940554,0.5
immrep23_673,0.054409828037023544,0.619319498538971,0.0003465414,0.00044971317,0.00020918842346873134,0.0038683177,0.7391867,0.5
immrep23_674,0.025204205885529518,0.2636088132858276,0.99997276,9.642566e-05,0.00014572076906915754,1.832824e-05,0.72106874,0.2
immrep23_675,0.20053182542324066,0.1696462780237198,0.60001343,0.0012773494,0.00015054615505505353,0.086955875,0.2873521,0.2
immrep23_676,0.006517696660012007,0.2441041022539138,4.6443063e-05,0.2279121,0.046423714607954025,0.003942176,0.45250005,0.5
immrep23_677,0.05588611587882042,0.003168077673763,0.99998033,0.02668437,0.05580141395330429,0.0015998847,0.8550473,0.2
immrep23_678,0.04643242433667183,0.0002817196364048,0.9963015,0.0017306255,0.07462066411972046,0.0013074477,0.67104524,0.5
immrep23_679,0.00015969386731740087,0.6066598296165466,0.00012469292,0.112067044,0.000345293345162645,0.00056068006,0.26041856,0.2
immrep23_680,0.08829623460769653,0.1297167986631393,9.6776916e-05,0.17480494,0.04873849079012871,0.0033443812,0.59151804,0.4
immrep23_681,0.00028515883604995906,0.047203741967678,0.55282265,0.11984191,0.0003150281554553658,0.1071174,0.47173575,0.5
immrep23_682,0.005433056969195604,0.1412046104669571,7.819144e-05,0.15077274,0.000198460285901092,0.31281224,0.6207042,0.5
immrep23_683,0.14105063676834106,0.0379024669528007,0.025817364,0.05337683,0.0012790948385372758,0.2461186,0.8618157,0.5
immrep23_684,0.03151075914502144,0.0051253139972686,0.0014120638,0.0012234472,0.07786136120557785,0.14057104,0.18381953,0.2
immrep23_685,0.36984309554100037,0.6737930774688721,0.109208226,0.1382388,0.00031039767782203853,0.16497505,0.14954743,0.2
immrep23_686,0.00356192491017282,0.6179931163787842,0.0038159788,0.09751862,0.0007792213000357151,0.00071622414,0.2585352,0.5
immrep23_687,0.19299198687076569,0.0190059728920459,0.37947854,0.01278763,0.000891930831130594,0.08294049,0.87575614,0.0
immrep23_688,0.22809083759784698,0.054015077650547,0.00029730797,0.18229218,0.018140751868486404,0.017401101,0.14628002,0.5
immrep23_689,0.0013707026373595,0.0394313558936119,0.050884455,0.0005525696,0.013760136440396309,0.0044220774,0.64063704,0.0
immrep23_690,0.040185049176216125,0.0012428789632394,0.51527196,0.0016081631,0.02695198729634285,0.0005974268,0.84928584,0.5
immrep23_691,0.0010311297373846173,0.0105557367205619,8.125446e-05,0.16914931,0.0001550377783132717,0.12534611,0.6960965,0.5
immrep23_692,0.03194858133792877,0.103544645011425,,,0.0632249265909195,0.16584416,0.8396307,0.2
immrep23_693,0.2545011341571808,0.0735426917672157,0.0015145838,0.12172051,0.0009204184170812368,0.015372514,0.96641046,0.2
immrep23_694,0.02202559821307659,0.0030761419329792,0.03454721,0.0001585379,0.05432688444852829,0.00011171858,0.8009697,0.5
immrep23_695,0.015132008120417595,0.5693429708480835,4.8600574e-05,0.12769292,0.16119638085365295,0.033462573,0.76766574,0.5
immrep23_696,0.12866245210170746,0.0094784665852785,0.022936016,0.00037807965,0.0006917672581039369,0.034373082,0.8828083,0.5
immrep23_697,0.013922580517828465,0.594667375087738,0.001080364,0.0707137,0.00033201120095327497,0.005006307,0.6070559,0.5
immrep23_698,0.23918968439102173,0.0112563045695424,0.009155959,0.0013547239,0.04187358170747757,0.00012285907,0.5843321,0.0
immrep23_699,0.007175332400947809,0.1508085429668426,6.46553e-05,0.120256506,0.011581221595406532,0.012864754,0.5906217,0.5
immrep23_700,0.7635294795036316,0.2335193455219268,0.013434827,0.13524243,0.00556986965239048,0.5186255,0.28221327,0.5
immrep23_701,0.016458725556731224,0.3952999413013458,0.14247885,3.6098318e-05,0.00024318438954651356,0.00027604392,0.7414204,0.0
immrep23_702,0.00020353775471448898,0.1105179786682128,0.0018923879,0.14839746,0.013386216014623642,0.0005418489,0.6501825,0.5
immrep23_703,0.0025060256011784077,0.007638132199645,0.023948193,0.10520591,0.005638308823108673,0.25527862,0.030798258,0.0
immrep23_704,0.08185101300477982,0.0177143886685371,0.00012436509,0.2418721,0.0007263030274771154,0.35475606,0.1145049,0.5
immrep23_705,0.26756834983825684,0.0876769199967384,0.0016153157,0.0053470964,0.0002987532061524689,0.0005466518,0.46728846,0.5
immrep23_706,0.0010040891356766224,0.522336483001709,0.9985973,0.11345025,0.011618895456194878,0.14566223,0.44401848,0.5
immrep23_707,0.4705301523208618,0.2083755582571029,0.002910316,,0.00020007106650155038,0.0069898274,0.6586256,0.0
immrep23_708,8.788172999629751e-05,0.1129505783319473,0.02665177,0.17459022,0.018178489059209824,0.005636649,0.7018827,0.0
immrep23_709,0.031892936676740646,0.659734308719635,0.9996658,0.20751937,0.00032112502958625555,4.4904908e-05,0.66597456,0.5
immrep23_710,4.0636941776028834e-06,0.2361757159233093,0.0051104426,0.19834715,0.016818691045045853,0.072059,0.57316655,0.5
immrep23_711,0.0005333388689905405,0.3235427439212799,0.9961137,0.15667967,0.023591432720422745,0.001341846,0.28545824,0.5
immrep23_712,0.008859740570187569,0.4369768500328064,0.99997276,0.0927095,0.012827523052692413,0.0032928607,0.66970783,0.2
immrep23_713,8.09548218967393e-05,0.605353057384491,0.6102662,0.29770023,0.0001871348067652434,0.00020488555,0.6781509,0.5
immrep23_714,0.17968234419822693,0.6745346188545227,0.020433605,0.0001205257,0.00015337741933763027,0.11259,0.51679814,0.2
immrep23_715,0.009407656267285347,0.1351061016321182,0.0007021129,0.13256228,0.014143642038106918,0.0041552135,0.6407201,0.5
immrep23_716,0.015036414377391338,0.0005428766016848,7.467981e-06,0.0069177086,0.07042156159877777,0.001140632,0.8916174,0.2
immrep23_717,0.12518435716629028,0.0755118727684021,,,0.05709332972764969,0.5784995,0.85464144,0.6
immrep23_718,0.2128145843744278,0.0230474453419446,0.024999827,0.2343572,0.04578324034810066,0.010531426,0.22381616,0.5
immrep23_719,0.0009809961775317788,0.0363816134631633,0.98724043,0.043811284,0.02238081395626068,0.0852343,0.25105876,0.2
immrep23_720,1.2731038623314817e-05,0.0438117831945419,0.023488283,0.12460909,0.028195643797516823,0.010248075,0.63931274,0.0
immrep23_721,0.01569007895886898,0.0108812293037772,4.9969225e-05,0.05876594,0.05348924547433853,0.00011670882,0.8712475,0.5
immrep23_722,0.0029662649612873793,0.0899248719215393,0.44930115,0.16975644,0.0073518408462405205,0.02326345,0.17827757,0.4
immrep23_723,0.3383595943450928,0.3614093065261841,0.004273385,0.108755514,2.9663178793271072e-05,0.024734413,0.5268388,0.2
immrep23_724,0.6342312693595886,0.4632242619991302,0.051856637,6.210896e-05,0.00012034354585921392,0.0576972,0.5884954,0.0
immrep23_725,0.02876381203532219,0.0164677966386079,0.0003335774,0.2341804,0.0023720068857073784,0.53977025,0.5855763,0.0
immrep23_726,0.046774204820394516,0.0109779825434088,0.99693835,0.19561003,0.014035502448678017,0.015016695,0.37245843,0.5
immrep23_727,0.001237109419889748,0.4673732817173004,0.03363508,0.030547962,0.00024433506769128144,0.0005103893,0.6058723,0.5
immrep23_728,0.0016679078107699752,0.1110295876860618,0.009147048,0.02437781,0.1695774495601654,0.19033997,0.64311683,0.5
immrep23_729,0.001484026201069355,0.068223625421524,0.57057375,0.04186251,0.051948655396699905,0.111575186,0.51300335,0.5
immrep23_730,0.002428952604532242,0.7903364896774292,0.0009922385,8.814585e-05,0.00020030775340273976,5.356744e-05,0.6854775,0.2
immrep23_731,0.03768878057599068,0.0589236728847026,0.017467767,0.16669579,0.00023920219973661005,0.013598201,0.08410321,0.5
immrep23_732,0.0007022165227681398,0.0202460009604692,0.002303362,0.26430875,0.022248823195695877,0.0006459084,0.61049587,0.5
immrep23_733,0.0052551161497831345,0.0437506772577762,0.00014695525,0.12320814,0.01090894266963005,0.05298864,0.2627351,0.2
immrep23_734,0.07629808783531189,0.7601709365844727,0.9577259,0.09145293,0.035268113017082214,0.05968711,0.6200572,0.2
immrep23_735,0.010861222632229328,0.4607099294662475,0.012151718,0.10830156,0.00027901880093850195,0.020422118,0.05276581,0.2
immrep23_736,0.7485959529876709,0.0003988110402133,0.005931258,0.785816,0.002575748832896352,0.23457523,0.8941704,0.2
immrep23_737,0.029613178223371506,0.0001119565058615,0.074983716,0.10577164,0.0029812210705131292,0.14592378,0.403884,0.5
immrep23_738,0.060171209275722504,0.1801878958940506,0.16772524,0.07275629,0.014482029713690281,0.2949769,0.22897305,0.4
immrep23_739,0.042120978236198425,0.461334228515625,0.94936144,0.0010931959,0.03657853975892067,0.0023104534,0.39788428,0.2
immrep23_740,0.006775617133826017,0.0116847464814782,0.07651064,0.016158082,1.934279134729877e-05,0.0037790432,0.67128444,0.0
immrep23_741,0.06448978185653687,0.0100108860060572,0.0069765747,0.0017422985,0.017441276460886,0.050144464,0.49284515,0.5
immrep23_742,0.6050806045532227,0.0001945195108419,0.9687593,0.16309074,0.002678319811820984,0.08051673,0.90585953,0.5
immrep23_743,0.0028907929081469774,0.0119849368929862,0.06589115,0.0002794911,0.07710595428943634,0.00015259233,0.86809915,0.5
immrep23_744,0.0807175263762474,0.0008603184251114,0.029642731,0.0035698179,0.08348556607961655,0.00023870872,0.8346967,0.5
immrep23_745,0.03558027744293213,0.1956275850534439,0.00021064281,0.07218585,0.08594745397567749,0.0021380647,0.7378312,0.0
immrep23_746,0.03195255994796753,0.0155746443197131,1.0825572e-05,0.1718167,0.0026650161016732454,0.47494492,0.2850404,0.6
immrep23_747,0.0013476945459842682,0.0346743613481521,0.83801204,0.11101297,0.060350432991981506,7.6512515e-05,0.38991988,0.5
immrep23_748,0.018353179097175598,0.4886307716369629,0.0005828142,5.578763e-05,0.000192989653442055,8.351061e-05,0.6152125,0.4
immrep23_749,0.3409782350063324,0.0007185321883298,0.60379976,4.5351964e-05,0.0020668189972639084,0.39220414,0.89581245,0.4
immrep23_750,0.7139022350311279,0.3284785151481628,0.0001113081,0.05374203,0.008017596788704395,0.10745542,0.22387466,0.4
immrep23_751,0.05105075612664223,0.0007023079087957,0.7255244,0.1553964,0.023398103192448616,0.00016366637,0.12393006,0.5
immrep23_752,0.002945544896647334,0.0626844838261604,0.018603534,0.03248387,0.012079899199306965,0.014593752,0.3147438,0.5
immrep23_753,0.17733465135097504,0.0013757632113993,0.99783146,0.0002994624,0.17175839841365814,0.00040891967,0.7967893,0.5
immrep23_754,0.010367648676037788,0.083555206656456,0.00613302,5.837653e-05,0.005492943339049816,0.031644415,0.1643662,0.0
immrep23_755,0.3568607270717621,0.0130509929731488,3.403743e-05,0.13457307,0.0004690650093834847,0.058852807,0.16076249,0.5
immrep23_756,0.05853446573019028,0.5505302548408508,0.15821975,0.0047045406,0.00013484893133863807,1.6108197e-05,0.59472215,0.4
immrep23_757,0.6772836446762085,0.004519045818597,0.16781902,0.011068276,0.0011352812871336937,0.6863461,0.87759143,0.5
immrep23_758,0.04175584763288498,0.7242513298988342,0.47492304,0.23909724,0.04346629977226257,0.000526238,0.2898797,0.4
immrep23_759,0.16406188905239105,0.1503435522317886,0.560313,,0.00019226087897550315,0.051390667,0.6579892,0.2
immrep23_760,0.03685007989406586,0.6457358002662659,0.00047069788,0.79056984,0.00019623167463578284,5.6528595e-05,0.4840843,0.5
immrep23_761,0.020070990547537804,0.5471954345703125,0.00037914515,0.030856872,0.011690144427120686,0.0014243176,0.40133756,0.5
immrep23_762,0.07195574790239334,0.0180254615843296,0.9554159,0.00029878967,0.09271380305290222,0.00033829515,0.6630308,0.0
immrep23_763,0.005164537578821182,0.6281710267066956,0.24580404,0.0034328229,0.00020867047715000808,0.0012133394,0.6552431,0.0
immrep23_764,0.10960837453603745,0.1559172868728637,0.99981,0.13775015,0.01926884986460209,0.0027432928,0.12047313,0.2
immrep23_765,0.11586874723434448,0.6379366517066956,0.00067541003,0.0022379206,0.00020009682339150459,7.518623e-05,0.7272341,0.4
immrep23_766,0.05619824677705765,0.6721035838127136,0.99998033,0.9977152,0.020520661026239395,0.006893303,0.38301206,0.4
immrep23_767,0.024304043501615524,0.0003159488551318,0.000574708,1.0106503e-05,0.00023807500838302076,0.00021357187,0.60190415,0.0
immrep23_768,0.07328237593173981,0.0956272408366203,0.48861074,,0.00016814567788969725,0.0034922992,0.69582504,0.0
immrep23_769,0.00023075762146618217,0.1517095267772674,0.99745536,0.0004596825,0.0001480623468523845,0.00020477522,0.5864661,0.0
immrep23_770,0.007671005558222532,0.0028445443604141,0.014972806,0.065936625,0.03806019574403763,0.021578,0.49952328,0.5
immrep23_771,0.2448817640542984,0.0028078290633857,0.002814889,0.0013888233,0.0006935119163244963,0.32871413,0.87934357,0.5
immrep23_772,0.0061530303210020065,0.0631732568144798,0.0038802326,0.1365732,0.004826642107218504,0.0017703191,0.69305956,0.5
immrep23_773,0.02885804884135723,0.0524577721953392,0.026347399,0.24854311,0.00016750494251027703,0.020870302,0.20995864,0.5
immrep23_774,0.0014936627121642232,0.6062012314796448,0.003355354,0.0009973331,0.00014607468619942665,0.00032401393,0.76463723,0.5
immrep23_775,0.06036020442843437,0.0018011541105806,0.0013292432,0.070213035,0.007439794018864632,0.14125587,0.12700227,0.5
immrep23_776,4.934225944452919e-05,0.0129520483314991,0.27086502,0.058617465,0.01697966642677784,0.003348768,0.34638676,0.5
immrep23_777,0.011538826860487461,0.0545062124729156,0.00011693391,0.10350557,0.1534646898508072,0.0003392075,0.727073,0.0
immrep23_778,0.6143710613250732,0.0012658233754336,0.9992353,0.6527447,0.002966751577332616,0.2541907,0.8620842,0.2
immrep23_779,0.08102024346590042,0.5973326563835144,0.012164265,0.009451839,0.0001419958716724068,0.0004894163,0.73756564,0.5
immrep23_780,0.03451545163989067,0.0178440082818269,0.000182271,0.00019463815,0.014373254962265491,0.010544931,0.63155574,0.4
immrep23_781,0.0038750560488551855,0.4763680100440979,0.029961467,0.11541762,0.010713222436606884,0.050288633,0.7081653,0.5
immrep23_782,0.02623007260262966,0.0021697443444281,0.99998474,7.202044e-05,0.16851648688316345,0.0038007637,0.7294226,0.5
immrep23_783,0.025895996019244194,0.0135383363813161,0.00039857626,0.056816507,0.00018164864741265774,0.4679013,0.62354535,0.5
immrep23_784,0.21499809622764587,0.0073001133278012,0.9998838,0.13076533,0.001388165052048862,0.4204027,0.8009714,0.5
immrep23_785,0.0018271704902872443,0.1398869752883911,0.015829682,0.13454455,0.037475425750017166,0.34336486,0.6904733,0.2
immrep23_786,0.06396286189556122,0.2199160009622573,,,0.040450241416692734,0.028093558,0.6821892,0.4
immrep23_787,0.11265072971582413,0.0061827031895518,0.057085484,0.00095232076,0.0002771871513687074,0.017483214,0.5601048,0.5
immrep23_788,0.004625443834811449,0.0038548144511878,5.8224658e-05,0.15597837,0.021123062819242477,0.0023860512,0.43167362,0.5
immrep23_789,0.07860595732927322,0.0377336181700229,0.6789471,0.28616998,0.01879710517823696,0.11168914,0.44096416,0.0
immrep23_790,0.009634407237172127,0.7227240800857544,0.0025174618,0.0023922394,0.00012674537720158696,6.165619e-05,0.44188458,0.0
immrep23_791,0.0010837663430720568,0.5670894384384155,0.0036578178,0.39202568,0.030923279002308846,0.3395662,0.6204618,0.5
immrep23_792,0.006069194991141558,0.5504069328308105,0.5319218,0.24914515,0.025361178442835808,0.15360601,0.65709877,0.4
immrep23_793,0.0003191719588357955,0.0407945960760116,0.9812683,6.3928337e-06,0.011761469766497612,0.0068633133,0.39917132,0.0
immrep23_794,0.12588465213775635,0.3655630946159363,0.00012615323,0.31364647,0.005288788583129644,0.31933513,0.35935923,0.4
immrep23_795,0.1873222291469574,0.0004143601690884,0.11707273,0.20456643,0.0018795067444443703,0.054718245,0.79025024,0.2
immrep23_796,0.04787815734744072,0.0094603616744279,0.0021695495,6.4697e-05,0.06737271696329117,0.00088805164,0.58358556,0.5
immrep23_797,0.042049258947372437,0.2922316193580627,0.9994115,0.00024818105,0.00037736943340860307,0.00032977428,0.31485346,0.5
immrep23_798,0.04341709241271019,0.0165648628026247,0.0005624294,0.11109366,0.006931705866008997,0.020641023,0.55629116,0.0
immrep23_799,0.00405475776642561,0.1185029298067092,0.10999313,0.047474176,0.11699078232049942,0.0063412585,0.38201505,0.0
immrep23_800,0.08835752308368683,0.2627449333667755,0.049592674,0.13523053,2.510714875825215e-05,0.024295954,0.4767494,0.5
immrep23_801,0.049723587930202484,0.0009209965355694,0.0786317,9.1229806e-05,0.013079896569252014,0.00045961683,0.8920561,0.5
immrep23_802,0.000621250132098794,0.0713744014501571,0.0006029606,0.0001621113,0.01929040625691414,0.044656664,0.6231842,0.0
immrep23_803,0.03240742161870003,0.5151715278625488,0.00030845404,0.00090448884,0.00020043384574819356,0.0010800158,0.67808145,0.5
immrep23_804,0.0009164735092781484,0.1146080419421196,0.00038155913,7.2860246e-05,0.000376291194697842,0.021157583,0.08140149,0.0
immrep23_805,0.005537109915167093,0.0325424000620842,0.2958628,0.085690126,0.0003404609451536089,0.067891024,0.0720756,0.5
immrep23_806,0.14820262789726257,0.0686463713645935,0.11393356,0.64276963,0.062449198216199875,0.01733987,0.7456076,0.0
immrep23_807,0.005632698070257902,0.336113840341568,0.024088144,0.17323802,0.013167990371584892,0.0011320291,0.70608485,0.0
immrep23_808,0.012355607002973557,0.1375515758991241,0.0077058077,0.045501977,0.13638751208782196,0.0907468,0.1842424,0.2
immrep23_809,0.010475311428308487,0.0050559258088469,0.010944039,0.00011366503,0.011534998193383217,0.008872076,0.16851272,0.0
immrep23_810,0.000740182469598949,0.2470488548278808,0.32183272,0.3368964,0.00039332613232545555,0.109257735,0.22065246,0.5
immrep23_811,0.0006702284445054829,0.0098870322108268,0.025913954,0.23398826,0.03531284257769585,0.13092881,0.43523252,0.2
immrep23_812,0.0832357257604599,0.010575876571238,0.9749869,0.101389766,0.006294833961874247,0.014052919,0.17834902,0.5
immrep23_813,0.4695906639099121,0.00612832326442,0.0004928708,0.30925927,0.0011927105952054262,0.08666722,0.83505714,0.5
immrep23_814,0.014221910387277603,0.3378253877162933,0.99675477,0.06809304,0.012784578837454319,0.004497037,0.7042886,0.2
immrep23_815,0.0003301722463220358,0.0750609934329986,2.846015e-05,0.10187437,0.05867007002234459,0.34681934,0.315387,0.4
immrep23_816,0.11609990149736404,0.0538080558180809,0.0029932559,0.05346332,0.10608845204114914,0.024497392,0.5441104,0.2
immrep23_817,0.026447903364896774,0.656948983669281,0.07888311,0.0002839683,0.012957652099430561,0.00054907426,0.34158993,0.5
immrep23_818,0.14022251963615417,0.6175864338874817,0.20932361,0.13237132,0.0003402876900509,0.010128566,0.7394831,0.5
immrep23_819,0.15533536672592163,0.0023694871924817,0.00030198693,0.00039713347,0.0656503438949585,0.0030216502,0.2727601,0.0
immrep23_820,0.022256998345255852,0.5972769856452942,1.7186803e-05,0.0010080198,0.00011296183947706595,0.00028414276,0.61392367,0.5
immrep23_821,0.00015354058996308595,0.0252017378807067,0.93252146,0.0001340562,0.014016874134540558,0.01013221,0.46383047,0.0
immrep23_822,0.007211365271359682,0.1952245235443115,0.0004697144,0.15477276,0.014190797694027424,0.03802902,0.22359388,0.5
immrep23_823,0.0017510566394776106,0.3377915918827057,0.016541451,0.101927064,0.0001824956707423553,0.6021307,0.65865785,0.5
immrep23_824,0.0026932046748697758,0.002475096611306,0.9989672,0.09480813,0.00012894625251647085,0.0047650966,0.7076098,0.5
immrep23_825,0.0034718054812401533,0.3245422840118408,0.006247282,2.1017435e-05,0.013519596308469772,0.0006425976,0.35868955,0.0
immrep23_826,0.06481537222862244,0.0002965228341054,0.0006645322,8.3410145e-05,0.1950460970401764,0.0035270518,0.6495521,0.5
immrep23_827,0.3270680606365204,0.0014130325289443,0.00087463856,0.00052535464,0.004144447855651379,0.0719944,0.88371986,0.5
immrep23_828,0.14237572252750397,0.0024011654313653,0.0012236536,1.7438695e-05,0.00022266714950092137,0.00038473966,0.60299003,0.5
immrep23_829,6.85523118590936e-05,0.002961789490655,0.010099202,0.27013433,0.032693732529878616,0.37245768,0.47324756,0.5
immrep23_830,0.540568470954895,0.0046444949693977,0.9969624,0.013897966,0.0020019561052322388,0.56557983,0.8516354,0.2
immrep23_831,0.08720991760492325,0.1535919159650802,,,0.06427820771932602,0.0011873846,0.8107626,0.8
immrep23_832,0.007017009425908327,0.0990993306040763,0.005351931,0.8002466,0.06700550019741058,0.01319874,0.89605296,0.2
immrep23_833,1.7502841274108505e-06,0.0457534380257129,0.02758208,0.26685306,0.019491096958518028,0.05454841,0.6901423,0.2
immrep23_834,0.11984937638044357,0.0757622271776199,0.98895764,0.059731703,0.005349787883460522,0.10134087,0.26471397,0.5
immrep23_835,0.08460081368684769,0.023599486798048,0.5999611,0.022535406,0.05461052432656288,0.0033462767,0.6982562,0.2
immrep23_836,0.03295605629682541,0.0003354262153152,0.11304152,,0.0898662805557251,0.00025911894,0.85367453,0.5
immrep23_837,0.00251900521107018,0.0957176610827446,0.007431686,0.10285853,0.012743916362524033,0.10217689,0.24120332,0.2
immrep23_838,8.3695367720793e-06,0.0302634295076131,0.21675348,0.1132922,0.0003401822759769857,0.0457181,0.3565831,0.4
immrep23_839,0.0013558347709476948,0.0188946556299924,0.026145369,0.04050059,0.00042535123066045344,0.48108312,0.52289104,0.0
immrep23_840,0.0004234739753883332,0.3207570016384125,0.00016865134,0.13544834,0.019392771646380424,0.22805299,0.6343573,0.5
immrep23_841,0.0027538351714611053,0.3878138065338135,0.031878978,0.0973294,0.010302834212779999,0.008074749,0.17402966,0.2
immrep23_842,0.25349298119544983,0.6175786852836609,0.005409986,0.2052552,0.023134270682930946,0.09235923,0.6835588,0.4
immrep23_843,0.03188816457986832,0.0078495508059859,0.08928314,0.00014418643,0.010799339041113853,0.043764576,0.16193822,0.0
immrep23_844,5.356419752189368e-10,0.1907930821180343,0.06889433,0.17319709,0.00025491672568023205,0.05446251,0.15342164,0.5
immrep23_845,0.0009719955851323903,0.6152572631835938,0.040017575,0.13872996,0.0003291869070380926,0.006397741,0.4107961,0.4
immrep23_846,0.21173138916492462,0.0816512927412986,0.9784664,0.12516275,0.02274719998240471,0.13240904,0.47042608,0.5
immrep23_847,0.07996473461389542,0.3615058958530426,0.0009507537,0.12299627,0.016564475372433662,0.0065828706,0.25340068,0.5
immrep23_848,0.21389539539813995,0.207342267036438,0.0001228675,,0.00021051079966127872,0.00034190074,0.7171066,0.0
immrep23_849,0.06489280611276627,0.6721863746643066,0.0072016716,0.0016903722,0.021853486075997353,0.006232003,0.41669628,0.5
immrep23_850,1.0071146789414342e-05,0.5491745471954346,0.0824303,0.19053015,0.014155120588839054,0.08882704,0.6972692,0.4
immrep23_851,0.017708823084831238,0.0580667629837989,1.03954535e-05,0.31335512,0.00029317737789824605,0.09354733,0.070113,0.0
immrep23_852,0.20925550162792206,0.0561132095754146,0.004522383,0.007816301,4.49353210569825e-05,0.035890397,0.43597484,0.5
immrep23_853,0.020541412755846977,0.008155345916748,0.002498895,0.12211193,0.005083127412945032,0.1703628,0.039951384,0.0
immrep23_854,0.05310790240764618,0.1720850169658661,0.0029695332,0.09239359,0.009089089930057526,0.33815792,0.1929391,0.0
immrep23_855,0.0237605981528759,0.0027344443369656,0.007409364,0.01926018,0.098518967628479,0.00065473904,0.84043115,0.5
immrep23_856,0.00721820630133152,0.2382133305072784,0.00063452125,0.15900679,0.009832673706114292,0.01823214,0.109239474,0.2
immrep23_857,0.023658709600567818,0.0021421725396066,0.003702104,0.00023859306,0.06178657338023186,0.002486907,0.86533594,0.5
immrep23_858,0.024776743724942207,0.0175654254853725,5.8825433e-05,0.14963609,0.19392436742782593,0.027761986,0.43037885,0.5
immrep23_859,0.04861368238925934,0.6568685173988342,0.9201423,9.022808e-05,0.04191973805427551,0.0033657998,0.35768753,0.5
immrep23_860,0.0038894761819392443,0.0092711402103304,0.7948078,0.26759854,0.00032366905361413956,0.26154473,0.65770566,0.5
immrep23_861,0.0019116300391033292,0.2444751113653183,0.012248963,0.18655396,0.007948252372443676,0.039049406,0.28634834,0.2
immrep23_862,0.0006948115187697113,0.426411360502243,0.3431647,0.108363785,0.009748064912855625,0.00019996485,0.56241894,0.5
immrep23_863,0.00480085052549839,0.1360920220613479,0.001103282,0.19115077,0.024782592430710793,0.15015048,0.27667674,0.2
immrep23_864,0.007746189367026091,0.345172256231308,0.005791068,0.082452245,0.009579329751431942,0.0038375244,0.38396427,0.0
immrep23_865,0.10150069743394852,0.6000058650970459,0.5552643,0.00045464523,0.0007125186384655535,2.0506146e-05,0.60021615,0.5
immrep23_866,0.03387504443526268,0.6169343590736389,1.4251364e-05,0.0007671671,0.00022584403632208705,0.0002868188,0.67702264,0.5
immrep23_867,0.12675322592258453,0.0007459138287231,0.027064353,0.0008696032,0.10516650229692459,0.0012145963,0.5493819,0.2
immrep23_868,4.428200190886855e-05,0.0435441732406616,0.013180524,0.072350726,0.02042943798005581,0.5697169,0.46630403,0.5
immrep23_869,0.13838282227516174,0.0216237790882587,0.99985504,0.16791953,0.000992762972600758,0.0012252535,0.7803401,0.5
immrep23_870,0.06411229074001312,0.0135603630915284,0.0005684793,0.18808107,0.0050663105212152,0.64065987,0.28444824,0.2
immrep23_871,5.946691089775413e-05,0.7695801258087158,0.025889456,0.18626402,0.016489606350660324,0.00024985708,0.71414393,0.2
immrep23_872,0.1978817731142044,0.0554588250815868,0.20380819,4.1257805e-05,0.0003870412474498153,0.00042411816,0.6833931,0.0
immrep23_873,0.3695457875728607,0.026185093447566,0.7358642,0.1602979,0.01118601206690073,0.08512258,0.26155314,0.2
immrep23_874,0.00018015661044046283,0.7536477446556091,0.06948161,0.13136321,0.015557525679469109,0.020111058,0.28364217,0.5
immrep23_875,0.38625282049179077,0.0008472669869661,0.93750274,0.47745356,0.0013841907493770123,0.053733718,0.7898291,0.5
immrep23_876,0.04345111921429634,0.5578535795211792,0.80442107,0.22192149,0.021826082840561867,0.01120817,0.69425094,0.0
immrep23_877,0.04341743141412735,0.017508178949356,0.684652,0.15833439,0.016385601833462715,0.005025471,0.27461508,0.2
immrep23_878,0.04737206920981407,0.201308935880661,0.29383302,0.22149566,0.026723863556981087,0.01894902,0.32943982,0.2
immrep23_879,0.008352476172149181,0.8239377737045288,0.9999242,4.596606e-05,0.00016218818200286478,0.00144923,0.6985397,0.2
immrep23_880,0.01860288344323635,0.6789920926094055,0.9999795,0.0792896,0.00012354009959381074,0.0007461797,0.7292841,0.5
immrep23_881,0.0026445428375154734,0.0450838133692741,0.66742235,0.2212371,0.01746179722249508,0.0044031073,0.11554367,0.0
immrep23_882,0.058984819799661636,0.0010834581917151,0.005837977,0.005164826,0.00037498289020732045,0.02962431,0.63090587,0.2
immrep23_883,8.352805889444426e-05,0.0115167116746306,0.0028306842,0.0356415,0.024623572826385498,0.00074328517,0.38400972,0.5
immrep23_884,0.012165871448814869,0.0032934721093624,0.8567813,0.0018167138,0.0006501637399196625,0.1476111,0.9498166,0.0
immrep23_885,0.0944659560918808,0.0187727306038141,0.0049445927,0.21670571,0.00038041657535359263,0.08461804,0.1957189,0.4
immrep23_886,0.04393799602985382,0.0269025899469852,0.98928237,4.5915098e-05,0.00936146080493927,0.0029963509,0.21916744,0.0
immrep23_887,0.07431994378566742,0.0024965330958366,0.0001054429,0.06621465,0.0008222676115110517,0.0058445917,0.8930326,0.2
immrep23_888,0.0002832958416547626,0.1704473346471786,0.00045722723,0.20156357,0.02184632048010826,0.0055969087,0.48096728,0.5
immrep23_889,0.06612026691436768,0.0009116772562265,0.99998045,0.00010460407,0.11338113993406296,0.0005396846,0.7955173,0.5
immrep23_890,0.022109175100922585,0.0007572442409582,0.049227983,0.0002731635,0.0026888290885835886,0.007150639,0.7713274,0.0
immrep23_891,0.048212889581918716,0.4837319850921631,0.016541451,0.1837781,0.0002540813002269715,0.058414493,0.106371336,0.6
immrep23_892,0.12675338983535767,0.0094071133062243,0.000582397,0.002749595,0.00042509380728006363,0.0056312266,0.79412055,0.2
immrep23_893,0.0003210628929082304,0.0347479358315467,0.01870662,0.00072442053,0.014211692847311497,0.03877701,0.57305014,0.0
immrep23_894,0.03188816457986832,0.0083737829700112,0.0011879802,0.0005152105,0.010799339041113853,0.20899801,0.16193822,0.0
immrep23_895,0.0328308530151844,0.8171971440315247,0.0033210218,0.07170543,0.02181565947830677,0.06278872,0.40581948,0.4
immrep23_896,0.11422552168369293,0.6017654538154602,0.66336,0.036624797,3.261636811657809e-05,0.0018280257,0.58375156,0.4
immrep23_897,0.00813532155007124,0.0048169773072004,0.01275602,0.14040875,0.007103003095835447,0.014595967,0.24502142,0.5
immrep23_898,0.03608554229140282,0.0466976873576641,0.00041517615,0.00022115468,0.14046907424926758,0.03825204,0.4866529,0.0
immrep23_899,0.017758211120963097,0.5978467464447021,0.99677294,0.0012492666,0.00015273308963514864,7.067728e-06,0.6195332,0.5
immrep23_900,0.001241950667463243,0.54888916015625,0.9625678,0.12200396,0.024503709748387337,0.06959789,0.6575908,0.5
immrep23_901,0.04627108573913574,0.2764130234718323,0.0015358925,0.06482809,0.046393148601055145,0.0013284556,0.5617685,0.4
immrep23_902,0.8044961094856262,0.0612273402512073,0.9983733,0.07528112,0.0015884171007201076,0.24083777,0.90062076,0.2
immrep23_903,0.07764743268489838,0.3764883279800415,0.0014472008,0.20861647,0.00040654634358361363,0.0064325477,0.3420595,0.5
immrep23_904,0.009529567323625088,0.0009934991830959,6.6509805e-05,0.13481219,0.10893280804157257,0.008185115,0.7564434,0.6
immrep23_905,0.01265819650143385,0.0020479331724345,9.1745635e-05,0.07331292,0.019694887101650238,0.0044328747,0.88368195,0.5
immrep23_906,0.4307834804058075,0.6279903650283813,0.002267629,0.2388109,0.0150979058817029,0.0002848966,0.6259916,0.0
immrep23_907,0.049346938729286194,0.0113861160352826,0.9998062,,0.06952325254678726,0.0021642838,0.881623,0.0
immrep23_908,0.029125835746526718,0.0038993319030851,0.3082217,0.21376085,0.0008234198903664947,0.07827141,0.20242342,0.5
immrep23_909,0.00435331417247653,0.08371152728796,0.0021965504,0.042148184,0.0612255297601223,0.1833066,0.24117766,0.4
immrep23_910,0.09308239817619324,0.1314413994550705,0.0019835532,0.16627419,0.0019596030469983816,0.011950214,0.46031606,0.5
immrep23_911,0.10951701551675797,0.5164262652397156,0.15797898,0.007602441,2.2396488930098712e-05,0.054405574,0.70615065,0.5
immrep23_912,0.01752684824168682,0.0051357015036046,3.8043196e-05,0.2341425,0.01600421965122223,0.0039709327,0.43361348,0.5
immrep23_913,0.00193802232388407,0.0524983666837215,0.003514737,0.009525994,0.013376723974943161,0.07998396,0.57622874,0.5
immrep23_914,0.030682502314448357,0.0240568928420543,0.00038221478,0.12689444,0.01696973666548729,0.15368934,0.28469586,0.5
immrep23_915,0.002230800921097398,0.648987889289856,6.6087196e-05,0.2598915,0.012878105975687504,0.083928965,0.6258278,0.5
immrep23_916,6.9920461100991815e-06,6.574751751031727e-06,0.0073179305,9.2732975e-05,0.1013963520526886,8.857735e-05,0.8422184,0.5
immrep23_917,0.1279497891664505,0.1394129991531372,0.0013445616,0.1782562,0.03325619921088219,0.011162973,0.40846047,0.0
immrep23_918,0.04633120074868202,0.0063201957382261,0.13866675,0.2827616,0.027793806046247482,0.035801478,0.54137033,0.6
immrep23_919,1.1851961190245675e-08,0.505820095539093,0.693806,0.1823349,0.028934478759765625,0.024240794,0.6603104,0.5
immrep23_920,0.0723729133605957,0.0014173573581501,,7.373453e-05,0.0690150111913681,0.0026301462,0.8593074,0.5
immrep23_921,0.009049815125763416,0.3234459161758423,0.0001087281,0.1807088,0.00022258309763856232,0.042392347,0.5236794,0.4
immrep23_922,0.11105001717805862,0.3602180480957031,0.001457423,0.22275579,0.023579344153404236,0.013761289,0.45676756,0.5
immrep23_923,0.1818474680185318,0.0035062413662672,0.037112594,0.00021994195,0.0002757479960564524,0.0043007066,0.5826176,0.5
immrep23_924,0.11488015949726105,0.0803472995758056,0.01625517,0.012292663,2.7408157620811835e-05,0.2861396,0.6410136,0.2
immrep23_925,2.5293113026236824e-07,0.5634171366691589,6.7901456e-05,0.17326827,0.017310556024312973,0.020004643,0.63023835,0.5
immrep23_926,1.2489874279708602e-05,0.1577539443969726,0.012610614,0.26022804,0.00023861949739512056,0.23993735,0.2098753,0.2
immrep23_927,0.01554284431040287,0.6877026557922363,0.8314085,3.5742785e-05,0.00021353828196879476,0.0005647003,0.49466828,0.5
immrep23_928,0.27864471077919006,0.0604187287390232,0.80970967,0.20190401,0.0009355172514915466,0.11877842,0.9173306,0.5
immrep23_929,0.06784502416849136,0.2846139967441559,0.0016589761,0.15908286,0.009392714127898216,0.09860743,0.2952136,0.5
immrep23_930,0.03356558457016945,0.0577509179711341,0.00043296814,0.13471514,0.0006239521317183971,0.024372907,0.13366827,0.0
immrep23_931,0.04947419464588165,0.7244990468025208,0.9997975,0.01148289,0.024054214358329773,0.0002175936,0.5065987,0.5
immrep23_932,0.007616898510605097,0.107472114264965,6.50636e-05,0.0003828025,0.012912672944366932,0.0012451813,0.7377796,0.0
immrep23_933,0.07090223580598831,0.5682663321495056,0.72837937,0.0026085626,0.0002088315086439252,1.4147123e-05,0.68695605,0.5
immrep23_934,0.14811351895332336,0.0014062544796615,0.21247306,0.9980897,0.0007206920417957008,0.05585542,0.8671064,0.5
immrep23_935,0.0021087103523314,0.0006096668657846,0.8115686,0.15553887,0.013956202194094658,0.002926754,0.25245187,0.5
immrep23_936,0.1579497754573822,0.0187957752496004,0.3764932,0.22339794,0.026224469766020775,0.6202197,0.20490521,0.4
immrep23_937,2.9230781365185976e-05,0.173627108335495,0.8480953,0.045125537,0.040121544152498245,0.2125933,0.6226355,0.5
immrep23_938,0.004840564914047718,0.5675876140594482,0.37541854,0.03288858,0.020284172147512436,0.04171088,0.103323616,0.5
immrep23_939,0.04794486612081528,0.0010032658465206,0.01341483,0.03413878,0.009003445506095886,0.35897738,0.6349535,0.0
immrep23_940,0.008084146305918694,0.2334306836128235,0.040021777,0.22687647,0.043907325714826584,0.0008747223,0.2564643,0.5
immrep23_941,0.06976506114006042,9.408863115822896e-05,0.00018960238,0.18686844,0.010476186871528625,0.113433145,0.6095394,0.5
immrep23_942,0.08386442065238953,0.2037080079317093,0.76827097,0.22070101,0.03805466368794441,0.07594753,0.36024356,0.5
immrep23_943,0.0676959902048111,0.0005768332630395,0.001568228,0.0017469596,0.08932775259017944,0.009288074,0.7312883,0.0
immrep23_944,3.4433855034876615e-05,0.0027855357620865,0.02907303,0.090221345,0.03299201652407646,0.0026909271,0.28841692,0.5
immrep23_945,0.0016579735092818737,0.2772025763988495,0.072650254,0.03341625,0.017020920291543007,0.060704034,0.50950056,0.2
immrep23_946,0.00012110053648939356,0.4214829802513122,0.9994949,0.13409975,0.016850505024194717,0.01120489,0.64133996,0.4
immrep23_947,0.3082394599914551,0.2250600457191467,0.00022262335,0.3072111,2.2244104911806062e-05,0.015644046,0.70687175,0.0
immrep23_948,7.054408342810348e-05,0.1180358529090881,0.012555242,0.10351684,0.035321421921253204,0.10389189,0.55256915,0.5
immrep23_949,0.0006279683439061046,0.0852105021476745,0.0007967651,0.21693222,0.024387428537011147,0.3130289,0.22811414,0.5
immrep23_950,5.4173297030502e-06,0.6149855256080627,0.99811375,0.11704342,0.01674981415271759,0.7493301,0.66136783,0.5
immrep23_951,0.04139194265007973,0.7944770455360413,7.888366e-05,0.14389992,0.028286568820476532,0.030489206,0.444099,0.5
immrep23_952,0.018516583368182182,0.064465083181858,0.26859128,0.30522287,0.0067358240485191345,0.32743362,0.06628584,0.5
immrep23_953,0.0012754889903590083,0.5432004332542419,0.0014973581,0.21456519,0.01723785698413849,0.025687218,0.5229228,0.5
immrep23_954,0.313324511051178,0.3060965240001678,0.9996593,0.23763533,0.039470016956329346,0.00468654,0.15814683,0.5
immrep23_955,0.042177241295576096,0.0954068377614021,0.0005157888,0.22031423,0.02002609893679619,0.008050179,0.1837474,0.2
immrep23_956,0.007635063957422972,0.6199069619178772,0.0022705793,0.99947226,0.00014050288882572204,0.0074021765,0.50457823,0.5
immrep23_957,0.28695011138916016,0.005990560632199,,0.06541058,0.001068787183612585,0.07471823,,0.5
immrep23_958,0.004487900994718075,0.4043020904064178,0.33479583,0.005238035,0.009495511651039124,0.00824048,0.6889263,0.0
immrep23_959,0.00020992133067920804,0.3287143409252167,0.18824086,0.023267288,0.014415543526411057,5.9268197e-05,0.58276194,0.5
immrep23_960,0.013974463567137718,0.6130084991455078,0.0044734776,0.0010309215,0.00012501845776569098,0.00028876745,0.5178233,0.0
immrep23_961,8.618488209322095e-05,0.2510189414024353,0.024868041,0.074733056,0.008508916944265366,5.713314e-05,0.71434116,0.5
immrep23_962,0.0008968632319010794,0.6194879412651062,0.015752703,,0.0001580956159159541,0.00030857007,0.39365172,0.2
immrep23_963,0.15951474010944366,0.0195558313280344,0.007848263,0.00016693599,0.044241394847631454,0.011788904,0.6092942,0.0
immrep23_964,0.21389539539813995,0.1236322745680809,5.086782e-05,,0.00021051079966127872,0.001607231,0.7171066,0.0
immrep23_965,0.06255567818880081,0.0233035609126091,0.0021585822,6.377387e-05,0.10397379100322723,0.0024537633,0.8469137,0.2
immrep23_966,0.05115446075797081,0.8322452902793884,0.25230697,0.000116232375,0.00013320187281351537,6.195595e-05,0.62720823,0.2
immrep23_967,0.014046248979866505,0.0115157458931207,0.032704055,0.00062884786,0.016663657501339912,0.00081775984,0.57833815,0.0
immrep23_968,0.017427094280719757,0.0101411277428269,0.0182603,0.07028101,0.025271238759160042,0.021278104,0.70936686,0.0
immrep23_969,0.036526259034872055,0.0029389872215688,0.0066395104,0.00013909713,0.09740889072418213,0.0006970482,0.86721677,0.2
immrep23_970,0.05475691705942154,0.3891485631465912,0.0034237504,0.037231106,0.00016569462604820728,0.00012345954,0.64483845,0.5
immrep23_971,0.06820759177207947,0.0053522903472185,0.22727418,0.24747832,0.0015385719016194344,0.42012075,0.8741721,0.5
immrep23_972,0.049868639558553696,0.0004809698148164,0.0018018186,4.707469e-05,0.05891978740692139,0.0007486716,0.82883966,0.2
immrep23_973,0.05296976491808891,0.4951648712158203,,,0.05648741498589516,0.99674785,0.7341989,0.0
immrep23_974,6.232439773157239e-07,0.7170892953872681,0.06448552,0.16245744,0.009818644262850285,0.0006427869,0.44110307,0.5
immrep23_975,0.005000421777367592,0.4579932391643524,0.013273627,0.10343977,0.0003636613255366683,0.031155841,0.28081724,0.2
immrep23_976,0.12299779802560806,0.030267434194684,5.2301766e-05,0.21502164,0.02651500515639782,0.002033159,0.46628478,0.5
immrep23_977,0.0703393891453743,0.1853827983140945,5.9349146e-05,0.18219963,0.020835675299167633,0.013812048,0.67083484,0.5
immrep23_978,1.9481111834807052e-08,0.1880142241716385,0.009290397,0.095578894,0.035598427057266235,0.038904574,0.28712234,0.2
immrep23_979,0.00026261937455274165,0.0470511019229888,1.6057566e-05,0.04560431,0.0003897720016539097,0.08472425,0.5466613,0.4
immrep23_980,0.0025713411159813404,0.0265007074922323,0.97598577,0.12798026,0.017516769468784332,0.025731897,0.675107,0.0
immrep23_981,0.13613736629486084,0.4238270223140716,,,0.05764556676149368,0.91888523,,0.6
immrep23_982,0.21512936055660248,0.2357042282819748,0.34603688,0.08013269,0.0315437950193882,0.034957133,0.18364789,0.0
immrep23_983,0.10490530729293823,0.2806558012962341,0.502899,0.0008249929,0.010853519663214684,0.012323767,0.46866578,0.5
immrep23_984,0.003052751999348402,0.0007829525857232,0.0026926994,0.00062874565,0.1473645716905594,0.00038609965,0.7519047,0.2
immrep23_985,0.007890095002949238,0.6570757627487183,0.022055447,0.00032857497,0.0003765368601307273,0.000851042,0.43182805,0.5
immrep23_986,0.02517920546233654,0.029765224084258,0.0010381639,0.00010072654,0.02084045670926571,0.007603639,0.11969722,0.0
immrep23_987,0.05037466064095497,0.0148002924397587,0.99500597,0.00039363574,0.06756997108459473,0.0013428209,0.8741876,0.0
immrep23_988,0.002035017590969801,0.0337539911270141,0.9923544,0.00014401798,0.008090510964393616,0.021321349,0.5144759,0.0
immrep23_989,0.021580873057246208,0.0907003432512283,0.999985,0.17092882,0.009543457068502903,0.001932649,0.6036444,0.0
immrep23_990,0.05388554185628891,0.002577381208539,0.72549844,0.0675516,0.004981376230716705,0.030366806,0.7248099,0.0
immrep23_991,0.0002187059581046924,0.0815897658467292,0.15333617,0.10558981,0.03259320184588432,0.045403022,0.6301212,0.2
immrep23_992,0.060120172798633575,0.2604712247848511,0.007987976,0.00016344358,0.00027584107010625303,0.001115867,0.59031487,0.5
immrep23_993,0.1234423965215683,0.0063984198495745,0.0011124313,0.00010206731,0.012376316823065281,0.024183733,0.59070385,0.5
immrep23_994,0.0059310211800038815,0.4323605000972748,0.0008673668,0.08611021,0.010488304309546947,0.0035668141,0.41978168,0.4
immrep23_995,0.04478945955634117,0.0135196531191468,0.6136714,0.02180807,0.00019142126257065684,0.327131,0.28882134,0.5
immrep23_996,0.13198783993721008,0.4949021935462951,0.046516538,0.47225714,0.0014043347910046577,0.005136747,0.9455404,0.5
immrep23_997,0.6002430319786072,0.5842772126197815,0.03771326,0.12696727,0.024975309148430824,0.0045843185,0.684679,0.0
immrep23_998,0.07842369377613068,0.0042502298019826,0.0027496219,0.25998026,0.033313021063804626,0.010890476,0.11848159,0.2
immrep23_999,5.847391548741143e-06,0.214368537068367,0.1475484,0.10120098,0.021626651287078857,0.39421996,0.6832776,0.5
immrep23_1000,0.06466490775346756,0.0081246932968497,0.00013163686,7.4521646e-05,0.16063688695430756,0.00024893376,0.2182112,0.2
immrep23_1001,0.004286854062229395,0.4899821877479553,0.99484676,0.99990475,0.02911466360092163,0.020448307,0.3391942,0.4
immrep23_1002,0.16594964265823364,0.000833859317936,,,0.0008148339693434536,0.08713573,0.8455688,0.0
immrep23_1003,0.2154010534286499,0.000906916509848,0.01658824,0.19875336,6.947253132238984e-05,0.068564765,0.6788695,0.5
immrep23_1004,0.41702762246131897,0.4526944458484649,0.00016307831,0.0006825224,0.00011404014367144555,0.0021222187,0.47786286,0.4
immrep23_1005,0.000740606861654669,0.2183935940265655,0.034855872,0.080287956,0.000433326349593699,0.0012709002,0.3082137,0.5
immrep23_1006,0.00017309183022007346,0.0001070030994014,0.002048403,0.12121743,0.0002515098312869668,0.007517999,0.73462945,0.5
immrep23_1007,3.973361890530214e-05,0.156559944152832,0.9923544,0.06401818,0.02455277368426323,0.0057676737,0.30070382,0.5
immrep23_1008,0.03770378604531288,0.0499054715037345,0.0035261214,0.00062930986,0.06099088490009308,0.00030366512,0.86239827,0.5
immrep23_1009,0.0531449168920517,0.799079954624176,0.34906623,0.13767864,0.012887268327176571,0.06641645,0.41547456,0.2
immrep23_1010,0.0008122091530822217,0.1365592181682586,0.29677337,0.17820697,0.018045952543616295,0.03990674,0.57264054,0.5
immrep23_1011,0.43554919958114624,0.0372521243989467,8.930476e-05,0.2689759,0.012010042555630207,0.04124159,0.6763414,0.5
immrep23_1012,0.01563054881989956,0.4441477656364441,0.0021162927,0.0018880346,0.000512275961227715,0.00011494268,0.66550875,0.5
immrep23_1013,0.016459155827760696,0.1905573457479477,0.7516667,0.16963941,0.01667553000152111,0.2732852,0.22226515,0.5
immrep23_1014,0.12787631154060364,0.0012508919462561,0.019579232,0.02748771,0.0002142390003427863,0.028662518,0.28897744,0.5
immrep23_1015,0.2037849724292755,0.0019995977636426,0.00555259,0.00010053157,0.0006596617749892175,0.0007286727,0.68222415,0.5
immrep23_1016,0.15361930429935455,0.3130652010440826,0.00025960803,4.9150414e-05,0.00043876937706954777,0.00021765189,0.63881165,0.5
immrep23_1017,0.19765537977218628,0.0088410265743732,0.70467454,0.045360737,0.05917203426361084,0.0011543026,0.76211536,0.0
immrep23_1018,0.0003635672037489712,0.3043416142463684,0.0212183,0.103581056,0.028019003570079803,0.12031083,0.62144923,0.5
immrep23_1019,0.005818632896989584,0.2313121259212494,0.011285961,0.29452863,0.013704151846468449,0.0001564635,0.6325593,0.2
immrep23_1020,2.5973647552746115e-06,0.0857745632529258,0.0021889806,0.11689897,0.008633449673652649,0.3818998,0.32728365,0.0
immrep23_1021,0.22811837494373322,0.1769467145204544,0.9992609,0.2601626,0.016861118376255035,0.03343674,0.18648191,0.5
immrep23_1022,0.00883471965789795,0.905525803565979,6.7014e-05,0.0004657916,0.18212959170341492,0.21829064,0.35578454,0.0
immrep23_1023,0.1039276272058487,0.1207174882292747,0.052963406,0.99987906,0.07368014007806778,0.05465988,0.6413667,0.2
immrep23_1024,0.0032237956766039133,0.2986928820610046,0.11348301,0.23607567,0.021757835522294044,0.06664886,0.6709721,0.5
immrep23_1025,0.05367041006684303,0.1154332756996154,0.000446707,0.080744006,0.07726159691810608,0.064046174,0.5581555,0.2
immrep23_1026,0.10320781171321869,0.0059772869572043,0.0003529787,0.18198586,0.007461731322109699,0.08559629,0.26370782,0.5
immrep23_1027,0.0003191722498741001,0.0112489303573966,0.115062565,7.0889787e-06,0.011761469766497612,0.0012472741,0.39917132,0.0
immrep23_1028,0.0034806113690137863,0.017601866275072,0.020103842,0.034956284,0.047785233706235886,0.0087981,0.5979059,0.5
immrep23_1029,0.0007191343465819955,0.0114766219630837,0.649132,0.12904172,0.00044482009252533317,0.19796954,0.1335567,0.0
immrep23_1030,0.018499644473195076,0.0651603639125824,0.0034875572,0.0011880256,0.11193691939115524,0.00047863502,0.771297,0.5
immrep23_1031,0.16293910145759583,0.0709662809967994,0.00028821826,0.29416388,0.012562228366732597,0.0069367294,0.39000598,0.5
immrep23_1032,0.0023963158018887043,0.0475481748580932,0.010787964,0.15979332,0.05518440529704094,0.03207954,0.6832754,0.2
immrep23_1033,0.013044741936028004,0.3880153596401214,0.0015843213,0.2727484,0.028926333412528038,0.0718488,0.6397861,0.5
immrep23_1034,0.04306604340672493,0.0587356388568878,,,0.07238299399614334,0.6287768,0.8744538,0.2
immrep23_1035,1.0613937774905935e-05,0.1089981794357299,0.33170736,0.13851804,0.024122148752212524,0.00038018837,0.477055,0.5
immrep23_1036,0.042930085211992264,0.006085863802582,0.9870648,0.00017069635,0.10162877291440964,0.0006434893,0.861986,0.5
immrep23_1037,0.14513342082500458,0.1935001164674759,0.00040841103,0.09364344,0.010081022046506405,0.09011563,0.49169225,0.5
immrep23_1038,0.3008883595466614,0.0260762590914964,0.00044485927,0.00012437908,0.0009048079373314977,0.08112591,0.87052125,0.0
immrep23_1039,0.009761408902704716,0.638632595539093,0.5445151,0.009318447,0.011008840054273605,0.0011186033,0.24490224,0.2
immrep23_1040,0.0018392796628177166,0.4214324057102203,0.53829396,0.13822798,0.0002999315911438316,0.06416682,0.5972611,0.5
immrep23_1041,0.08810953795909882,0.6295711398124695,0.008984178,,0.00038327716174535453,0.0044441815,0.7125968,0.4
immrep23_1042,0.35813769698143005,0.2406503409147262,9.857778e-05,0.13414623,0.008398633450269699,0.0602378,0.1698353,0.5
immrep23_1043,0.1266385167837143,0.4474847018718719,0.03256321,3.6000947e-05,0.057284511625766754,0.0003319957,0.6368958,0.5
immrep23_1044,0.0006602230714634061,0.3945420086383819,0.00017538667,0.107849,0.03436277061700821,0.002891487,0.61019754,0.5
immrep23_1045,0.2177600860595703,0.0387345701456069,0.01136452,0.23233506,0.06094689667224884,0.0016071314,0.52571565,0.0
immrep23_1046,0.4850332736968994,0.0731970146298408,0.052169204,0.2761902,0.012273957952857018,0.036274265,0.5893158,0.5
immrep23_1047,5.460567263071425e-05,0.2700598835945129,0.002245903,0.20719382,0.03146977722644806,0.0018796794,0.5305823,0.5
immrep23_1048,0.13354557752609253,0.0008465414866805,0.040021777,0.0205701,0.01108640804886818,0.16911308,0.4830984,0.5
immrep23_1049,0.3444638252258301,0.0709938555955886,0.13765562,0.06282516,0.0007129699806682765,0.005547896,0.8067251,0.4
immrep23_1050,0.01583985984325409,0.7875046133995056,0.00012499094,,0.00016038378817029297,0.0015850019,0.6332617,0.5
immrep23_1051,0.022347137331962585,0.0714874565601348,0.0002694726,,0.09166653454303741,0.07905983,0.860266,0.0
immrep23_1052,0.19203178584575653,0.002383025130257,8.241534e-05,0.14753914,0.0010688911424949765,0.24466212,0.8798448,0.2
immrep23_1053,0.4945234954357147,0.6783014535903931,0.00043141842,0.0008495731,0.00017271855904255062,0.0007115734,0.6171969,0.2
immrep23_1054,0.04283325746655464,0.3382702469825744,0.009248197,0.2910871,0.012696189805865288,0.003447003,0.64519846,0.2
immrep23_1055,0.002318635582923889,0.097126118838787,0.00582847,0.95296013,3.254441253375262e-05,0.011534613,0.36551952,0.2
immrep23_1056,0.4578816592693329,0.0206484422087669,0.0008556247,0.002267503,0.0004629657487384975,0.008892015,0.7434411,0.6
immrep23_1057,0.004647990223020315,0.0316223688423633,0.008739501,0.22868784,0.05353231355547905,0.04861024,0.43870604,0.0
immrep23_1058,0.3404712378978729,0.0917625427246093,0.0017534792,0.049836814,6.348966417135671e-05,0.3119425,0.71709764,0.4
immrep23_1059,0.07504727691411972,0.0008991701179184,0.00043296814,0.42883843,0.0010378911392763257,0.04273118,0.6684241,0.5
immrep23_1060,0.4274691343307495,0.7390534281730652,0.00010487787,0.0011238588,0.000154019333422184,0.14767717,0.57731855,0.2
immrep23_1061,0.0020087058655917645,0.0556632541120052,0.03093478,0.2320507,0.028399217873811722,0.32500255,0.69555205,0.5
immrep23_1062,0.0006804405129514635,0.0034464870113879,0.019170046,0.11526781,0.02141755260527134,0.4764647,0.17001426,0.5
immrep23_1063,0.08133652806282043,0.0099504450336098,0.14356112,0.10100047,5.7997451222036034e-05,0.027908511,0.38822204,0.4
immrep23_1064,6.121632031863555e-05,0.3599713444709778,0.030142158,0.38517457,0.011257105506956577,0.24831967,0.5582058,0.0
immrep23_1065,0.35198548436164856,0.0025520750787109,0.0012676418,,0.001627529738470912,0.001726367,0.9071381,0.5
immrep23_1066,0.1867368519306183,0.0239924285560846,0.018060893,0.23293142,0.029100758954882622,0.0035480103,0.6809486,0.0
immrep23_1067,0.09353312849998474,0.0031894207932054,0.00014299154,0.013692359,0.07591117918491364,0.00021287415,0.60925245,0.2
immrep23_1068,0.021126020699739456,0.23040372133255,0.0037402213,0.28439707,0.011672362685203552,0.0057995263,0.64354825,0.6
immrep23_1069,0.34392455220222473,0.0147158037871122,,,0.0001801973266992718,0.008159423,0.74464166,0.0
immrep23_1070,0.0012805606238543987,0.260017067193985,0.9253721,3.7230777e-05,8.884813723852858e-05,0.0057078744,0.57840174,0.5
immrep23_1071,0.24351370334625244,0.1794799119234085,3.4246208e-05,0.006257102,0.0012075640261173248,0.4947556,0.890235,0.2
immrep23_1072,0.0006616334430873394,0.1059167459607124,0.0013263822,0.051004678,0.00457012327387929,0.031091278,0.412712,0.5
immrep23_1073,0.0013887070817872882,0.1823483854532241,0.91630185,0.13375919,0.00021574937272816896,0.47449046,0.11622573,0.5
immrep23_1074,0.0006240392103791237,0.4439062476158142,0.4333352,0.2349519,0.018263086676597595,0.040646657,0.7188356,0.5
immrep23_1075,5.793134505438502e-08,0.3050776422023773,0.99999374,0.18261378,0.0182020366191864,0.0049513467,0.5030883,0.5
immrep23_1076,8.88825707079377e-06,0.4509756565093994,0.0016794801,0.27360043,0.030611876398324966,0.15054843,0.6801067,0.5
immrep23_1077,0.00552717037498951,0.0064942785538733,0.0151456,0.24744663,0.022351976484060287,0.00010138929,0.20983392,0.5
immrep23_1078,0.05000311881303787,0.0422565825283527,0.02432391,0.0004805638,0.11996044963598251,0.00041480374,0.7965293,0.5
immrep23_1079,0.07926718890666962,0.0009411321370862,0.14316618,0.08426279,0.04320062696933746,0.005263181,0.88663614,0.4
immrep23_1080,0.000880537845660001,0.1013051494956016,0.0018258691,0.1919581,0.006935862358659506,0.093120165,0.6797559,0.2
immrep23_1081,0.07247062772512436,0.0009224789682775,4.8683796e-05,0.0029253762,0.06198321655392647,0.14682801,0.8634893,0.5
immrep23_1082,0.04782553389668465,0.2210493236780166,0.2679174,0.23404415,0.006692489143460989,0.12574697,0.5361819,0.2
immrep23_1083,0.0006702284445054829,0.0114762112498283,6.076871e-06,0.22929451,0.03531284257769585,0.00022221543,0.43523252,0.2
immrep23_1084,0.10896530002355576,0.0033516401890665,0.011418343,0.39178276,0.006520701106637716,0.4714933,0.28244257,0.2
immrep23_1085,0.15963171422481537,0.0074134487658739,3.5693858e-05,0.19189201,0.1544397622346878,0.26541808,0.19545723,0.5
immrep23_1086,0.026333948597311974,0.5795443654060364,0.99574757,0.013733034,0.00022723460278939456,6.0310605e-05,0.7539806,0.5
immrep23_1087,0.03987913951277733,0.6430920958518982,0.99961245,0.00015965886,0.00031447544461116195,0.0013260664,0.754977,0.5
immrep23_1088,0.01773950643837452,0.0016789904329925,0.29437256,0.19247703,0.198649600148201,0.004527413,0.29225785,0.4
immrep23_1089,0.0031496062874794006,0.4597833752632141,0.00039586425,0.110686146,0.013073842041194439,0.048001282,0.30421576,0.5
immrep23_1090,0.0019484504591673613,0.4020450413227081,0.15690419,0.20094642,0.014781760983169079,0.012790237,0.6730864,0.4
immrep23_1091,0.022454818710684776,0.0141940480098128,0.36952722,0.025325645,0.00852026417851448,0.5225394,0.66168106,0.4
immrep23_1092,0.0002680278557818383,0.6189588308334351,0.0012479424,0.06178031,0.03655898571014404,0.0067517143,0.36237246,0.5
immrep23_1093,0.019215162843465805,0.2188354283571243,0.9302498,0.08606177,0.060104161500930786,0.04520029,0.4231686,0.5
immrep23_1094,0.07500191032886505,0.0028768731281161,0.006351471,0.0009054147,0.06150959059596062,0.030904075,0.43794444,0.0
immrep23_1095,7.078920702952018e-07,0.1080233231186866,0.032704055,0.0470751,0.02165026217699051,0.055548333,0.43104312,0.5
immrep23_1096,0.908870279788971,0.1934069693088531,0.055267632,,0.00023918715305626392,0.00055153685,0.7236783,0.0
immrep23_1097,0.11472779512405396,0.249940350651741,0.4222895,0.25238606,0.009310825727880001,0.051433675,0.5530888,0.5
immrep23_1098,0.6053784489631653,0.670401394367218,0.0025381446,0.23487273,0.009165170602500439,0.48706287,0.30692485,0.5
immrep23_1099,0.11562682688236237,0.8560597896575928,,,0.05744104087352753,0.9084189,0.837525,0.6
immrep23_1100,0.1542975753545761,0.0022991211153566,0.0043495893,5.973641e-05,0.10521235316991806,0.005068737,0.84955883,0.5
immrep23_1101,0.029394615441560745,0.0425931885838508,0.004983723,0.0629043,0.00031565141398459673,0.41735107,0.050922174,0.5
immrep23_1102,0.00025959248887374997,0.2044187933206558,7.211417e-05,0.13807246,0.06902468949556351,0.4774058,0.3705205,0.5
immrep23_1103,0.009782296605408192,0.3244881927967071,0.0020662546,0.21719146,0.03693460300564766,0.33435306,0.6060939,0.5
immrep23_1104,0.008855395019054413,0.8405961990356445,0.1532386,0.00017804635,0.0001347765646642074,0.00036164175,0.74903876,0.2
immrep23_1105,0.05021660402417183,0.5965283513069153,0.7034444,0.0003553229,0.00019046271336264908,9.565086e-05,0.58707774,0.5
immrep23_1106,0.04145819693803787,0.239821970462799,0.9996934,2.8975066e-05,0.0001839064061641693,0.00011834139,0.60077846,0.2
immrep23_1107,0.11311320960521698,0.0995764881372451,0.010897815,0.18451664,0.0059652202762663364,0.050825633,0.31487846,0.2
immrep23_1108,0.040461909025907516,0.0380317494273185,0.999939,0.07169126,0.06335396319627762,0.15682179,0.6673326,0.5
immrep23_1109,0.013934689573943615,0.6127862930297852,0.5286747,0.20034961,0.000369794899597764,0.007321541,0.61765236,0.2
immrep23_1110,0.02854897268116474,0.404971033334732,0.046516538,,5.218494334258139e-05,3.908262e-05,0.5223748,0.2
immrep23_1111,0.0583464540541172,0.0163529478013515,0.00024336576,0.15161248,0.05997166410088539,0.0068581277,0.66797996,0.5
immrep23_1112,0.0018508504144847393,0.4103220999240875,0.33479613,0.07849194,0.011861003935337067,6.819904e-05,0.6245488,0.5
immrep23_1113,0.04762972891330719,0.6615532636642456,0.17176214,0.0035851456,0.009076567366719246,0.0060603414,0.3850699,0.4
immrep23_1114,0.07739003747701645,0.0756070166826248,0.9995366,0.20256719,0.011397983878850937,0.020952813,0.7667793,0.0
immrep23_1115,0.001338465022854507,0.0466217622160911,0.9992609,0.13170162,0.01506523322314024,0.0025518772,0.6735227,0.2
immrep23_1116,0.0007060845382511616,0.4979053139686584,1.1681838e-05,0.14203954,0.011076249182224274,0.0013848916,0.43655512,0.5
immrep23_1117,9.666637924965471e-05,0.0498345233500003,0.08313805,0.08333392,0.0341961495578289,0.024529716,0.430939,0.5
immrep23_1118,0.000862044922541827,0.2002425342798233,0.01410377,0.09284137,0.007490965537726879,0.3677143,0.321002,0.5
immrep23_1119,0.04008577764034271,0.0142071722075343,0.80695343,0.20864265,0.019530951976776123,0.022748943,0.21539661,0.0
immrep23_1120,0.1461276262998581,0.0203606635332107,4.7112168e-05,8.022999e-05,0.06417693942785263,0.002305464,0.7624562,0.5
immrep23_1121,0.04487156122922897,0.0122208353132009,0.0010100901,0.24919093,0.05297216773033142,0.0012323351,0.18985032,0.5
immrep23_1122,0.41087666153907776,0.0907071232795715,0.06521356,0.074789084,0.0003593489818740636,0.07664578,0.40693834,0.0
immrep23_1123,0.00034593488089740276,0.3818718492984772,0.0017641485,0.11695188,0.011782572604715824,0.030510122,0.45467138,0.5
immrep23_1124,0.010722980834543705,0.0328436568379402,0.99858165,0.0012954612,0.019390486180782318,0.017868904,0.6513565,0.0
immrep23_1125,0.0586680993437767,0.4897212088108063,0.209256,0.022838918,0.05990433320403099,0.009495848,0.64070374,0.5
immrep23_1126,0.001839278033003211,0.8540648818016052,0.015669614,0.040538788,0.0002999315911438316,0.13710403,0.5972611,0.5
immrep23_1127,0.8085423707962036,0.0249778516590595,0.00072556734,0.028046828,0.001433836529031396,0.019517474,0.872209,0.4
immrep23_1128,0.08355750143527985,0.3130220472812652,0.10179657,3.494924e-05,0.00012951222015544772,0.003767117,0.70756984,0.2
immrep23_1129,0.05055810883641243,0.0003277429786976,0.0004938841,0.0005395652,0.000160841693286784,0.0014071836,0.721036,0.4
immrep23_1130,0.16296376287937164,0.0130869960412383,0.04333511,0.2314916,4.600680767907761e-05,0.058285892,0.7390679,0.0
immrep23_1131,0.06917998939752579,0.023063663393259,0.99556535,0.009702005,0.0969008058309555,0.0015581888,0.8438138,0.5
immrep23_1132,0.0022601333912461996,0.0444181635975837,0.12088764,0.07571022,0.0364719033241272,0.015064963,0.5176544,0.0
immrep23_1133,0.08383654803037643,0.0503837615251541,,,0.058576550334692,0.101704665,,0.2
immrep23_1134,0.17999540269374847,0.0017227582866325,0.68882966,0.023608455,0.0016475979937240481,0.01940366,0.8877626,0.2
immrep23_1135,0.12938392162322998,0.0023698480799794,0.11926976,,0.0007607681327499449,0.73390687,0.8435109,0.0
immrep23_1136,0.3725365996360779,0.0211778283119201,0.8592603,0.004519745,3.0761042580707e-05,0.00045515664,0.63154864,0.2
immrep23_1137,0.0057179881259799,0.5487003922462463,0.23491189,0.00010799663,0.00021832676429767162,2.0137586e-05,0.6845403,0.2
immrep23_1138,0.08092698454856873,0.8164973258972168,0.45546943,0.104175985,0.1435769498348236,0.006932904,0.17593741,0.2
immrep23_1139,0.024304034188389778,0.0004087164415977,0.14250216,1.1571569e-05,0.00023807500838302076,0.001194548,0.60190415,0.0
immrep23_1140,2.1410452973213978e-05,0.0479116514325141,2.5708292e-05,0.18340959,0.0063153221271932125,0.023110429,0.07905071,0.2
immrep23_1141,0.5547058582305908,0.0462741889059543,0.0022312403,0.24976239,0.02488189935684204,0.022105103,0.63854814,0.5
immrep23_1142,0.6535184383392334,0.0028394390828907,0.000598073,0.000116072246,0.0005016199429519475,0.21055692,0.43768817,0.5
immrep23_1143,0.09052257239818573,0.1168998256325721,0.00016635656,0.15085825,0.00039276338065974414,0.1963992,0.67155015,0.5
immrep23_1144,0.1873222291469574,0.0010235235095024,0.0022055507,0.19931792,0.0018795067444443703,0.04183436,0.79025024,0.4
immrep23_1145,0.009146150201559067,0.4983713328838348,0.006465614,0.14957616,0.014480989426374435,0.01504684,0.5538125,0.2
immrep23_1146,0.04143836349248886,0.1960823535919189,0.002857089,0.06405101,0.009810387156903744,0.044483468,0.20275198,0.0
immrep23_1147,0.022064827382564545,0.582755982875824,0.113743156,6.5944085e-05,0.00027672454598359764,0.00030195317,0.4088484,0.5
immrep23_1148,0.19738155603408813,0.0090531334280967,0.00023424625,0.004414773,0.0007429158431477845,0.0054727434,0.9260572,0.0
immrep23_1149,0.036084216088056564,0.6370702385902405,0.9995743,0.00042834124,0.013215874321758747,0.00069983257,0.2792675,0.4
immrep23_1150,0.08384929597377777,0.0187683571130037,,,0.06451839208602905,0.83623797,0.859251,0.0
immrep23_1151,0.10716976970434189,0.5157309770584106,0.035144776,0.01520939,0.00016026302182581276,0.018382695,0.7334929,0.5
immrep23_1152,0.09587850421667099,0.0006399670965038,0.00057274103,0.0010319661,0.1753450632095337,0.00042895958,0.7551676,0.5
immrep23_1153,0.006835223641246557,0.2514147460460663,0.0048511624,0.29220876,0.03366270288825035,0.012546551,0.32510296,0.5
immrep23_1154,0.1307264268398285,0.0207829792052507,0.00021624565,0.0712802,0.00024192333512473851,0.008413296,0.53973454,0.2
immrep23_1155,0.19126126170158386,0.0047595300711691,0.0005040467,0.15636827,0.0009227273403666914,0.053796865,0.9293902,0.2
immrep23_1156,0.000992501969449222,0.0101836929097771,0.65071976,0.09942185,0.00530110253021121,0.0017152939,0.39203733,0.2
immrep23_1157,0.15513381361961365,0.2724581062793731,,,0.061642955988645554,0.61630785,0.7858292,0.2
immrep23_1158,3.1489085813518614e-05,0.907978653907776,0.47633868,0.0002566352,0.00011902846745215356,0.00016324368,0.39138517,0.5
immrep23_1159,0.227552592754364,0.0045572300441563,0.0024438202,0.0003371857,0.06589317321777344,3.8803646e-05,0.68405557,0.5
immrep23_1160,0.05240117013454437,0.0316622965037822,0.121482134,0.28078842,0.023754017427563667,0.14256035,0.3340965,0.0
immrep23_1161,0.4173935055732727,0.0032531637698411,0.9961227,0.00022633439,0.0009094258421100676,0.012193064,0.89490676,0.5
immrep23_1162,0.05183172971010208,0.0672735273838043,0.96368283,0.015704608,0.011363123543560505,0.05680999,0.3733492,0.4
immrep23_1163,0.0009850026108324528,0.0470393747091293,0.99998516,0.3542282,0.08119235932826996,0.04655276,0.3658931,0.5
immrep23_1164,3.5979581298306584e-05,0.7413750290870667,0.0003785491,0.1046285,0.014994403347373009,0.0028350842,0.48695415,0.2
immrep23_1165,0.079495869576931,0.0557110682129859,0.00081542134,0.11547725,0.05131439492106438,0.0037755533,0.4402161,0.5
immrep23_1166,0.06496457010507584,0.0781108140945434,0.0053822994,0.03914853,0.008330482058227062,0.30540192,0.42123052,0.5
immrep23_1167,0.2475871443748474,0.1380630433559417,0.1488634,0.00041498328,0.11169234663248062,0.0112564005,0.8540159,0.5
immrep23_1168,0.3459395170211792,0.0362643338739872,0.0042157173,0.031286035,0.0009732979815453291,0.10289271,0.8675243,0.5
immrep23_1169,0.04585838317871094,0.0027040229178965,0.15898174,0.23353188,0.013927209191024303,0.6076865,0.39204985,0.5
immrep23_1170,0.1132604107260704,0.0002573205274529,,,0.0009454024257138371,0.50452983,0.8978738,0.5
immrep23_1171,0.1598348319530487,0.3285716474056244,0.791663,0.018015936,0.0007855375297367573,0.061871044,0.90804815,0.5
immrep23_1172,0.010395149700343609,0.2394948750734329,0.0097614825,0.11207465,0.010359798558056355,0.33528677,0.46481225,0.5
immrep23_1173,6.996875185905083e-07,0.1253983080387115,0.999767,0.23567434,0.004895913414657116,9.798721e-05,0.45227423,0.5
immrep23_1174,0.005348562262952328,0.9260895252227784,0.30221874,0.005995371,0.00026736679137684405,0.0002536207,0.63994116,0.5
immrep23_1175,0.00028814206598326564,0.2311404347419738,0.94747466,0.15623398,0.031150834634900093,0.023441624,0.6499193,0.0
immrep23_1176,0.00825871154665947,0.1027452424168586,0.0005046427,0.10673392,0.0024627293460071087,0.20767476,0.2232242,0.2
immrep23_1177,0.03273799270391464,0.1214339658617973,0.06757459,0.00013175563,0.00021411219495348632,0.00034089506,0.7103266,0.5
immrep23_1178,0.10720967501401901,0.2115631252527237,,0.0002831827,0.07545919716358185,0.0006469764,0.8839075,0.4
immrep23_1179,0.028383543714880943,0.7097337245941162,0.5548383,0.3358543,0.00016442060586996377,0.013678813,0.5663159,0.2
immrep23_1180,0.0056265960447490215,0.1707451790571212,0.07807711,0.18205035,0.04092312604188919,0.08902805,0.29282683,0.4
immrep23_1181,0.003998391795903444,0.0427580140531063,0.08673942,0.21012683,0.028704045340418816,0.008423178,0.40210912,0.4
immrep23_1182,0.011674871668219566,0.675273597240448,0.00011448219,0.12114551,0.015056178905069828,0.0023757298,0.31908062,0.2
immrep23_1183,0.002111732726916671,0.0019703768193721,0.036575854,6.811421e-05,0.06371103972196579,0.94662786,0.88136387,0.5
immrep23_1184,0.7485958337783813,0.0008619134896434,0.99940646,0.4612422,0.002575748832896352,0.5925359,0.8941704,0.0
immrep23_1185,0.5595110058784485,0.104725457727909,0.016901612,0.0045614056,5.5950938985915855e-05,0.28042343,0.55485916,0.5
immrep23_1186,0.06755026429891586,0.0022827966604381,,0.0028566115,0.15858975052833557,0.029865785,0.4128434,0.5
immrep23_1187,0.015396184287965298,0.5692621469497681,,,0.06646806001663208,0.9129168,0.8933197,0.0
immrep23_1188,0.0774805024266243,0.2405636608600616,0.99945533,0.14541043,0.010721750557422638,0.04033702,0.4604786,0.5
immrep23_1189,0.06526672095060349,0.0019500794587656,0.008662581,0.051850975,0.02565045654773712,0.027758164,0.16981202,0.0
immrep23_1190,0.06075511872768402,0.6124022603034973,0.32327545,0.0028720517,0.02518516778945923,0.012286514,0.17131285,0.0
immrep23_1191,0.04135211929678917,0.6199336647987366,0.99975145,0.0071151466,0.02569507248699665,0.0031583,0.48119366,0.0
immrep23_1192,0.01322424691170454,0.1105876639485359,0.29586262,0.11144535,0.009479541331529617,0.1744744,0.26358962,0.5
immrep23_1193,0.025331342592835426,0.1430951207876205,0.00084614754,0.13411678,0.012850041501224041,0.36345676,0.3544937,0.4
immrep23_1194,8.241004252340645e-05,0.0740732848644256,0.0008248091,0.00018147877,0.00039290718268603086,0.0014663704,0.16110726,0.0
immrep23_1195,0.010268074460327625,0.1258466094732284,0.0069262683,0.22626159,0.00024822133127599955,0.0024798363,0.14388755,0.2
immrep23_1196,0.016028184443712234,0.0004571165191009,0.5695422,0.10094054,0.0026114799547940493,0.34957054,0.31261462,0.5
immrep23_1197,0.01903987117111683,0.2672382891178131,1.9379191e-05,0.12256861,0.014611818827688694,0.021408781,0.16527405,0.5
immrep23_1198,9.264997657965068e-08,0.0506168976426124,0.3088644,0.06800912,0.0004193593340460211,0.022428783,0.5601294,0.5
immrep23_1199,0.05522729456424713,0.0788229405879974,0.025194257,0.00036042643,0.07336682826280594,0.0014117418,0.26508704,0.5
immrep23_1200,0.004280258901417255,0.4410911500453949,0.9995633,0.15714017,0.02737635001540184,0.011924373,0.5568522,0.5
immrep23_1201,0.0006053745746612549,0.0645387694239616,0.61673576,0.18072776,0.04151739552617073,0.026092958,0.3292896,0.5
immrep23_1202,0.004232713021337986,0.0047769132070243,0.0007503927,0.0011854589,0.016617275774478912,0.0018543177,0.6091176,0.5
immrep23_1203,0.0001265134196728468,0.0517265796661376,0.0126773715,0.00019416676,0.06862600892782211,0.020150837,0.33453235,0.5
immrep23_1204,0.6407771110534668,0.0835759341716766,0.0016431808,0.0983573,2.44126367761055e-05,0.13541448,0.674436,0.5
immrep23_1205,0.010842780582606792,0.3394813239574432,5.258956e-05,0.3024025,0.04375490918755531,0.005287033,0.28016132,0.2
immrep23_1206,0.05870301276445389,0.5509069561958313,0.3956918,0.99993455,0.04968354105949402,0.93410337,0.6565013,0.0
immrep23_1207,0.0005835125921294093,0.6111284494400024,0.99997914,0.038704745,0.020893296226859093,0.017770067,0.2966045,0.2
immrep23_1208,0.027260275557637215,0.00064689834835,0.004240483,0.028024662,0.00513047119602561,0.0026796078,0.2883311,0.5
immrep23_1209,0.020182093605399132,0.0090472921729087,0.9694939,0.017381076,0.0005839980440214276,0.010449114,0.9188943,0.5
immrep23_1210,0.2995733320713043,0.2303892523050308,0.031118542,0.20449653,0.009715048596262932,0.094831675,0.20231377,0.0
immrep23_1211,0.04832236468791962,0.2836463749408722,0.0017745495,0.25742593,0.027351345866918564,0.0025332526,0.19538912,0.2
immrep23_1212,0.001484568347223103,0.0668621361255645,0.0007863045,2.36097e-05,0.012469854205846786,0.007830023,0.5977919,0.0
immrep23_1213,0.09073804318904877,0.0071878582239151,0.00027298927,0.22594559,0.02563530020415783,0.042522453,0.20551631,0.5
immrep23_1214,0.3030860722064972,0.0007387020159512,0.042415947,0.30620292,0.0020084334537386894,0.096377894,0.89519525,0.5
immrep23_1215,7.488913252018392e-05,0.6307445764541626,0.0020219684,0.00048105404,0.00017259015294257551,0.3319903,0.36500826,0.0
immrep23_1216,0.0025169907603412867,0.0316030979156494,0.0024376512,4.5741097e-05,0.011614641174674034,0.028576076,0.5962939,0.0
immrep23_1217,0.04090583696961403,0.2974438369274139,0.5919658,0.0007796255,0.000330406182911247,3.7561793e-05,0.7549806,0.2
immrep23_1218,0.08366431295871735,0.3699764907360077,0.018259704,0.2494109,0.015728699043393135,0.06640553,0.70426595,0.5
immrep23_1219,0.00015478505520150065,0.0375049859285354,0.05978608,0.19604646,0.011142285540699959,0.004029562,0.6923981,0.5
immrep23_1220,0.05112972483038902,0.0330268777906894,0.0028559268,0.0001204198,0.00042521944851614535,0.04866943,0.55344945,0.5
immrep23_1221,0.3478389084339142,0.0032669445499777,0.08197063,0.17063393,0.001077887020073831,0.92768496,0.9006456,0.5
immrep23_1222,0.009606375358998775,0.1901839822530746,0.000410676,0.101789676,0.010819795541465282,0.026104448,0.22450893,0.2
immrep23_1223,0.09724776446819305,0.008335935883224,0.99885213,0.924448,0.0005360592040233314,0.0009377734,0.9328514,0.5
immrep23_1224,0.02744344063103199,0.4631976783275604,9.9046316e-05,0.17474052,0.24632523953914642,0.25796705,0.3774348,0.5
immrep23_1225,0.012606441043317318,0.0084253661334514,0.99997723,0.16234379,0.011887159198522568,0.16490157,0.08567484,0.2
immrep23_1226,0.013031543232500553,0.0360781736671924,0.9294283,0.071300946,0.015157348476350307,0.010325594,0.6912812,0.5
immrep23_1227,0.19347836077213287,0.0241776835173368,0.99951994,0.033618238,0.008491342887282372,0.11609646,0.29908192,0.5
immrep23_1228,0.02258387580513954,0.0027775785420089,0.038168013,0.0030770586,0.06154583767056465,0.0017634545,0.29285538,0.4
immrep23_1229,0.0846577063202858,0.0277619156986475,0.7673229,0.00049232744,0.06747512519359589,0.0027380837,0.85118985,0.0
immrep23_1230,0.31135809421539307,0.0131944175809621,5.0933064e-05,0.09939881,0.0009204433299601078,0.028710503,0.86210716,0.4
immrep23_1231,0.0006784200086258352,0.0679955631494522,0.99776113,0.0027720283,0.013742559589445591,0.016411599,0.6811467,0.0
immrep23_1232,0.04318908601999283,0.6271104216575623,1.2254726e-05,0.0010826915,0.01919143833220005,0.00023785356,0.33585644,0.5
immrep23_1233,0.1981281191110611,0.0127903744578361,0.4023816,0.0069711804,0.0007001904305070639,0.2161997,0.9182494,0.0
immrep23_1234,7.937054760986939e-06,0.6444261074066162,0.007599324,0.26003882,0.015590297989547253,0.038575556,0.6243413,0.2
immrep23_1235,0.02738947980105877,0.0022217035293579,0.025513947,0.0016436742,0.09469683468341827,0.031227628,0.87822795,0.0
immrep23_1236,0.0808434709906578,0.0290573965758085,0.9790696,0.0012500801,0.08770759403705597,0.020274738,0.3612948,0.5
immrep23_1237,0.45349523425102234,0.0534562654793262,0.30083936,0.08513589,0.00077909353422001,0.0024013205,0.83673465,0.4
immrep23_1238,0.013012047857046127,0.001032046158798,0.00021114945,0.028319832,0.024763761088252068,0.00022516523,0.6416748,0.5
immrep23_1239,0.02295580878853798,0.1262999475002288,0.9181992,0.17333879,0.00024226955429185182,0.3036422,0.11555654,0.5
immrep23_1240,0.019246811047196388,0.513676643371582,0.003695339,0.00023449787,0.0004407488740980625,0.24093221,0.62931734,0.5
immrep23_1241,0.0009527335059829056,0.0170767121016979,7.109506e-05,6.604692e-05,0.016689741984009743,0.00022334779,0.5747156,0.2
immrep23_1242,1.4076856587053044e-06,0.3844932317733764,0.057007134,0.31362194,0.016645360738039017,0.13822274,0.63847256,0.5
immrep23_1243,0.0776517316699028,0.0003232845047023,4.4357632e-05,0.000447021,0.1719609498977661,0.0007538009,0.7326517,0.5
immrep23_1244,0.009894195012748241,0.0446253679692745,,0.99975425,0.07137882709503174,0.006321654,0.8608482,0.4
immrep23_1245,0.2405538111925125,0.0063209924846887,0.0024099648,0.05945894,3.879483847413212e-05,0.041882735,0.628368,0.2
immrep23_1246,0.1129954531788826,0.0261392258107662,0.022054642,0.00041991318,0.0007644894067198038,0.16239935,0.96891797,0.0
immrep23_1247,0.07834438979625702,0.0010441988706588,0.00070765615,,0.000826302042696625,0.05072534,0.85792214,0.0
immrep23_1248,0.0012762375408783555,0.0115481195971369,0.788748,0.10940256,0.012646532617509365,0.0023060036,0.63638943,0.0
immrep23_1249,0.2562452554702759,0.0033411437179893,0.0019741356,,0.0009739719098433852,0.6450442,0.9044681,0.0
immrep23_1250,0.0016427305527031422,0.0630784258246421,0.0036952496,0.06403637,3.185804234817624e-05,0.00058631366,0.5540601,0.0
immrep23_1251,0.007796181831508875,0.0220222547650337,0.03154382,0.15568902,0.0155466478317976,0.00033817717,0.38208127,0.5
immrep23_1252,0.0006618188344873488,0.071463830769062,0.004743248,0.04476292,0.055261220782995224,0.464831,0.61560273,0.5
immrep23_1253,0.01550020556896925,0.5973546504974365,0.003982097,0.25184453,0.00024371665494982153,0.0796702,0.18827662,0.5
immrep23_1254,0.00019253035134170204,0.2679113149642944,0.0002821386,0.14142987,0.0003039463481400162,0.034668818,0.0748037,0.6
immrep23_1255,0.011219274252653122,0.0889868214726448,0.32409674,0.1885849,0.014031700789928436,0.20539054,0.6697364,0.5
immrep23_1256,0.0923490822315216,0.0086362790316343,0.06815475,0.086893335,0.006020176224410534,0.1001567,0.4358153,0.5
immrep23_1257,0.019460514187812805,0.6182541251182556,0.077821225,0.00020617634,0.0002366670814808458,4.8375066e-05,0.70254636,0.5
immrep23_1258,0.004658151417970657,0.2535735368728637,0.0007173717,0.06599488,0.02228580042719841,0.05724758,0.48574045,0.5
immrep23_1259,0.293216735124588,0.000807182805147,0.005520761,0.027666312,0.0014728547539561987,0.060562614,0.6719068,0.5
immrep23_1260,0.0001841172925196588,0.5989987850189209,0.013140887,0.1359092,0.019659239798784256,0.008493415,0.5242808,0.5
immrep23_1261,0.023829082027077675,0.0454793758690357,0.38224927,0.23840101,0.028133796527981758,0.0042747995,0.41937053,0.5
immrep23_1262,0.1724528670310974,0.0138392755761742,1.8607749e-05,0.24822429,0.007467313203960657,0.0032306034,0.73290277,0.2
immrep23_1263,0.011924934573471546,0.3214822113513946,6.9679016e-05,0.11845128,0.000573500175960362,0.0066900714,0.6986989,0.5
immrep23_1264,0.5524657368659973,0.015715742483735,0.025697619,0.0003379835,0.0013185617281123996,0.028420335,0.89336056,0.2
immrep23_1265,0.3329884111881256,0.0056080999784171,0.006986201,,0.00024416574160568416,0.0029426154,0.53959966,0.0
immrep23_1266,0.0028311063069850206,0.0408708751201629,0.002195388,0.0010442636,0.047311585396528244,3.191533e-05,0.9070176,0.5
immrep23_1267,0.005963711533695459,0.0681511536240577,0.8454745,0.19643049,0.007321035023778677,0.11345891,0.61934996,0.4
immrep23_1268,0.022387327626347542,0.4561172425746918,0.004120648,0.00027749725,0.0001726721238810569,0.0010272029,0.4276699,0.5
immrep23_1269,0.011393331922590733,0.3071312606334686,0.003399551,0.14215104,0.007160788401961327,0.02713492,0.20394033,0.5
immrep23_1270,0.0012762375408783555,0.0036849423777312,0.002303809,0.12202128,0.012646532617509365,0.0023060036,0.63638943,0.5
immrep23_1271,0.06562698632478714,0.1545431613922119,0.00032505393,8.302371e-05,0.0003667391720227897,0.033971615,0.77859837,0.5
immrep23_1272,0.0005869127926416695,0.244559496641159,9.776751e-06,0.016620908,0.054048340767621994,0.6861015,0.2613587,0.2
immrep23_1273,0.07849546521902084,0.217862993478775,0.00806272,0.50413036,0.04825810715556145,0.000586724,0.548358,0.0
immrep23_1274,0.08720995485782623,0.7659085988998413,,,0.06427820771932602,0.7282173,0.8107626,0.0
immrep23_1275,0.17755667865276337,0.0088130328804254,0.22040933,0.00019513398,0.08082809299230576,0.0002703268,0.79611504,0.5
immrep23_1276,0.040333475917577744,0.0048644202761352,0.7475798,0.29445606,0.0030396366491913795,0.2722517,0.4179954,0.5
immrep23_1277,0.03225191310048103,0.0186315067112445,0.0053418875,0.1458613,0.0338464118540287,0.009777337,0.36557198,0.2
immrep23_1278,0.47182199358940125,0.0413426011800766,5.7885212e-05,0.0028391727,0.011258560232818127,0.22060813,0.68269527,0.0
immrep23_1279,0.0018485650653019547,0.521111249923706,0.040952653,5.4736003e-05,0.015190077014267445,0.0008232751,0.26962036,0.4
immrep23_1280,0.0018393105128780007,0.1979547291994094,0.00014793873,0.27611867,0.009024359285831451,0.0016682692,0.59866333,0.2
immrep23_1281,0.008859096094965935,0.1605538129806518,6.3091284e-05,0.061139025,0.024246158078312874,0.17048983,0.6573765,0.0
immrep23_1282,9.980685717891902e-07,0.2367491126060485,0.0067866743,0.23885834,0.022264771163463593,0.072736375,0.6934601,0.5
immrep23_1283,0.0018311701714992523,0.2668969929218292,0.0019346774,0.17275825,0.05207223445177078,0.0060176323,0.30468264,0.5
immrep23_1284,0.07492490112781525,0.6112623810768127,0.9999755,0.0010896935,0.00021832928177900612,0.00024632702,0.7005545,0.2
immrep23_1285,0.002725259866565466,0.0287560392171144,0.12441009,0.0762874,0.06688116490840912,0.0018696407,0.556211,0.5
immrep23_1286,0.007524584420025349,0.0818597376346588,0.90756977,0.050184913,0.0002462626725900918,0.26983273,0.6190703,0.5
immrep23_1287,0.0012253212044015527,0.0043089026585221,0.000111540605,0.23861925,0.013908419758081436,0.02423657,0.20913209,0.5
immrep23_1288,3.76898867671116e-08,0.1323987245559692,0.013226092,0.04563842,0.01493822131305933,0.019851236,0.6247056,0.5
immrep23_1289,0.021427923813462257,0.0096775349229574,0.0006287098,0.046113264,0.1591024547815323,0.008702099,0.1929561,0.5
immrep23_1290,0.019946608692407608,0.8346343636512756,0.0040311813,0.11156311,0.0046151564456522465,0.027432945,0.57354176,0.5
immrep23_1291,0.18788333237171173,0.0409966744482517,0.032250464,0.06993149,6.155085429782048e-05,0.053771883,0.58160007,0.5
immrep23_1292,0.0009422900038771331,0.0835693404078483,0.16801596,8.679267e-05,0.010996309109032154,0.0041399556,0.40327594,0.0
immrep23_1293,0.0690489336848259,0.1245101615786552,0.41878757,0.00021951832,0.0007327068597078323,0.043195285,0.9312495,0.5
immrep23_1294,0.0010040891356766224,0.2862052321434021,0.043807745,0.10202708,0.011618895456194878,0.00014306397,0.44401848,0.5
immrep23_1295,0.05157746374607086,0.9115793108940125,8.77682e-06,0.00047965744,0.0001307805214310065,0.9356085,0.5955318,0.5
immrep23_1296,0.0994647666811943,0.6563886404037476,0.068160206,0.042273086,0.00019839634478557855,0.0007409461,0.7150471,0.5
immrep23_1297,0.0662338137626648,0.0386815182864666,0.00036382675,0.88549787,0.0008372231386601925,0.008190334,0.87079895,0.5
immrep23_1298,0.22858703136444092,0.3867228627204895,0.14709735,0.00020571597,0.0006119299796409905,0.0703855,0.65294796,0.5
immrep23_1299,0.044959213584661484,0.078059509396553,0.015696406,0.18136589,0.0001799016899894923,0.23041144,0.71923834,0.0
immrep23_1300,0.016759689897298813,0.2272576987743377,0.15438685,0.07968296,0.004575017374008894,0.00026753714,0.14385217,0.5
immrep23_1301,0.010905161499977112,0.0390835106372833,0.24580404,0.25953636,0.025980588048696518,0.0067972867,0.6644614,0.5
immrep23_1302,0.11378296464681625,0.0509217195212841,0.040682644,0.006412371,2.1999323507770896e-05,6.8814124e-06,0.42235518,0.5
immrep23_1303,0.025645267218351364,0.4203971028327942,0.00042670965,0.26221472,0.023864692077040672,0.06228648,0.49521363,0.2
immrep23_1304,0.08170166611671448,0.0707652121782302,0.83499104,0.00034145196,0.06548211723566055,0.0006094972,0.85855514,0.5
immrep23_1305,0.004216220695525408,0.1637029200792312,0.009325445,0.041006494,0.024538394063711166,0.0010988462,0.6885444,0.5
immrep23_1306,0.018199726939201355,0.4934723675251007,0.9994147,0.228511,0.01795966736972332,0.0005419592,0.34088886,0.5
immrep23_1307,0.031696099787950516,0.6045084595680237,0.37181553,0.0012320501,0.00026886683190241456,0.00021596957,0.69058245,0.2
immrep23_1308,0.02353505976498127,0.0003120738547295,0.0033992827,0.09368744,0.00014855632616672665,0.00084834744,0.533143,0.5
immrep23_1309,0.41660383343696594,0.0289775524288415,0.9999277,0.99756193,3.834273593383841e-05,0.033173352,0.4375187,0.0
immrep23_1310,0.017502011731266975,0.1155579015612602,0.9974185,9.38482e-05,0.01406998373568058,0.0018246365,0.59539044,0.0
immrep23_1311,0.5220527052879333,0.2623343467712402,7.052168e-05,0.101947546,0.011572185903787613,0.0007891347,0.677012,0.4
immrep23_1312,0.017378181219100952,0.2123767882585525,0.0013926327,0.00083013234,0.00937054306268692,0.023626806,0.70596653,0.5
immrep23_1313,0.17554889619350433,0.0137374736368656,0.92847806,0.0036063902,0.05593864992260933,0.031210711,0.8921828,0.5
immrep23_1314,0.005418615881353617,0.0575997717678546,0.0032067597,0.08100949,0.008078389801084995,0.009219556,0.23008154,0.5
immrep23_1315,0.005708959419280291,0.0553195625543594,0.0023120642,0.268728,0.024707185104489326,0.41943187,0.53258437,0.5
immrep23_1316,4.036561949760653e-05,0.0186774674803018,1.229009e-06,0.1957992,0.011408203281462193,0.0058715832,0.5161124,0.2
immrep23_1317,0.3392781615257263,0.0014601584989577,0.0035842955,0.16139711,0.0002845792332664132,0.60308766,0.9495261,0.5
immrep23_1318,0.008875339291989803,0.5148032903671265,0.0052829385,0.15102533,0.016764696687459946,0.051662736,0.6593375,0.6
immrep23_1319,0.22056178748607635,0.3120894730091095,,,0.057175107300281525,0.81742495,,0.4
immrep23_1320,0.0020974951330572367,0.0051226401701569,1.3818258e-05,0.014562455,0.03953276947140694,0.0016758938,0.5868212,0.5
immrep23_1321,0.00028491101693362,0.0533762276172637,0.005832553,0.095862605,0.021418998017907143,0.00021995505,0.5609084,0.5
immrep23_1322,0.029364565387368202,0.0079664029181003,3.7522175e-05,0.00017593172,0.0824480876326561,0.0049615745,0.7079938,0.5
immrep23_1323,0.013404573313891888,0.5857017636299133,0.99962753,0.2182885,0.021676329895853996,0.24903765,0.64168495,0.5
immrep23_1324,0.020033951848745346,0.652112603187561,0.00045502186,4.17041e-05,0.0004812318948097527,0.00010007756,0.51323223,0.5
immrep23_1325,0.22056178748607635,0.2026893347501754,,,0.057175107300281525,0.98824894,,0.6
immrep23_1326,0.04284539818763733,0.4524902403354645,0.029922336,0.0023787688,0.00014286971418187022,0.0006902905,0.49765554,0.5
immrep23_1327,0.0774805024266243,0.3658520877361297,0.18845022,0.11542344,0.010721750557422638,0.0002532138,0.4604786,0.5
immrep23_1328,0.001014653593301773,0.0538084208965301,0.13161811,0.0173015,0.006806471385061741,0.07588952,0.035813935,0.6
immrep23_1329,0.3794418275356293,0.0731713995337486,0.0015036762,0.0038433846,0.0013742828741669655,0.04297202,0.91567177,0.5
immrep23_1330,0.2855645716190338,0.0186881832778453,,,0.05166018009185791,0.0067906105,0.6726234,0.6
immrep23_1331,0.05297112837433815,0.0063831773586571,0.01677385,0.00028001954,0.027150092646479607,0.036762603,0.88204366,0.4
immrep23_1332,0.2940709590911865,0.0288803353905677,0.00019446015,0.08028339,0.0008301905472762883,0.011934113,0.8206459,0.2
immrep23_1333,0.03888896852731705,0.0504429414868354,0.7968285,0.2067667,0.0006662678206339478,0.13772584,0.10994991,0.5
immrep23_1334,0.37895017862319946,0.0110122887417674,0.0011306107,0.13573849,0.00021916520199738443,0.00025792525,0.66687775,0.5
immrep23_1335,0.0023735363502055407,0.0322797410190105,0.0034646988,0.12489549,0.00878967996686697,0.19894958,0.2632966,0.2
immrep23_1336,0.0002485100121702999,0.0125292409211397,0.0009279549,0.20731845,0.030070923268795013,0.018313292,0.30568668,0.4
immrep23_1337,0.10569816827774048,0.0358095131814479,6.809165e-05,0.2765788,0.011165877804160118,0.01433187,0.6396607,0.0
immrep23_1338,0.043102018535137177,0.0108505934476852,0.0031201541,0.056195162,0.00047257571713998914,0.0051235687,0.6582,0.2
immrep23_1339,0.3618808388710022,0.0168064832687377,0.0074463785,0.022019288,0.0002498954418115318,0.15182103,0.53135026,0.4
immrep23_1340,0.06487718224525452,0.0509141646325588,0.012045622,0.0009865018,0.0006560082547366619,0.023171488,0.9366231,0.0
immrep23_1341,0.4094938635826111,0.0199167970567941,0.026195794,0.089017645,0.0008695736178196967,0.51210296,0.83070505,0.5
immrep23_1342,0.0008400600636377931,0.4613093435764313,0.9518454,0.15576658,0.013299197889864445,0.016983462,0.5423515,0.2
immrep23_1343,0.47689664363861084,0.1284622699022293,0.12722766,0.00060038525,2.2587839339394122e-05,0.0114589725,0.35259405,0.2
immrep23_1344,6.8880840444762725e-06,0.734318733215332,0.0003683269,0.19227315,0.01756727695465088,0.008184483,0.61302286,0.5
immrep23_1345,0.005348565056920052,0.6216447949409485,0.11194196,0.5118278,0.00026736679137684405,0.0011494118,0.63994116,0.5
immrep23_1346,0.0007258868427015841,0.006001359783113,3.6112197e-05,0.11444906,0.013492823578417301,0.23144308,0.12149847,0.5
immrep23_1347,0.057622868567705154,0.1633557230234146,0.0004453063,0.13357428,0.0007036756142042577,0.053249903,0.54385525,0.2
immrep23_1348,0.030592627823352814,0.0288331564515829,6.3494976e-05,0.17297515,0.009734196588397026,0.003977869,0.60342747,0.5
immrep23_1349,0.12688401341438293,0.0906160399317741,0.9996122,0.14233314,0.03723514825105667,0.01032478,0.54315203,0.5
immrep23_1350,0.015569301322102547,0.2259239554405212,0.018334866,0.00048649288,0.02045530267059803,0.01166644,0.53128374,0.0
immrep23_1351,0.0002763725642580539,0.1794794052839279,0.9999883,0.14862898,0.028240980580449104,0.0018833652,0.6154398,0.2
immrep23_1352,5.423750337740785e-09,0.1472424417734146,0.00018900633,0.14543442,0.026821432635188103,0.0008234767,0.55982804,0.4
immrep23_1353,0.49586907029151917,0.1531052738428115,0.045059085,0.53200936,2.0106364900129847e-05,0.04204996,0.36617762,0.2
immrep23_1354,0.008953537791967392,0.0167713612318038,0.000749588,0.19185564,0.06158478185534477,0.041198373,0.63059413,0.2
immrep23_1355,0.06856989115476608,0.1036239042878151,1.2729708e-05,0.98876095,0.0007728003547526896,0.06565696,0.91041297,0.2
immrep23_1356,0.0009648339473642409,0.2424672394990921,0.00013998151,0.24434197,0.0380866713821888,0.16462097,0.4924271,0.0
immrep23_1357,0.0016140600200742483,0.086012452840805,0.2900511,0.1292776,0.020032314583659172,3.062815e-05,0.31730112,0.2
immrep23_1358,0.09025628119707108,0.0203578677028417,7.297682e-05,4.5951045e-05,0.0527818538248539,0.002204731,0.53342295,0.0
immrep23_1359,0.0008081325213424861,0.0349606797099113,0.028240502,0.00022645753,0.04920054227113724,0.00020136884,0.6404141,0.0
immrep23_1360,0.0556938536465168,0.0635496824979782,0.000859648,0.94387996,3.644088064902462e-05,0.00027043608,0.28062677,0.2
immrep23_1361,0.010848422534763813,0.0526399686932563,0.10766679,0.24888226,0.006919771432876587,0.0011612627,0.2028727,0.5
immrep23_1362,7.993030158104375e-05,0.1565907001495361,1.43688785e-05,0.0074575744,0.013681264594197273,0.0017647739,0.4950963,0.0
immrep23_1363,0.26854777336120605,0.040411964058876,0.9304367,0.13111821,0.032305940985679626,0.031937063,0.19753341,0.5
immrep23_1364,0.13475395739078522,0.0822735801339149,0.011938632,4.5101704e-05,0.0003047120408155024,0.001972607,0.78824246,0.2
immrep23_1365,0.06341008096933365,0.5093134045600891,,0.99943304,0.05699733644723892,0.9921691,0.8530998,0.4
immrep23_1366,0.23113299906253815,0.1085139885544776,0.008018702,0.021513805,3.981330883107148e-05,4.49381e-06,0.6988965,0.5
immrep23_1367,0.0007640958065167069,0.3898649215698242,0.22568566,0.159237,0.005797879304736853,0.0038108844,0.4461116,0.5
immrep23_1368,0.022359803318977356,0.3090316653251648,0.00042200089,0.043594256,0.010282432660460472,0.012384386,0.14474657,0.4
immrep23_1369,0.02847890555858612,0.1884180307388305,0.01421994,0.1129516,0.01819894276559353,0.03390146,0.15122674,0.5
immrep23_1370,0.002681906335055828,0.4688588082790375,0.046140045,0.24114421,0.018093924969434738,0.16807474,0.5347456,0.2
immrep23_1371,0.34966951608657837,0.0003916682617273,0.20559373,0.55862015,0.0013691800413653255,0.013609624,0.91813296,0.6
immrep23_1372,0.00882901344448328,0.2276372611522674,0.0010317862,0.063145414,0.013175173662602901,0.0029537613,0.39041126,0.0
immrep23_1373,0.09827010333538055,0.6415980458259583,0.5798776,0.002148879,0.01211013738065958,0.000113146205,0.30076593,0.5
immrep23_1374,0.23100990056991577,0.2094833850860595,0.52176857,0.053775363,0.00026150178746320307,0.27564678,0.113503754,0.0
immrep23_1375,0.13754571974277496,0.5227944254875183,0.47197428,0.0018645702,0.0001869739207904786,0.0006903809,0.7241561,0.5
immrep23_1376,0.03064878284931183,0.0053336848504841,0.04507652,3.3634016e-05,0.009198342449963093,0.0068402397,0.23667704,0.0
immrep23_1377,0.00034956136369146407,0.0218875799328088,4.4611796e-05,1.8896852e-05,0.013940179720520973,0.10646909,0.6171347,0.0
immrep23_1378,0.03945942595601082,0.0239120852202177,0.00023910403,0.08707267,0.0260291900485754,0.08198834,0.47986358,0.0
immrep23_1379,0.2678679823875427,0.1198413968086242,0.0036898553,0.0002121251,0.000848014431539923,0.093891226,0.8386214,0.0
immrep23_1380,0.08384931087493896,0.0598462112247943,,,0.06451839208602905,0.23552148,0.859251,0.0
immrep23_1381,0.0724935531616211,0.003721980843693,0.9999349,9.635165e-05,0.000273620942607522,0.1777032,0.93224126,0.2
immrep23_1382,0.0006725784623995423,0.7135635018348694,9.489567e-05,0.15524471,0.028980286791920662,0.00016573096,0.25508395,0.5
immrep23_1383,0.1151435449719429,0.09364964812994,0.0011161864,0.18347435,0.017688188701868057,0.15461533,0.4833839,0.0
immrep23_1384,0.07862980663776398,0.4530695378780365,0.9993218,0.09200634,0.011076254770159721,0.2843953,0.46794894,0.5
immrep23_1385,0.3489009141921997,0.0546779856085777,0.06418672,2.225871e-05,0.00024051786749623716,0.013773448,0.4463663,0.0
immrep23_1386,0.2183775156736374,0.0278005525469779,0.99047256,0.3403687,0.0010000455658882856,0.67037624,0.8038209,0.5
immrep23_1387,0.09724776446819305,0.0596750453114509,0.015090674,0.7408998,0.0005360592040233314,0.017928842,0.9328514,0.5
immrep23_1388,0.1636655032634735,0.1691650599241256,0.27692407,0.12705362,0.026754187420010567,0.0005733362,0.5635989,0.2
immrep23_1389,0.0019219258101657033,0.7560082674026489,0.9992609,0.20330712,0.015858691185712814,0.005237023,0.44388324,0.2
immrep23_1390,0.0009183895890600979,0.0626047849655151,0.68859184,0.18448323,0.01206015795469284,0.0022700613,0.4717438,0.0
immrep23_1391,0.00011873599578393623,0.1139389723539352,0.9993314,0.21847995,0.000447456375695765,0.0023607756,0.5752823,0.5
immrep23_1392,0.8793882131576538,0.0003743595734704,0.1289334,0.15076053,0.0006129021057859063,0.00992684,0.45708302,0.5
immrep23_1393,0.0007728169439360499,0.1336435973644256,0.9999662,0.32078037,0.037161100655794144,0.008512027,0.6635575,0.2
immrep23_1394,0.0008616999839432538,0.6269645094871521,0.5888949,0.0018687245,0.011125899851322174,0.001366855,0.3183708,1.0
immrep23_1395,0.00025325632304884493,0.2597764432430267,0.040725917,0.28126895,0.0002449711610097438,0.001981436,0.5170618,1.0
immrep23_1396,0.009780817665159702,0.0062290211208164,0.31303495,0.00081883033,0.08410459756851196,0.0016496675,0.2414753,0.5
immrep23_1397,0.0005000230739824474,0.2319538444280624,8.04352e-05,0.097656794,0.016450637951493263,0.006773952,0.66417485,0.2
immrep23_1398,0.0004829084500670433,0.0224553626030683,0.010994256,0.15842459,0.028835877776145935,0.28007343,0.33736432,0.6
immrep23_1399,0.000956983829382807,0.1453403383493423,0.11150986,0.2272071,3.572115383576602e-05,0.06605403,0.45886263,0.5
immrep23_1400,0.5516579151153564,0.0461967550218105,0.9876855,0.073939435,0.0002352598385186866,0.2194107,0.56173646,0.5
immrep23_1401,0.043139904737472534,0.0179276689887046,0.00024357438,0.11278149,0.006429808679968119,0.00020341591,0.2297672,0.4
immrep23_1402,0.8562777638435364,0.0059076566249132,0.98933095,,0.00023755848815198988,0.2373181,0.9353699,0.2
immrep23_1403,0.01958775520324707,0.0098283430561423,0.01658824,0.20274882,0.007527985610067844,0.18174195,0.099423274,0.5
immrep23_1404,2.1162169616673054e-07,0.1138529106974601,0.29093665,0.40192184,0.01749356836080551,0.01654689,0.6303813,0.0
immrep23_1405,0.3715958893299103,0.0003948141820728,6.237849e-05,8.5413185e-06,0.0002461771946400404,0.021601984,0.5506342,0.0
immrep23_1406,0.0007686554454267025,0.1714083403348922,0.23560509,0.19297603,0.04676603153347969,0.052633133,0.33749208,0.5
immrep23_1407,0.026162900030612946,0.0509263202548027,0.6148326,0.033782747,0.005130851175636053,0.00076035137,0.5388133,0.4
immrep23_1408,0.11158627271652222,2.913293610617984e-05,0.27782774,0.0005422712,0.06054426357150078,0.2260299,0.8931375,0.0
immrep23_1409,0.0001841172925196588,0.6449004411697388,0.0015173852,0.14288417,0.019659239798784256,0.013566622,0.5242808,0.5
immrep23_1410,0.012165951542556286,0.5903878808021545,0.0029642582,0.099210486,0.22566118836402893,0.073431805,0.5070889,0.5
immrep23_1411,0.0009750191820785403,0.2502781450748443,0.00046530366,0.009396166,0.01777590997517109,0.010518361,0.6569482,0.0
immrep23_1412,0.4578271210193634,0.7308951616287231,0.99989134,0.2822658,0.015408274717628956,0.14910568,0.44753823,0.5
immrep23_1413,0.2995733916759491,0.3778525292873382,0.01697132,0.14535028,0.009715048596262932,0.120786764,0.20231377,0.5
immrep23_1414,2.6048857762361877e-05,0.2734980285167694,0.99998844,0.33913624,0.020531676709651947,0.02902514,0.35000956,0.5
immrep23_1415,0.02771085314452648,0.2225257903337478,0.0037543476,1.9910281e-05,0.013807520270347595,0.0017577894,0.3683881,0.2
immrep23_1416,0.0022564264945685863,0.0726216062903404,,0.9998256,0.06131591647863388,0.12404988,0.87349945,0.0
immrep23_1417,0.06773641705513,0.037898015230894,7.3569885e-05,0.24398795,0.11226044595241547,0.015734924,0.2986087,0.5
immrep23_1418,0.0009422904695384204,0.1240139901638031,2.635698e-05,1.7393617e-05,0.010996309109032154,0.16818032,0.40327594,0.0
immrep23_1419,0.002974124625325203,0.0052546425722539,5.3050368e-05,0.2478261,0.021621303632855415,0.033074167,0.62300825,0.4
immrep23_1420,0.03866664320230484,0.0104599511250853,8.249091e-05,0.00085160945,0.04295094683766365,0.0038349058,0.19046319,0.0
immrep23_1421,0.1765894889831543,0.0347448028624057,0.19037682,0.0647836,0.0006209760322235525,0.07181879,0.51773256,0.5
immrep23_1422,0.0004853822465520352,0.0992557629942894,0.99939436,0.115708314,0.0003742750268429518,0.10221377,0.10139524,0.2
immrep23_1423,0.00030231295386329293,0.0683687329292297,0.00036394596,2.7112028e-05,0.018609263002872467,0.0044544335,0.6352517,0.2
immrep23_1424,0.002118456643074751,0.0319352746009826,0.98703825,0.016089367,0.03167642280459404,0.009737851,0.47847527,0.0
immrep23_1425,0.14483194053173065,0.0002018884842982,0.10513264,0.15473014,0.006995778065174818,0.5704743,0.6277961,0.5
immrep23_1426,0.02995976246893406,0.5909406542778015,0.00019904971,0.015719471,0.0002757487818598747,0.000935224,0.6182511,0.0
immrep23_1427,0.005920743569731712,0.0150659047067165,0.021670312,0.062371463,0.015184435062110424,0.000106943335,0.39300522,0.2
immrep23_1428,0.012848776765167713,0.6698097586631775,0.001238972,0.010652616,0.014905796386301517,0.00024460428,0.356313,0.4
immrep23_1429,1.1890409950865433e-05,0.0524921417236328,1.9062267e-05,0.04071933,0.02306312508881092,0.00054039597,0.45233217,0.5
immrep23_1430,0.0012297374196350574,0.5789862275123596,0.999987,0.057582267,0.00020236606360413134,0.003814726,0.70842975,0.2
immrep23_1431,0.010634434409439564,0.0567957088351249,9.399032e-05,5.7030335e-05,0.00036477413959801197,0.00010556336,0.7474287,0.2
immrep23_1432,0.010822842828929424,0.5998463034629822,0.0049595535,0.053801566,0.020388910546898842,0.1639164,0.6867987,0.5
immrep23_1433,0.35101428627967834,0.0024446307215839,0.016055971,0.00014683652,0.0006959974416531622,0.01893442,0.9285446,0.5
immrep23_1434,0.3208426237106323,0.0901248753070831,0.634188,0.99964684,0.0011203447356820107,0.264161,0.8981899,0.6
immrep23_1435,0.11042775213718414,0.0080955559387803,0.0001296699,0.0024451022,0.00011177154374308884,0.029477103,0.6613856,0.4
immrep23_1436,0.023829707875847816,0.0035053982865065,0.05721554,0.060862355,0.010365436784923077,0.016691137,0.6068417,0.0
immrep23_1437,0.0010040891356766224,0.2636411488056183,0.00018322468,0.19671889,0.011618895456194878,0.002614855,0.44401848,0.5
immrep23_1438,0.06263189017772675,0.4365662932395935,5.9034835e-05,0.19672883,0.007751742843538523,0.0004894506,0.31707656,0.0
immrep23_1439,0.09008072316646576,0.0340254455804824,2.1324959e-05,0.21396764,0.0034485722426325083,8.2164275e-05,0.5184183,0.0
immrep23_1440,0.00015244515088852495,0.5296497941017151,0.1758711,0.15425801,0.019988248124718666,0.01949307,0.70806766,0.2
immrep23_1441,0.20142051577568054,0.090606689453125,0.842754,0.0044608,0.0008501471602357924,0.004639736,0.96524954,0.2
immrep23_1442,9.874282113742083e-06,0.5134469866752625,0.33875388,0.17643042,0.027352502569556236,0.029993925,0.6854086,0.5
immrep23_1443,0.0004031670687254518,0.0991338714957237,0.040555537,0.11137708,0.052967753261327744,0.008445922,0.5401995,0.2
immrep23_1444,0.08871609717607498,0.4102865159511566,5.1714473e-05,0.20979445,0.02019418217241764,0.39527917,0.18633127,0.2
immrep23_1445,0.0005703350179828703,0.5908045172691345,3.8817587e-05,0.6349946,0.00017531293269712478,0.00012835604,0.56747216,0.5
immrep23_1446,0.14090700447559357,0.5895002484321594,0.377595,0.00014747451,0.00016821046301629394,0.00039233998,0.74531317,0.2
immrep23_1447,0.014914257451891899,0.0560964718461036,0.001593411,0.24054866,0.00023549504112452269,0.8119466,0.13289666,0.5
immrep23_1448,0.1519935578107834,0.3723973631858825,0.0019285977,0.99967176,0.00023725652135908604,0.0010375555,0.68232536,0.0
immrep23_1449,0.011075752787292004,0.2352765351533889,0.0018611252,0.06613155,0.018554698675870895,0.002641501,0.7883791,0.5
immrep23_1450,0.00799124501645565,0.1779666393995285,0.00023508072,0.44108662,0.016175182536244392,0.048997413,0.60747224,0.0
immrep23_1451,0.1836380511522293,0.0832214504480362,8.028786e-06,0.18589541,0.01361983735114336,0.08469375,0.15739541,0.5
immrep23_1452,0.003442362416535616,0.0866223126649856,0.00050517917,0.2025894,0.032628219574689865,0.5978424,0.4727732,0.5
immrep23_1453,0.050994955003261566,0.0001424897200195,0.0014780462,0.121994555,0.0009939521551132202,0.0029065884,0.9491678,0.0
immrep23_1454,0.00011132044164696708,0.0133767165243625,0.008663386,0.16208854,0.0340992771089077,0.70780087,0.53505015,0.2
immrep23_1455,0.4677667021751404,0.0213751755654811,0.99958766,0.6898679,0.0017733029089868069,0.072908364,0.90757,0.2
immrep23_1456,0.30788934230804443,0.2750416994094848,0.00042834878,0.0026758104,3.1059738830663264e-05,0.0032214674,0.6473626,0.4
immrep23_1457,1.5181859453150537e-05,0.4694132506847381,0.005046934,0.33885255,0.06464722007513046,0.31524444,0.38509536,0.2
immrep23_1458,0.07231120020151138,0.0408290550112724,0.008190334,0.2544639,0.009680084884166718,0.00020856068,0.13484715,0.4
immrep23_1459,0.02188946306705475,0.0105444081127643,0.00058975816,0.00027673808,0.05081423372030258,0.008609224,0.6608275,0.5
immrep23_1460,0.004976887721568346,0.0527336597442626,0.024137706,0.21880464,0.009363817051053047,0.009039643,0.5258884,0.5
immrep23_1461,2.778184904350667e-10,0.0059592546895146,0.0052959323,0.17885102,0.024925032630562782,0.0070962333,0.65033185,0.5
immrep23_1462,0.0012545437784865499,0.0024191560223698,0.059456736,0.020656642,0.00023265155323315412,0.005108329,0.62883943,0.5
immrep23_1463,0.0006798007525503635,0.0548307485878467,0.33653188,4.362611e-05,0.0003635510802268982,0.005753737,0.66268444,0.2
immrep23_1464,0.00035214723902754486,0.0211278200149536,0.8932366,0.118125044,0.019673407077789307,6.3073945e-05,0.7164751,0.5
immrep23_1465,1.2341174624452833e-05,0.1183857023715972,0.030393958,2.3066657e-05,0.016904465854167938,0.012029211,0.5833148,0.2
immrep23_1466,0.5583869814872742,0.027522349730134,0.32894033,0.25726387,0.027159465476870537,0.033104014,0.32228887,0.2
immrep23_1467,0.1369563192129135,0.7432984709739685,,,0.06429048627614975,0.49002376,0.8553295,0.4
immrep23_1468,0.005861655808985233,0.4230066537857055,0.05655271,0.075100645,0.015954794362187386,0.4689816,0.69573474,0.5
immrep23_1469,9.849543130258098e-05,0.1990575790405273,0.03410119,0.06415208,0.018563654273748398,0.049479645,0.42477807,0.2
immrep23_1470,0.007188701536506414,0.765185534954071,0.26304567,0.00055231404,0.0001739770668791607,0.0043933145,0.59435314,0.5
immrep23_1471,0.010155752301216125,0.2651288509368896,0.09122816,0.15671259,0.03293538838624954,0.047174092,0.67817914,0.5
immrep23_1472,0.0014165665488690138,0.3983935415744781,0.18911499,0.0494288,0.012182880192995071,0.0063949134,0.633018,0.5
immrep23_1473,0.00814252719283104,0.7176799774169922,0.604333,0.00028875787,0.0001549961161799729,0.00018412837,0.7440494,0.5
immrep23_1474,0.004056861158460379,0.8282270431518555,0.24173623,0.088817894,0.03323259949684143,0.065811194,0.12602483,0.5
immrep23_1475,0.35648027062416077,0.0638556480407714,0.9999641,0.2224969,0.032608579844236374,0.012789068,0.44138542,0.5
immrep23_1476,0.36152753233909607,0.0293240901082754,0.0014347732,0.0004729495,0.024707453325390816,0.020938477,0.700279,0.2
immrep23_1477,0.00330327614210546,0.0007471602293662,0.14710778,0.29499847,0.030648445710539818,0.68506783,0.15136483,0.5
immrep23_1478,0.09178009629249573,0.0006489639054052,0.10493925,0.004741806,0.07775743305683136,0.0011783756,0.79279274,0.0
immrep23_1479,0.012146134860813618,0.0638765469193458,0.38307574,0.08373654,0.1464296579360962,0.08405278,0.44971326,0.5
immrep23_1480,0.5040884017944336,0.010089267976582,0.85986125,0.5341431,0.001022129668854177,0.05872705,0.90944946,0.2
immrep23_1481,0.006154088769108057,0.0260998252779245,0.036791563,0.00079446874,0.012480874545872211,0.0013583978,0.7554294,0.5
immrep23_1482,0.009550681337714195,0.000860716914758,0.043749034,0.17369127,0.07077666372060776,0.0020590962,0.66135246,0.5
immrep23_1483,0.3638029396533966,0.0519248805940151,6.1202936e-06,0.00014490084,0.00022125832038000226,0.0033175824,0.64489704,0.4
immrep23_1484,0.009036913514137268,0.0094272186979651,0.03377083,0.00026165723,0.012089286930859089,0.002739678,0.21067758,0.0
immrep23_1485,0.0002555116661824286,0.6661840081214905,0.016541451,0.09955959,0.011102421209216118,0.08241082,0.60220706,0.5
immrep23_1486,7.032632964865115e-08,0.1210065558552742,0.5069668,0.17759159,8.968900510808453e-05,0.16212922,0.18780233,0.2
immrep23_1487,0.28695008158683777,0.0716160833835601,,0.11482209,0.001068787183612585,0.00605281,,0.5
immrep23_1488,0.0017402314115315676,0.2015867382287979,0.5563406,0.16145697,0.04662920907139778,0.03142024,0.50074357,0.5
immrep23_1489,0.00019490046543069184,0.1807459592819214,0.7292131,0.035156082,0.012620842084288597,0.012492753,0.5029691,0.0
immrep23_1490,0.010303670540452003,0.784781277179718,0.9982873,0.15138671,0.04739346355199814,0.0005865798,0.31100172,0.5
immrep23_1491,0.18678472936153412,0.0089357672259211,0.9717866,0.12162193,0.030513040721416473,0.00044586568,0.14379783,0.5
immrep23_1492,0.017751675099134445,0.0709067434072494,0.986303,0.3573355,0.022423872724175453,0.0064099133,0.5900843,0.5
immrep23_1493,0.00714753195643425,0.6561809182167053,0.9998355,0.009140254,0.011354506947100163,0.007859201,0.51936364,0.4
immrep23_1494,0.30200400948524475,0.0007699820562265,0.0004995167,0.0073315143,0.0018963133916258812,0.00963489,0.8829741,0.5
immrep23_1495,0.003714523045346141,0.4552216529846191,0.99998033,0.16968238,0.01869671791791916,0.0005064076,0.6592528,0.0
immrep23_1496,0.12702371180057526,0.3471992313861847,0.007987976,0.00012255523,0.00024639605544507504,0.0025412934,0.6044206,0.5
immrep23_1497,0.30233627557754517,0.1999416947364807,0.25901353,0.00086343364,0.01078005600720644,0.0037367672,0.6539905,0.5
immrep23_1498,0.0002515726664569229,0.0064199552871286,0.8393092,0.012735647,0.00037485334905795753,0.036835924,0.5865793,0.2
immrep23_1499,0.03589211404323578,0.1740060597658157,0.0018078983,0.10427524,0.01194388885051012,0.0008145762,0.42765492,0.6
immrep23_1500,0.0627174973487854,0.0644464120268821,0.07483998,0.19353977,0.048126980662345886,0.4182752,0.49101788,0.5
immrep23_1501,0.23847948014736176,0.1326875686645507,0.77621317,0.01898915,0.0007427016971632838,0.047797557,0.79182476,0.2
immrep23_1502,0.00010342894529458135,0.2167516946792602,2.9733963e-05,0.11624708,0.06336291879415512,0.058495097,0.35465237,0.4
immrep23_1503,0.0002661708858795464,0.517703652381897,0.19570437,0.1895124,0.019077762961387634,0.00826866,0.27915207,0.5
immrep23_1504,0.05824553221464157,0.5478593707084656,2.1043086e-06,0.05149591,0.010612818412482738,0.0016670433,0.37260464,0.2
immrep23_1505,0.005730561912059784,0.0143615258857607,0.0026957989,0.01785641,0.014616768807172775,0.0010141254,0.391103,0.2
immrep23_1506,1.0287876648362726e-06,0.0929684862494468,3.5730915e-05,0.22518094,0.02152998000383377,0.00045509633,0.4739789,0.5
immrep23_1507,0.07622692734003067,0.0012908321805298,3.870041e-05,0.16429152,0.018558159470558167,3.5737714e-05,0.6989455,0.2
immrep23_1508,0.015410800464451313,0.0007441246416419,0.005017847,0.009810388,0.08249478787183762,0.0038296413,0.45553705,0.5
immrep23_1509,0.22056178748607635,0.0508910790085792,,,0.057175107300281525,0.30831847,,0.8
immrep23_1510,0.42485347390174866,0.0209331475198268,0.014501154,0.06328048,0.019423911347985268,0.05100332,0.6858721,0.2
immrep23_1511,0.01007868628948927,0.0731796324253082,0.0024980903,0.08745567,0.003944936208426952,0.00016836337,0.5995383,0.4
immrep23_1512,0.011911177076399326,0.6464575529098511,0.02545771,0.2804978,0.0001897351467050612,0.0002672162,0.68323964,0.5
immrep23_1513,0.009143163450062275,0.1283549964427948,0.99664026,0.16878466,0.11965501308441162,0.033762846,0.59879124,0.5
immrep23_1514,0.12419193983078003,0.6938461065292358,0.0075024664,0.20963387,0.017720330506563187,0.009802428,0.50612795,0.2
immrep23_1515,0.04011880233883858,0.3167698085308075,0.064193815,0.15243846,0.14476269483566284,0.00537371,0.2694216,0.2
immrep23_1516,0.007841786369681358,0.0483552664518356,0.00016081333,0.09255577,0.020168889313936234,0.0015687924,0.6527965,0.5
immrep23_1517,0.0005788730341009796,0.2546775043010711,0.0022569895,0.08094273,0.016161460429430008,0.08337951,0.3272877,0.2
immrep23_1518,0.43357160687446594,0.1848630905151367,0.0005798042,0.16816023,0.021878793835639954,0.0021594288,0.6156026,0.2
immrep23_1519,0.037978798151016235,0.0025027012452483,0.89188075,0.00039112364,0.01564636640250683,0.07623464,0.33903018,0.5
immrep23_1520,0.1549067497253418,0.0208368469029665,,0.050797917,0.06068658083677292,0.0051952894,0.89178467,0.5
immrep23_1521,0.00035738758742809296,0.0830980911850929,0.99791837,0.032523163,3.9314156310865656e-05,9.5506584e-05,0.33330694,0.0
immrep23_1522,0.005034737288951874,0.0064639584161341,0.3160893,0.04428645,0.014477832242846489,0.00085332774,0.3318563,0.5
immrep23_1523,0.009164636954665184,0.0548581853508949,,,0.0002032854245044291,0.003099286,0.6783799,0.2
immrep23_1524,0.28533121943473816,0.000222739559831,0.0070170164,0.0013250326,8.49923089845106e-05,0.0149553865,0.89054596,0.5
immrep23_1525,0.03940883278846741,0.433852344751358,0.07123703,3.4816727e-05,0.0002178480790462345,0.014504792,0.63059,0.0
immrep23_1526,0.05476712808012962,0.1805858463048935,0.7429539,0.12215446,0.04309647157788277,0.022775063,0.4305846,0.6
immrep23_1527,0.012399663217365742,0.0074888877570629,0.9995743,0.00058524864,0.02118278294801712,0.0033620442,0.18396084,0.0
immrep23_1528,0.0015292670577764511,0.135034829378128,0.00013813376,0.19052756,0.02159331552684307,0.04129907,0.49051633,0.5
immrep23_1529,0.06499132513999939,0.0003236317425034,0.007987976,0.32580826,0.044229306280612946,0.0014430329,0.568854,0.5
immrep23_1530,0.08384929597377777,0.0200352203100919,,,0.06451839208602905,0.037687615,0.859251,0.0
immrep23_1531,0.045149970799684525,0.0038946708664298,0.08290991,6.0859e-05,0.13399793207645416,0.000315124,0.16189225,0.5
immrep23_1532,3.62315375923572e-07,0.136779174208641,0.00028273463,0.104098596,0.020135024562478065,0.07816726,0.7066097,0.2
immrep23_1533,0.008604919537901878,0.0467202328145504,0.025913954,0.26071832,0.0020333784632384777,0.024574172,0.6789907,0.0
immrep23_1534,0.015981197357177734,0.6232625842094421,0.816244,0.14116058,0.012119273655116558,0.0008491145,0.28181222,0.2
immrep23_1535,0.02658723294734955,0.0014533416833728,0.0599806,0.0002076664,0.00023119014804251492,0.00020965845,0.7646992,0.0
immrep23_1536,0.24757960438728333,0.0076798456721007,0.00010530964,0.00010632929,0.00011674175766529515,0.002999431,0.8627772,0.0
immrep23_1537,4.63069518445991e-05,0.6243230700492859,0.11348319,9.956227e-05,0.0001475465251132846,0.00027073224,0.571158,0.0
immrep23_1538,0.005052420776337385,0.2521226704120636,0.61480284,0.0012312238,0.00024296420451719314,0.0004206895,0.59124553,0.5
immrep23_1539,0.02790823206305504,0.2770715653896332,0.07534301,0.14800097,0.005149978678673506,0.6321104,0.19736746,0.0
immrep23_1540,0.0029693690594285727,0.0805437490344047,0.74434453,0.1676527,0.00015007103502284735,0.11379347,0.6991578,0.0
immrep23_1541,0.144033282995224,0.08115915954113,0.77792954,0.24391428,0.020393406972289085,0.008563066,0.37824005,0.2
immrep23_1542,0.008085117675364017,0.0123384948819875,0.0007407367,0.0020520098,0.09697595983743668,0.0027631798,0.7919478,0.0
immrep23_1543,0.12831203639507294,0.0004124740080442,0.9994769,0.28821546,0.0005455206846818328,0.055004258,0.855556,0.5
immrep23_1544,0.010835771448910236,0.0109483255073428,0.99950945,0.14089458,0.01983473263680935,0.14944126,0.5956179,0.6
immrep23_1545,0.030663922429084778,0.1268339604139328,3.821264e-05,0.24181361,0.0019137184135615826,0.004976647,0.78628254,0.5
immrep23_1546,5.9135643823537976e-05,0.7960819005966187,0.014674246,0.21164796,0.00018618545436765999,0.39396134,0.23718138,0.0
immrep23_1547,0.028135210275650024,0.2427869588136673,0.0048131645,0.24721475,0.018687017261981964,0.027147979,0.68930495,0.2
immrep23_1548,0.028551531955599785,0.0249014124274253,0.030393958,0.19066478,0.0476430207490921,0.0019749233,0.3057125,0.5
immrep23_1549,3.090677273576148e-05,0.0207732580602169,0.0031587481,7.251993e-05,0.013579525984823704,0.0006173404,0.4264976,0.0
immrep23_1550,0.02748335525393486,0.1188138425350189,0.9900359,0.055861354,0.02083411253988743,0.009981562,0.7893285,0.2
immrep23_1551,0.025953222066164017,0.1269458532333374,0.9396986,0.23380975,0.023033691570162773,0.019777646,0.7036472,0.5
immrep23_1552,0.019563671201467514,0.4127210676670074,0.00040373206,0.17934877,0.01851574145257473,9.5158495e-05,0.69140697,0.5
immrep23_1553,0.004069867078214884,0.0214007254689931,0.0012833178,0.10407355,0.00551513209939003,0.0009747623,0.49004346,0.2
immrep23_1554,0.396711140871048,0.1974471360445022,0.6721008,0.020385852,0.0007056143367663026,0.063722916,0.9650481,0.5
immrep23_1555,0.008969600312411785,0.4732591807842254,0.00036275387,0.16708323,0.01384397316724062,0.08286564,0.2656052,0.5
immrep23_1556,0.30761176347732544,0.0042836577631533,0.0061384737,0.019962173,0.0018949512159451842,0.19506213,0.73506725,0.6
immrep23_1557,0.11211011558771133,0.3315945267677307,0.031316817,0.48546138,2.1163785277167335e-05,0.017562257,0.65345377,0.5
immrep23_1558,0.0003666353295557201,0.1376492232084274,0.39989787,0.1235733,0.01684974692761898,0.00016784293,0.70046973,0.0
immrep23_1559,0.02669508010149002,0.173312708735466,0.0010778904,0.021622071,0.017691602930426598,0.030854352,0.5219924,0.2
immrep23_1560,0.001554033369757235,0.2704490125179291,0.023828417,0.00014001151,0.00017984390433412045,5.806269e-05,0.5716622,0.2
immrep23_1561,0.02114896848797798,0.0721383914351463,0.00027292967,0.28037766,0.013876411132514477,0.012570871,0.65924346,0.5
immrep23_1562,0.05149500072002411,0.6191015243530273,0.020579427,0.0017989126,0.01490872260183096,0.0008439345,0.36876467,0.8
immrep23_1563,0.1294316053390503,0.0843310430645942,0.99996537,0.27353075,0.00646747462451458,0.3910637,0.5138922,0.5
immrep23_1564,0.16434627771377563,0.1341712325811386,,,0.055075861513614655,0.15995985,,0.2
immrep23_1565,0.0013153983745723963,0.0111694857478141,5.367796e-05,0.14295867,0.009072412736713886,0.009823917,0.72441375,0.4
immrep23_1566,0.2528795301914215,0.2372552752494812,0.16194317,0.053509306,0.010269712656736374,0.00055417535,0.14070103,0.5
immrep23_1567,0.08174894005060196,0.5507879853248596,0.01197201,0.027289445,0.00026099715614691377,0.0029601213,0.712434,0.0
immrep23_1568,0.0379369892179966,0.1018855050206184,0.0011378527,0.08559258,0.0031835425179451704,0.0019624636,0.6452911,0.5
immrep23_1569,0.15397007763385773,0.8061692714691162,0.0049107373,0.99994934,0.05764785036444664,0.99898964,0.8033607,0.6
immrep23_1570,0.00209525553509593,0.0074720638804137,0.05782646,0.10917741,0.013858551159501076,0.03238723,0.36564618,0.0
immrep23_1571,0.00015354058996308595,0.021024590358138,4.982003e-06,4.171425e-05,0.014016874134540558,0.089133,0.46383047,0.0
immrep23_1572,0.04067281633615494,0.000803223636467,0.009847254,,0.060559794306755066,0.0044410876,0.8840036,0.5
immrep23_1573,0.032860178500413895,0.4357276558876037,0.7529634,0.02206328,0.00018932329840026796,0.0033565175,0.5299601,0.5
immrep23_1574,0.031950920820236206,0.747978687286377,9.62151e-05,0.02791444,0.016239024698734283,0.00020282544,0.46506536,0.5
immrep23_1575,0.04530590400099754,0.0006792445201426,0.0009481609,0.022990841,0.027513260021805763,7.893974e-05,0.5076133,0.5
immrep23_1576,0.05560414120554924,0.0477699004113674,1.8662956e-06,0.033687543,1.4322894458018709e-05,0.00031326234,0.2348495,0.5
immrep23_1577,0.1786339432001114,0.0003645413962658,0.99128574,0.0001624554,0.0010280614951625466,0.13593136,0.84827274,0.5
immrep23_1578,0.04569082707166672,0.0064665740355849,0.09122816,9.3159244e-05,0.0004771306412294507,0.0016650107,0.74106807,0.5
immrep23_1579,0.24079649150371552,0.0027737880591303,8.989341e-05,0.00018364136,0.0003434603859204799,0.0024211546,0.725674,0.0
immrep23_1580,0.0044605787843465805,0.2222440987825393,6.633162e-05,0.19463667,0.0003249150176998228,0.018217018,0.1885028,0.5
immrep23_1581,0.6909536719322205,0.0033014994114637,0.9060341,0.66345894,0.0015816129744052887,0.10903306,0.89635223,0.5
immrep23_1582,0.008633442223072052,0.0196936260908842,5.0734154e-05,0.0681517,0.030469413846731186,0.077520125,0.16159275,0.5
immrep23_1583,0.005700855515897274,0.0525110438466072,0.03764102,0.5830699,3.549902976374142e-05,0.00026452745,0.27106622,0.0
immrep23_1584,0.00039667898090556264,0.0860091745853424,7.958223e-05,0.16073212,0.02030208148062229,0.4934901,0.36397249,0.2
immrep23_1585,0.06565617024898529,0.0116325821727514,3.8751823e-05,0.00010132807,0.05752703547477722,0.72920525,0.82594085,0.2
immrep23_1586,0.0038871567230671644,0.1497230976819992,0.0018217266,0.14284495,0.0292531605809927,0.06254657,0.36737037,0.2
immrep23_1587,0.16434627771377563,0.5925368070602417,,,0.055075861513614655,0.0032809596,,0.4
immrep23_1588,0.2344599962234497,0.6316574215888977,0.25455314,0.29894215,0.011488037183880806,0.42134085,0.4918805,0.5
immrep23_1589,0.20615936815738678,0.0588776320219039,9.652915e-05,0.20292273,0.0007990188896656036,0.19629732,0.84067905,0.0
immrep23_1590,0.007667050696909428,0.1997997909784317,0.9999701,0.19597252,0.013345317915081978,0.023773223,0.33662274,0.5
immrep23_1591,0.06832469254732132,0.1268815845251083,0.0004618168,0.081346974,0.018371526151895523,0.02547846,0.6131527,0.5
immrep23_1592,0.014683317393064499,0.1112510859966278,0.3054468,0.05851074,0.0106113962829113,0.0016935918,0.66102874,0.5
immrep23_1593,0.12270139902830124,0.0051913331262767,0.2011435,0.5114265,0.0011467760195955634,0.12562646,0.8432971,0.5
immrep23_1594,0.20728737115859985,0.0559337921440601,0.99574757,0.040983226,0.008039459586143494,0.47998205,0.073332615,0.5
immrep23_1595,0.007689230144023895,0.1072888374328613,0.041837394,0.06536493,0.00964727345854044,0.16353448,0.12287493,0.0
immrep23_1596,0.0016832879045978189,0.1276976317167282,0.21519247,0.11724941,0.051173873245716095,0.011097522,0.44480962,0.5
immrep23_1597,0.007970805279910564,0.0163050927221775,0.73716843,0.0065500857,0.11809676885604858,4.0092473e-05,0.41758603,0.0
immrep23_1598,0.0020451010204851627,0.5518946647644043,0.007894248,0.12890936,0.02149115689098835,0.037717238,0.7035857,0.4
immrep23_1599,0.4350315034389496,0.0099393837153911,0.28956977,0.24418657,0.0015718605136498809,0.28961396,0.634531,0.0
immrep23_1600,0.011171402409672737,0.0621952749788761,1.0213728e-06,0.2224598,4.905755849904381e-05,0.021787167,0.6861576,0.2
immrep23_1601,0.013772106729447842,0.7287333011627197,0.04751113,0.04141825,0.011120944283902645,0.00034196253,0.41968557,0.5
immrep23_1602,0.9601584672927856,0.0279711261391639,1.8794951e-06,0.00023130726,0.00015908063505776227,0.0016027397,0.8699146,0.5
immrep23_1603,0.00910242646932602,0.0035449683200567,0.11021316,6.9442445e-05,0.01224010530859232,0.0059869494,0.7659899,0.5
immrep23_1604,0.013934873044490814,0.3982783854007721,0.9987439,0.19804317,0.013414004817605019,0.00045427453,0.5999972,0.5
immrep23_1605,0.33041325211524963,0.0313492454588413,1.0441526e-05,0.30374047,0.0018190096598118544,0.2966828,0.9426028,0.5
immrep23_1606,0.025170568376779556,0.0627681389451026,0.0003643632,0.11459549,0.014529944397509098,0.008201738,0.2268669,0.5
immrep23_1607,0.0039260368794202805,0.4864904880523681,0.9999099,0.10220172,0.018961207941174507,0.089185074,0.42416668,0.5
immrep23_1608,0.00377489160746336,0.4561340510845184,0.14081916,0.16550434,0.009613696485757828,0.009627735,0.25825194,0.2
immrep23_1609,5.401268481364241e-07,0.013940442353487,0.0012289584,0.14281502,0.00032153367646969855,0.52298087,0.21168543,0.5
immrep23_1610,0.7058137655258179,0.0028195651248097,7.177673e-05,0.6183391,0.0008664370398037136,0.005532562,0.89342314,0.0
immrep23_1611,0.0095669599249959,0.1119110658764839,0.0028460026,0.10140631,0.01060869824141264,0.022666853,0.33659914,0.4
immrep23_1612,0.0026647739578038454,0.5447110533714294,0.015695661,0.2521565,0.0111353425309062,0.041395023,0.6510011,0.5
immrep23_1613,0.0027963253669440746,0.0270146820694208,5.2564388e-05,0.0010967657,0.10865524411201477,0.00086596614,0.8143061,0.4
immrep23_1614,0.22095482051372528,0.034397717565298,0.11898944,0.067899674,0.02859835885465145,0.4326933,0.16433048,0.2
immrep23_1615,2.517814046143485e-08,0.2244108766317367,0.018764853,0.09442021,0.008168088272213936,0.10765786,0.60856247,0.0
immrep23_1616,0.003602772718295455,0.1984618753194809,0.99797726,0.22242472,0.019381068646907806,0.022246365,0.6852006,0.5
immrep23_1617,0.026584599167108536,0.0647425949573516,0.00028398633,0.00073748315,0.10004309564828873,0.16632411,0.81558335,0.2
immrep23_1618,0.002043949207291007,0.2686144709587097,0.11812806,0.21107812,0.014334281906485558,0.0014517496,0.58712995,0.5
immrep23_1619,2.141255208698567e-06,0.0404460653662681,0.00041922927,0.12620029,0.019091762602329254,0.0017257507,0.6266272,0.4
immrep23_1620,0.004914897494018078,0.1561641842126846,0.11130345,0.20215228,0.0002120519056916237,0.046465266,0.20710672,0.5
immrep23_1621,0.08142569661140442,0.2233065515756607,0.005562216,0.006568972,0.0003551180416252464,0.0006051813,0.4210047,0.5
immrep23_1622,0.001086236210539937,0.4958536922931671,0.009257644,0.00034203992,0.00014111782365944237,0.0002725389,0.730532,0.5
immrep23_1623,0.021609384566545486,0.0117933377623558,,0.9996228,0.06593436002731323,0.18834034,0.6672451,0.2
immrep23_1624,0.5837231874465942,0.0035570051986724,0.028846681,0.0002919118,0.10800014436244965,0.001115011,0.7799572,0.4
immrep23_1625,0.03353020176291466,0.0061989682726562,8.0481936e-05,0.25850067,0.005705926567316055,0.062746584,0.76475817,0.0
immrep23_1626,0.0054049259051680565,0.0484013110399246,0.8798312,0.0073371455,2.241108268208336e-05,0.022234088,0.6482737,0.5
immrep23_1627,0.3243074417114258,0.0436685420572757,1.2176452e-05,8.576764e-05,0.00023056979989632964,0.10670139,0.608999,0.2
immrep23_1628,0.08720991760492325,0.2861508429050445,,,0.06427820771932602,0.034523636,0.8107626,0.4
immrep23_1629,4.815689317183569e-05,0.1742295026779174,3.0583074e-06,0.124125406,0.04656025767326355,0.07705602,0.58325505,0.2
immrep23_1630,0.015172303654253483,0.0146837588399648,0.033549696,0.23339732,0.020971298217773438,0.00060702785,0.5328333,0.5
immrep23_1631,0.012797059491276741,0.0087881507351994,0.9999856,0.00011314518,0.00019398494623601437,0.000868556,0.65427893,0.0
immrep23_1632,0.06895724684000015,0.0018059629946947,0.9901433,0.00024083296,0.04679716005921364,3.8445913e-05,0.78842646,0.4
immrep23_1633,5.052220330981072e-06,0.5771245956420898,0.49619415,0.21782036,0.014750850386917591,0.00015362361,0.5774067,0.5
immrep23_1634,0.0014845661353319883,0.0466832295060157,6.865771e-05,8.590639e-06,0.012469854205846786,0.0011793604,0.5977919,0.0
immrep23_1635,0.014157450757920742,0.5161752104759216,7.477566e-06,0.001187033,0.0002393242175457999,0.0020251097,0.76217175,0.5
immrep23_1636,0.04033847898244858,0.5617333650588989,0.31564867,0.5414681,0.0002550234494265169,0.00031030178,0.7387219,0.2
immrep23_1637,6.527911318698898e-05,0.1423987299203872,0.0053367913,0.19729185,0.004422071389853954,0.0457903,0.05158193,0.2
immrep23_1638,0.0027156774885952473,0.8616461753845215,0.00014168024,0.18577977,0.01303216814994812,0.011681118,0.62399256,0.2
immrep23_1639,0.07678518444299698,0.1730333864688873,1.0324131e-05,0.010951741,8.248213998740539e-05,0.002796667,0.63840544,0.5
immrep23_1640,0.0002280476619489491,0.0023820775095373,0.029700726,0.3015769,0.04494611173868179,0.0012352049,0.6876265,0.5
immrep23_1641,0.07332491129636765,0.0949584767222404,4.4017094e-07,0.78490466,0.11180341243743896,0.2686234,0.51866376,0.0
immrep23_1642,0.009281845763325691,0.006913436576724,7.111696e-05,0.00024017118,0.04823905974626541,0.003765598,0.79586935,0.5
immrep23_1643,0.005970920901745558,0.0456600859761238,0.080613196,0.086784065,0.15342894196510315,0.0002206438,0.31608117,0.5
immrep23_1644,0.00025459416792728007,0.5220901966094971,0.29357547,0.124325916,0.013180052861571312,0.36607286,0.34791067,0.4
immrep23_1645,0.3681389391422272,0.1439421772956848,0.7857645,0.029072534,0.006113685667514801,0.029668499,0.035993464,0.4
immrep23_1646,0.030166365206241608,0.3336679339408874,0.9999799,0.35719568,0.017284957692027092,0.006181995,0.4363374,0.6
immrep23_1647,0.0034853946417570114,0.0050786393694579,0.00084477663,3.557528e-05,0.010560459457337856,0.066501334,0.22865994,0.0
immrep23_1648,0.002964993240311742,0.117356464266777,0.0018034577,0.07576625,0.006062372587621212,0.0055655977,0.66474867,0.2
immrep23_1649,0.025492195039987564,0.0610649473965168,0.003739357,0.1934458,0.04224462807178497,0.00038163408,0.22203414,0.5
immrep23_1650,0.02240809053182602,0.0644312426447868,0.026810676,0.12567428,0.016765763983130455,0.7204408,0.35574704,0.6
immrep23_1651,0.14669109880924225,0.0166833661496639,0.004224062,0.23263979,0.016591940075159073,0.0016926304,0.28843758,0.5
immrep23_1652,0.001348353223875165,0.0827720835804939,0.9999928,0.047989495,0.012585915625095367,0.13944174,0.13555111,0.5
immrep23_1653,0.01738949492573738,0.2892534136772156,0.4126544,0.072776064,0.020715972408652306,0.006345833,0.5506525,0.5
immrep23_1654,0.07272608578205109,0.3492239117622375,0.10187855,0.19548242,0.006830569822341204,0.1683273,0.7226156,0.5
immrep23_1655,0.0012214814778417349,0.348018616437912,0.00032022595,0.07590076,0.01255789864808321,0.015660105,0.19025128,0.5
immrep23_1656,0.28695011138916016,0.0011764018563553,,0.73608494,0.001068787183612585,0.027684456,,0.5
immrep23_1657,0.005015530623495579,0.0697944909334182,6.8804075e-05,0.2709837,2.913262869697064e-05,0.00012061146,0.67164636,0.5
immrep23_1658,3.1268697057385e-05,0.451109379529953,0.0020281672,0.000108849235,0.00031186864362098277,0.00021511999,0.4849735,0.0
immrep23_1659,0.03122248686850071,0.00051097094547,0.0034103692,4.6413166e-05,0.0004718017880804837,0.0012025292,0.5076909,0.5
immrep23_1660,0.1750451773405075,0.0868455246090889,0.23117325,0.2694899,0.01879895105957985,0.0004975657,0.1631168,0.2
immrep23_1661,0.0964389368891716,0.0295795034617185,,,0.05226273089647293,0.987525,0.65568876,0.4
immrep23_1662,0.43944382667541504,0.0364596620202064,4.838276e-07,0.2217725,0.00031330203637480736,0.3095842,0.093436025,0.0
immrep23_1663,0.06976976245641708,0.0003925956552848,0.033929795,6.427995e-05,0.11155704408884048,0.0026196288,0.8268869,0.0
immrep23_1664,0.0659240111708641,0.0131563385948538,0.15273291,0.1999335,0.02113949880003929,0.0011094655,0.37981313,0.2
immrep23_1665,0.00036762739182449877,0.0133729539811611,0.0009914339,0.11149062,0.00031837692949920893,0.22531669,0.2522135,0.0
immrep23_1666,0.07410772889852524,0.5550224184989929,0.42448422,4.9761933e-05,0.00043388185440562665,0.00020290143,0.23918778,0.5
immrep23_1667,0.0015549820382148027,0.0126507487148046,0.9981865,0.1362575,0.028280332684516907,0.0023899432,0.4607821,0.6
immrep23_1668,8.618488209322095e-05,0.3067044913768768,0.0484612,0.21762931,0.008508916944265366,0.00042678867,0.71434116,0.5
immrep23_1669,0.006228968035429716,0.19520103931427,0.023906082,0.30277973,0.03687932342290878,0.2075458,0.6585226,0.5
immrep23_1670,0.007895158603787422,0.0090111540630459,0.999985,0.06410842,0.0005022586556151509,0.039550245,0.1279739,0.2
immrep23_1671,0.29039233922958374,0.6912314295768738,0.9999904,0.098094255,0.04709479212760925,0.0015657614,0.3359014,0.5
immrep23_1672,0.03518640249967575,0.1172038838267326,0.0003167987,0.2612618,0.018334267660975456,0.45647225,0.63841087,0.2
immrep23_1673,0.1685696691274643,0.059039406478405,0.00081542134,0.28276274,0.06383736431598663,0.049816895,0.6357579,0.4
immrep23_1674,0.13294149935245514,0.0063832439482212,6.849584e-05,0.053809516,0.01653076708316803,0.00024402564,0.33356813,0.5
immrep23_1675,0.7283172607421875,0.0050502396188676,0.10363752,0.0008162074,4.118360084248707e-05,0.022979394,0.36659187,0.5
immrep23_1676,0.058364350348711014,0.0017484647687524,0.102078915,6.815825e-05,0.0009482703171670437,0.0144300945,0.6320921,0.5
immrep23_1677,0.25810155272483826,0.0180335585027933,2.1839567e-06,0.5580512,0.0006708083674311638,0.7740969,0.8911392,0.5
immrep23_1678,0.009038673713803291,0.3397939801216125,2.4020193e-05,0.06065025,0.0054010204039514065,0.0395941,0.5740179,0.2
immrep23_1679,0.35912054777145386,0.013705750927329,0.0013317466,0.26394883,0.036014631390571594,0.007637424,0.2710146,0.5
immrep23_1680,0.0007542644161731005,0.0887989327311515,0.4206064,0.15655048,0.011826753616333008,0.25198972,0.12491693,0.2
immrep23_1681,0.5564916729927063,0.2389136999845504,0.00024181604,0.27590203,0.005706991534680128,0.2547225,0.09478751,0.2
immrep23_1682,0.12585754692554474,0.1643885672092437,0.034352064,0.18248212,0.06928601115942001,0.02727928,0.66680026,0.4
immrep23_1683,2.62750472757034e-05,0.0026241226587444,0.24513468,0.08003016,0.014783129096031189,0.016655095,0.6984661,0.5
immrep23_1684,0.007074401713907719,0.2308034896850586,0.048868835,0.00885061,0.04620823636651039,0.3566853,0.70834476,0.5
immrep23_1685,0.2304254174232483,0.005504704080522,0.025253683,2.0035874e-05,0.001651277532801032,0.0071060606,0.89651304,0.5
immrep23_1686,0.06408452242612839,0.154509037733078,0.84610623,0.09321456,0.0006423518061637878,0.5563908,0.09284202,0.0
immrep23_1687,0.0810839831829071,0.0577611662447452,0.8932388,0.00037801574,0.0010753112146630883,0.56353974,0.9065929,0.5
immrep23_1688,0.02968534082174301,0.5544776320457458,0.060617805,0.00057627744,0.00030902225989848375,0.0009138471,0.7441349,0.5
immrep23_1689,0.026577461510896683,0.7970340251922607,0.98836374,0.0011793008,0.00010186900908593088,0.00016370304,0.7021379,0.5
immrep23_1690,0.2275838553905487,0.0036116335541009,0.37633306,0.98069906,0.0008662698091939092,0.15638742,0.8255851,0.5
immrep23_1691,0.002840327797457576,0.2052076160907745,0.005518824,0.16890249,0.02821749448776245,0.003177464,0.5335723,0.5
immrep23_1692,0.05168828368186951,0.0087917409837245,0.17741066,0.00053823,0.10502821952104568,0.0005945853,0.63819635,0.5
immrep23_1693,0.1665026992559433,0.004025834146887,0.0018548071,0.0022828183,0.08459703624248505,0.0046447287,0.2199961,0.5
immrep23_1694,0.04920872300863266,0.0076075508259236,0.008676499,0.15484391,0.019852492958307266,0.010682645,0.13058081,0.5
immrep23_1695,0.001484568347223103,0.0225476790219545,0.0023053586,6.887108e-05,0.012469854205846786,0.004711766,0.5977919,0.0
immrep23_1696,0.01104149129241705,0.0739567279815673,0.0682224,0.07644756,0.018660275265574455,0.049320217,0.15810551,0.0
immrep23_1697,0.03419682756066322,0.006544588599354,0.12414706,0.9993547,0.015892507508397102,0.23076211,0.74030393,0.0
immrep23_1698,0.056124087423086166,0.030004646629095,0.99919724,0.00027138024,0.0415269136428833,0.001592911,0.8634332,0.0
immrep23_1699,0.01128142885863781,0.0072450046427547,6.735441e-05,0.0005492203,0.07077043503522873,0.0033481137,0.88924766,0.0
immrep23_1700,0.0007636867230758071,0.0398295186460018,0.003997177,0.15680233,0.017549928277730942,0.003627413,0.37246424,0.2
immrep23_1701,0.14611263573169708,0.0095740472897887,0.0003029704,0.0012786153,0.16118013858795166,0.0013269867,0.73326385,0.5
immrep23_1702,0.01155164185911417,0.0005139065324328,0.0011911988,0.001725645,0.09033790975809097,0.00023968503,0.69607586,0.5
immrep23_1703,0.2284993976354599,0.0519396103918552,0.016800553,0.0062552234,2.3752647393848747e-05,0.0019690206,0.71762824,0.2
immrep23_1704,0.01854844018816948,0.0257843919098377,0.96598387,0.14033702,0.0603451207280159,0.019922366,0.85356057,0.5
immrep23_1705,2.7488424620969454e-06,0.4057814478874206,0.014457405,0.18024027,0.004843703471124172,0.0003084089,0.65784204,0.5
immrep23_1706,6.910404044901952e-05,0.8247936367988586,0.072650254,0.104115486,0.016231132671236992,0.10961955,0.47365195,0.2
immrep23_1707,0.1475968360900879,0.0019054453587159,0.99510217,0.14168079,0.07421039044857025,0.00032160175,0.7658211,0.0
immrep23_1708,0.013737642206251621,0.4044099748134613,0.0101312995,0.12312289,0.15139542520046234,0.28743514,0.66317403,0.5
immrep23_1709,0.13285011053085327,0.1376574784517288,0.0042600036,0.11248133,0.009056979790329933,0.00027966543,0.17011262,0.2
immrep23_1710,0.02390594780445099,0.7142264246940613,0.0237979,0.99935496,0.07953952997922897,0.52523506,0.87456894,0.0
immrep23_1711,0.016793236136436462,0.376343309879303,0.3169723,0.00032892317,0.00019704404985532165,0.03243034,0.5966794,0.2
immrep23_1712,0.0020329549442976713,0.6204922199249268,0.018831193,0.23179865,0.016050580888986588,0.012501079,0.4788301,0.4
immrep23_1713,0.005781871732324362,0.0023932058829814,0.001162082,4.0960284e-05,0.00023956441145855933,7.941041e-05,0.8953644,0.2
immrep23_1714,0.030516507104039192,0.4926035106182098,0.9999813,0.71530795,0.07056331634521484,0.22833803,0.8922547,0.5
immrep23_1715,0.13702230155467987,0.1177021041512489,0.051350236,0.99989784,0.06629475206136703,0.9742603,0.8762746,0.0
immrep23_1716,0.33587002754211426,0.0630571395158767,0.011253923,0.00014650793,0.00034500478068366647,0.007352533,0.5714287,0.5
immrep23_1717,0.055457036942243576,0.2365739047527313,0.0142228305,0.00027257708,0.045005522668361664,0.0037908468,0.27173534,0.5
immrep23_1718,0.0007724760216660798,0.2345537841320037,7.111696e-05,0.1418112,0.013065656647086143,0.31009138,0.22187516,0.2
immrep23_1719,0.031365759670734406,0.0048281084746122,0.00034201145,0.0007752307,0.09585095196962357,0.001041013,0.28905916,0.5
immrep23_1720,0.009474174119532108,0.0315411947667598,0.021474898,0.00070810213,0.049032244831323624,0.0014564535,0.841233,0.0
immrep23_1721,0.16801318526268005,0.0343422703444957,0.9999814,2.451906e-05,0.00031523877987638116,0.27779964,0.6004346,0.5
immrep23_1722,0.004142767749726772,0.0029104037676006,0.011260748,7.03424e-05,0.017708532512187958,0.003365993,0.77632314,0.0
immrep23_1723,0.12866245210170746,0.0048169181682169,0.97966677,0.19719337,0.0006917672581039369,0.0491306,0.8828083,0.5
immrep23_1724,0.006534161511808634,0.0019733139779418,0.101674676,0.00047149634,0.0031070804689079523,0.0016517077,0.7273846,0.0
immrep23_1725,0.06833885610103607,0.0006527304067276,0.052270144,0.0018137653,0.05043509602546692,0.115908064,0.7871881,0.5
immrep23_1726,0.140621155500412,0.0187960136681795,0.0025027096,0.28587765,0.004019882995635271,0.48422146,0.7630236,0.4
immrep23_1727,0.002708970569074154,0.0201889313757419,0.48351046,0.16006377,0.020360620692372322,0.10797858,0.2338798,0.5
immrep23_1728,0.0071689835749566555,0.0782252624630928,6.237849e-05,0.08915424,0.00020176878024358302,0.035643894,0.31301856,0.4
immrep23_1729,0.033356912434101105,0.0453879050910472,0.0058962703,4.937906e-05,0.0004580761305987835,0.09446828,0.5567068,0.5
immrep23_1730,0.020957214757800102,0.0438692010939121,0.00032511353,0.039506417,0.013105442747473717,0.07361267,0.29076445,0.2
immrep23_1731,0.02123517356812954,0.2207843959331512,0.037612647,0.0057106377,3.262535756221041e-05,0.0051128995,0.7004879,0.2
immrep23_1732,0.03374238312244415,0.0286510176956653,5.423834e-05,0.3298306,0.010790418833494186,0.072535396,0.47649086,0.5
immrep23_1733,0.006984597072005272,0.5932939648628235,0.9999944,0.00014788403,0.00027881350251846015,0.000110418645,0.753472,0.5
immrep23_1734,0.024100864306092262,0.046190820634365,0.9941431,0.049993474,0.11440127342939377,0.07511208,0.3773265,0.0
immrep23_1735,0.06048623099923134,0.0017361158970743,0.098951876,0.19679403,0.0004561060923151672,0.005920463,0.6197472,0.5
immrep23_1736,0.005566800944507122,0.4340938329696655,0.99771357,0.18431464,0.010005245916545391,0.0010003785,0.54782706,0.6
immrep23_1737,0.0006948115187697113,0.5541815757751465,0.041837424,0.21004203,0.009748064912855625,0.042815793,0.56241894,0.5
immrep23_1738,0.2901557981967926,0.0438308082520961,0.0012066364,0.11774933,0.000282651832094416,0.0020447439,0.6376345,0.5
immrep23_1739,0.05670139938592911,0.0006991818663664,0.0057324767,0.00018408723,0.0721156969666481,0.005431096,0.7583886,0.5
immrep23_1740,0.00015943597827572376,0.1103822290897369,0.442515,0.14838217,0.021520549431443214,0.0045301686,0.6420413,0.0
immrep23_1741,0.0075722914189100266,0.2425426095724105,0.0038000941,0.068817236,0.00016251576016657054,0.5009766,0.7498522,0.5
immrep23_1742,0.17898254096508026,0.0027626571245491,,,0.000450291350716725,0.03447008,0.6679097,0.5
immrep23_1743,0.35821956396102905,0.0002257036539958,0.0849033,0.99837226,0.010415054857730865,0.09479868,0.80275214,0.0
immrep23_1744,0.03755044937133789,0.0029959990642964,,0.00012167388,0.11423929780721664,0.0010900748,0.8462281,0.2
immrep23_1745,0.002812011167407036,0.1288818269968032,7.6090087e-06,0.24898723,0.00022052350686863065,0.11775593,0.7629628,0.5
immrep23_1746,0.05985640361905098,0.6247565150260925,0.00036028028,0.30783698,0.019889719784259796,9.628395e-05,0.30439565,0.5
immrep23_1747,0.07921675592660904,0.5026450753211975,2.744953e-07,0.9865735,0.05908595398068428,0.30746284,0.8675124,0.2
immrep23_1748,0.011763444170355797,0.0039624995552003,0.0007003546,0.10020529,0.03758763521909714,0.06891383,0.4160208,0.5
immrep23_1749,0.00835425779223442,0.0441800504922866,0.00020754337,0.1941338,0.019772479310631752,0.13854417,0.49992013,0.0
immrep23_1750,0.008416606113314629,0.0694531053304672,4.7231606e-05,0.0012376002,0.07812666147947311,0.0069949403,0.7041938,0.2
immrep23_1751,0.012123829685151577,0.0034727344755083,5.8546884e-05,0.04369989,0.020450245589017868,0.012794963,0.28478464,0.5
immrep23_1752,0.00011132044164696708,0.0110230855643749,7.158478e-05,0.13037731,0.0340992771089077,0.0033540844,0.53505015,0.2
immrep23_1753,0.028492918238043785,0.0327078439295291,0.96011376,0.18190579,0.011233448050916195,8.98322e-05,0.18147175,0.5
immrep23_1754,5.3017662139609456e-05,0.1490871310234069,0.026675195,0.044797834,0.031208867207169533,0.014334846,0.40973735,0.2
immrep23_1755,0.4078104794025421,0.0884668231010437,0.011362046,2.1607395e-05,0.00025594199541956186,0.00081168726,0.6552166,0.0
immrep23_1756,0.11484088003635406,0.3901025354862213,6.0663937e-05,0.0004843502,7.265251770149916e-05,0.0001401193,0.65922725,0.5
immrep23_1757,0.017393363639712334,0.9122892022132874,6.4240153e-06,2.1703325e-05,0.019204875454306602,0.022788486,0.33778718,0.0
immrep23_1758,0.02059224620461464,0.07329823076725,0.013765961,0.00254052,3.0204893846530467e-05,2.9072155e-05,0.652117,0.4
immrep23_1759,0.4111485481262207,0.0003065898490604,0.7002127,0.9962429,0.004328543785959482,0.028871872,0.80080605,0.0
immrep23_1760,0.04194244369864464,0.0117465378716588,0.044877082,8.449269e-05,0.07177714258432388,0.36304235,0.8236028,0.5
immrep23_1761,3.344254650983203e-07,0.0807510316371917,0.9284441,0.29850164,0.0403270348906517,0.42568672,0.44984528,0.4
immrep23_1762,0.08884137868881226,0.0164969228208065,3.869901e-05,0.40306917,0.060240790247917175,0.00094519346,0.15524805,0.0
immrep23_1763,0.08720991760492325,0.7910913825035095,,,0.06427820771932602,0.9285199,0.8107626,0.4
immrep23_1764,0.01610386371612549,0.7168682217597961,0.37034598,0.016744848,0.032401807606220245,0.00012930861,0.14575095,0.5
immrep23_1765,0.002248717937618494,0.3331145048141479,0.17061523,0.1643211,0.019724765792489052,0.015444436,0.39687443,0.0
immrep23_1766,0.10243125259876251,0.0004546646669041,0.022331715,,0.0008737609605304897,0.09240492,0.8704382,0.0
immrep23_1767,0.00475268205627799,0.0200484357774257,0.008990496,4.4083645e-05,0.0017577660037204623,0.20195231,0.8213318,0.5
immrep23_1768,0.028315111994743347,0.0194420758634805,0.11303225,0.2096672,4.343142427387647e-05,0.06644815,0.4324377,0.2
immrep23_1769,0.015999475494027138,0.0399471782147884,0.9989876,5.105742e-05,0.018281107768416405,0.0008049457,0.10908235,0.0
immrep23_1770,0.045046281069517136,0.0136478329077363,0.028288543,0.0002504074,0.061779219657182693,0.011258247,0.8913299,0.0
immrep23_1771,0.00010082614608108997,0.3321771919727325,0.004031241,0.16112383,0.0041368561796844006,0.1388834,0.24170986,0.2
immrep23_1772,0.024494951590895653,0.0044961892999708,0.008682162,1.3721891e-05,0.00017689466767478734,0.017012496,0.73624057,0.0
immrep23_1773,0.006913571152836084,0.0486195161938667,0.016826779,0.22941224,0.026453232392668724,0.0002882256,0.3131315,0.4
immrep23_1774,0.0011503975838422775,0.0032686004415154,0.0005838573,1.401582e-05,0.012421193532645702,0.009972492,0.6411443,0.0
immrep23_1775,0.0046925670467317104,0.3393080234527588,0.0025942922,0.19051078,0.004548373632133007,0.017252905,0.10472161,0.5
immrep23_1776,0.0009422900038771331,0.0347596555948257,0.7957798,3.6145134e-06,0.010996309109032154,0.0036942165,0.40327594,0.0
immrep23_1777,0.04703542962670326,0.1214783117175102,0.0009814799,0.20502134,0.006904426496475935,0.34899724,0.17151353,0.0
immrep23_1778,0.0007442132919095457,0.0105438409373164,0.18259686,0.07235576,0.0001820991892600432,0.003517943,0.36979246,0.5
immrep23_1779,0.16434627771377563,0.2320712208747863,,,0.055075861513614655,0.9513323,,0.8
immrep23_1780,0.03723399341106415,0.0380991399288177,0.9993562,0.9999148,0.04613950103521347,0.9873022,0.848812,0.4
immrep23_1781,0.03255344554781914,0.4660370945930481,0.092409015,0.16634452,0.0005667220102623105,0.044750713,0.5449804,0.4
immrep23_1782,0.05083897337317467,0.0009725379059091,0.078434914,,0.0009598173783160746,0.0025518078,0.89730054,0.0
immrep23_1783,0.009263776242733002,0.367445558309555,0.0013687015,0.00033160156,0.0003081138711422682,0.0015993676,0.7588132,0.5
immrep23_1784,0.056104790419340134,0.0051424838602542,0.00082200766,0.00052138173,0.08206094801425934,0.0026900417,0.87424004,0.5
immrep23_1785,0.07374554127454758,0.5590842962265015,0.99939436,0.12532781,0.11020128428936005,0.39080063,0.31471768,0.5
immrep23_1786,0.08510050922632217,0.0061695910990238,0.95446235,0.08782381,0.0030157016590237617,0.114191465,0.7751924,0.5
immrep23_1787,0.0015135593712329865,0.0075157936662435,0.079307824,0.070694,0.00020273240807000548,0.025947979,0.7068371,0.5
immrep23_1788,5.366523510019761e-07,0.092715635895729,0.23251888,0.14365974,0.04219169169664383,2.8819797e-05,0.37657204,0.0
immrep23_1789,0.015431360341608524,0.5925852060317993,0.93353903,0.17126358,0.02322806790471077,0.008990584,0.6552812,0.0
immrep23_1790,0.0013709409395232797,0.0363582335412502,0.9994055,0.11000292,0.0004351192619651556,0.081006855,0.17330018,0.0
immrep23_1791,0.20365262031555176,0.2137474417686462,0.12399864,0.14169371,0.04325230419635773,0.039106503,0.35344005,0.5
immrep23_1792,0.003622055519372225,0.771761417388916,0.011510164,0.004950663,0.012132867239415646,0.0012467508,0.3959194,0.5
immrep23_1793,0.040892526507377625,0.7933002710342407,0.027902633,0.26186636,0.012874415144324303,0.38636163,0.43889683,0.5
immrep23_1794,8.767296822043136e-05,0.1202917844057083,0.51364154,0.20585331,0.029304146766662598,0.064295165,0.6140517,0.5
immrep23_1795,0.00024094154650811106,0.1404355466365814,0.007267773,0.036103867,0.009884143248200417,0.454076,0.06889676,0.5
immrep23_1796,2.298105027875863e-05,0.1224105507135391,0.000110572786,0.057646733,0.0033186576329171658,0.0064071836,0.63255036,0.0
immrep23_1797,0.019224219024181366,0.6351666450500488,0.68499446,0.0001905258,0.00016215461073443294,0.00016229058,0.6772233,0.5
immrep23_1798,2.2633661501458846e-05,0.0244846362620592,0.25936455,0.024472577,0.03321429714560509,0.0071156686,0.60427475,0.0
immrep23_1799,0.0023930079769343138,0.0219066888093948,0.0003479123,0.020360226,0.04389563947916031,0.040950935,0.3801918,0.2
immrep23_1800,0.0005083330906927586,0.0043025407940149,0.18638209,0.00016840683,0.011929194442927837,0.0032972388,0.53087556,0.0
immrep23_1801,0.0028311158530414104,0.0098851462826132,0.00374192,0.0047238264,0.047311585396528244,7.071105e-05,0.9070176,0.5
immrep23_1802,0.00731978053227067,0.0229910388588905,0.00038847327,0.11524174,0.01294329110532999,0.058542546,0.16588166,0.0
immrep23_1803,0.07776379585266113,0.3623352646827698,0.00063058734,0.002294387,0.00015969996456988156,0.00010519588,0.64971876,0.2
immrep23_1804,0.20845761895179749,0.0650288313627243,0.07444015,0.19630435,0.04980103671550751,0.041865606,0.22623266,0.5
immrep23_1805,0.11544965207576752,0.3118935227394104,2.9737778e-06,0.26015767,0.023242846131324768,0.019941792,0.27214372,0.5
immrep23_1806,0.010097675956785679,0.132788673043251,0.18816939,0.048426807,0.14968746900558472,0.11326574,0.17306052,0.5
immrep23_1807,0.6214964389801025,0.3203612864017486,0.6309526,0.048567303,0.0193528663367033,0.16665517,0.3454167,0.5
immrep23_1808,0.00011337851174175739,0.5306301116943359,0.018144608,0.19420084,0.0005597781273536384,0.014866856,0.37391442,0.4
immrep23_1809,8.338051884493325e-06,0.3929907381534576,0.37683055,0.2811372,0.00046705015120096505,0.044846952,0.14970143,0.5
immrep23_1810,0.00020336976740509272,0.0188056714832782,0.031677693,0.055756867,0.000432451517554,0.32646468,0.089151256,0.5
immrep23_1811,0.001976295141503215,0.6634159684181213,0.97420764,0.32857358,0.02023184299468994,0.022276925,0.5297816,0.6
immrep23_1812,0.00048055642400868237,0.0318816676735878,0.00036627054,0.1842784,0.012947501614689827,8.6632295e-05,0.4008168,0.5
immrep23_1813,0.0020512286573648453,0.0194053556770086,0.45116565,0.104743995,0.018457679077982903,0.0067499047,0.59463525,0.5
immrep23_1814,0.045303843915462494,0.0020846684928983,0.0132187605,2.5143465e-05,0.0006898182909935713,0.00065781316,0.68949753,0.5
immrep23_1815,0.11510303616523743,0.0837508887052536,0.0068182945,0.00017029277,0.12203618139028549,0.025016913,0.4907077,1.0
immrep23_1816,0.48360776901245117,0.0002609981456771,0.0004965663,1.4938162e-05,0.000732436659745872,0.016770182,0.876633,0.0
immrep23_1817,0.09275176376104355,0.6551485061645508,1.1994883e-06,0.24722727,0.013820454478263855,0.23143947,0.56639826,0.5
immrep23_1818,0.42900362610816956,0.1651290208101272,0.00034472346,,0.00022178594372235239,0.3868706,0.71461964,0.0
immrep23_1819,7.294081297004595e-05,0.000575776444748,0.8119102,0.6709567,0.0011182937305420637,0.13407241,0.92420393,0.6
immrep23_1820,0.03871551528573036,0.0055954726412892,4.6112655e-06,0.10168724,0.008929337374866009,0.08356129,0.17183436,0.0
immrep23_1821,0.0013140254886820912,0.0007673260988667,0.02960518,0.00026947432,0.09574918448925018,0.001604368,0.16359594,0.5
immrep23_1822,0.028610285371541977,0.1429933905601501,0.3495162,0.24353103,0.008170428685843945,0.16414024,0.67310417,0.5
immrep23_1823,0.09962842613458633,0.0054341391660273,0.013372272,0.008155502,0.0005754958256147802,0.46535024,0.7592196,0.2
immrep23_1824,0.001230633701197803,0.3935883641242981,0.5124243,0.1465635,0.03295088931918144,0.11023486,0.62952334,0.5
immrep23_1825,1.2346389667072799e-05,0.0185381863266229,0.0008122921,0.078106366,0.017272286117076874,0.004004981,0.3708859,0.4
immrep23_1826,0.00015825036098249257,0.0189440511167049,0.0012507737,0.05331411,0.012748975306749344,0.1353923,0.51455057,0.5
immrep23_1827,0.1257689893245697,0.0050393398851156,0.06362763,0.00016809865,0.13637571036815643,8.722607e-05,0.5431526,0.0
immrep23_1828,0.12105047702789307,0.1841447651386261,0.022443205,,0.00017772514547687024,0.006493626,0.6616677,0.0
immrep23_1829,0.5003181099891663,0.4520337879657745,0.030330807,0.040267333,0.00635503139346838,0.0048138145,0.14694393,0.5
immrep23_1830,0.014417750760912895,0.0038981318939477,,0.998404,0.0001981205423362553,0.0007351349,0.69874716,0.4
immrep23_1831,0.0008778018527664244,0.2172081470489502,0.013987005,0.02118152,0.013238796032965183,0.004027794,0.4413823,0.0
immrep23_1832,0.08253675699234009,0.4632568061351776,0.0007866621,0.00044312413,0.0003775231016334146,0.0005613022,0.47666347,0.5
immrep23_1833,0.043629080057144165,0.3405162096023559,0.00030443072,0.027215544,0.07081921398639679,0.0016240585,0.87615037,0.5
immrep23_1834,0.0033859063405543566,0.0007886029197834,0.06727517,0.14199594,0.010169283486902714,0.12673065,0.4103691,0.5
immrep23_1835,0.013475310057401657,0.0317363701760768,0.13809872,0.03589543,0.007122382987290621,0.10577569,0.07228395,0.2
immrep23_1836,0.01904538832604885,0.0897274762392044,0.0074822903,0.0030069908,0.07122333347797394,0.001093646,0.8665756,0.0
immrep23_1837,0.00040710772736929357,0.0237396974116563,0.06775543,6.99759e-05,0.013343428261578083,0.044619024,0.6049415,0.0
immrep23_1838,0.014918236993253231,0.1953408122062683,0.36798763,0.23280814,0.029932398349046707,0.016751746,0.49184608,0.5
immrep23_1839,0.007684261538088322,0.6095559000968933,2.7053286e-05,0.0002909105,0.00017299677710980177,0.01702953,0.68428373,0.5
immrep23_1840,0.05004997178912163,0.0105643663555383,0.99725425,0.2476732,0.0355912446975708,0.0075024213,0.31661874,0.5
immrep23_1841,0.030900409445166588,0.0727347210049629,0.99946046,0.13967963,0.0045086112804710865,0.0010928696,0.6425252,0.4
immrep23_1842,0.14399313926696777,0.0004142108664382,0.0005517304,0.00031175016,0.06278707832098007,0.0022438103,0.68828773,0.5
immrep23_1843,0.000723480770830065,0.0429953746497631,0.00048679113,0.04558239,0.022859705612063408,0.018084219,0.6211864,0.2
immrep23_1844,0.07634898275136948,0.0534471459686756,0.00023129582,0.0014985744,0.06897932291030884,0.0009047502,0.872616,0.0
immrep23_1845,0.0492955818772316,0.5784757733345032,0.0006201267,0.12347753,0.014441266655921936,0.18973978,0.1937416,0.4
immrep23_1846,0.10980452597141266,0.0001983240799745,0.8237051,0.0018642973,0.0021239230409264565,0.019742299,0.8328944,0.0
immrep23_1847,0.2709231674671173,0.0520407520234584,0.00040441751,0.009112647,0.0010543584357947111,0.3787197,0.8263218,0.2
immrep23_1848,0.08942015469074249,0.3516493737697601,0.0018761158,0.16009429,0.023474711924791336,0.0043336907,0.28560427,0.4
immrep23_1849,0.0175035297870636,0.0181418750435113,0.9887351,0.008484715,0.020457042381167412,0.04375483,0.26634157,0.5
immrep23_1850,0.007590131834149361,0.1898006796836853,0.0002824068,0.00082012115,0.00033118511782959104,8.036249e-05,0.6064899,0.0
immrep23_1851,0.0009398274123668671,0.1980460733175277,0.0019441545,0.20790634,0.02066868729889393,0.17562023,0.2678772,0.5
immrep23_1852,0.15178832411766052,1.7041154933394864e-05,0.999689,0.7600366,0.0016939514316618443,0.0018099888,0.91208607,0.5
immrep23_1853,0.034164153039455414,0.5904348492622375,0.007987976,6.846705e-05,0.0002262356283608824,0.04622343,0.5160437,0.5
immrep23_1854,0.011173836886882782,0.0006675103795714,0.99941635,0.00018436144,0.0994129478931427,0.17626251,0.29299933,0.5
immrep23_1855,0.0002478975511621684,0.2391096204519271,0.38478804,0.19147572,0.015658672899007797,0.08661292,0.4781829,0.5
immrep23_1856,0.0008973158546723425,0.0064728818833827,0.0022788346,0.00020839465,0.012557702139019966,0.0036016346,0.6705886,0.0
immrep23_1857,0.005570957902818918,0.0870879366993904,0.00021269917,0.17992443,0.00023989581677597016,0.20788956,0.12807433,0.5
immrep23_1858,0.008325079455971718,0.0282748024910688,0.004167795,0.23036477,0.03638234734535217,0.39030063,0.53513616,0.2
immrep23_1859,0.010997917503118515,0.0015144461067393,2.2383633e-06,0.06269369,0.004906532354652882,0.35073525,0.6626049,0.0
immrep23_1860,0.03797910362482071,0.0085782157257199,8.511148e-05,0.0023764952,0.10012985020875931,0.003557262,0.7507764,0.4
immrep23_1861,0.0005136082763783634,0.2622746527194977,0.70680994,0.14126,0.03392081335186958,0.0008685278,0.40851673,0.5
immrep23_1862,0.022045385092496872,0.6333298087120056,0.63746244,0.0041934326,0.035466279834508896,0.0011130314,0.41680747,0.0
immrep23_1863,0.04590049013495445,0.8602147102355957,0.7511244,0.00019997836,0.010628742165863514,0.0004419829,0.2098654,0.2
immrep23_1864,0.000839651154819876,0.4554823637008667,0.8821739,0.09652093,0.05143824964761734,0.087649174,0.45517308,0.5
immrep23_1865,0.15722328424453735,0.0003506240609567,0.0005647838,0.00016216663,0.0579417422413826,0.017674241,0.6140437,0.5
immrep23_1866,0.00279802642762661,0.05196488276124,0.006328374,0.26843178,0.08160129934549332,0.5177299,0.30606708,0.2
immrep23_1867,0.02328735776245594,0.2892074286937713,0.108433336,0.01643396,0.00029567533056251705,0.0065885107,0.59187186,0.2
immrep23_1868,0.055690765380859375,0.0525601170957088,0.013552964,0.31832469,0.041338369250297546,0.017956581,0.62429893,0.2
immrep23_1869,0.016103621572256088,0.0013389602536335,0.6652742,0.000625486,0.06777752935886383,0.00390743,0.59715605,0.5
immrep23_1870,0.028524167835712433,0.0496291890740394,0.028502047,0.22578856,0.0022563417442142963,0.004761733,0.7718611,0.0
immrep23_1871,0.0715104341506958,0.0140571482479572,0.012293071,0.0002552228,0.00594796659424901,0.0010335043,0.49185792,0.0
immrep23_1872,0.10220345854759216,0.6568819284439087,0.0009163916,0.00013832762,0.0001346808421658352,0.00011412609,0.5608188,0.4
immrep23_1873,0.0066546304151415825,0.6033879518508911,0.9999889,0.9393436,0.000283040979411453,0.0072801746,0.7443003,0.5
immrep23_1874,0.018698230385780334,0.043706152588129,0.00641039,0.16168809,0.026092322543263435,0.0060018688,0.2917543,0.5
immrep23_1875,0.03515876457095146,0.0654930025339126,0.0015123487,0.024896136,0.08610203117132187,0.00035565317,0.8404462,0.2
immrep23_1876,0.03569239005446434,0.5142761468887329,0.016541451,0.10694511,0.037109214812517166,6.496439e-05,0.1214225,0.5
immrep23_1877,0.211392343044281,0.6835700869560242,0.0027829409,0.11513382,0.01057345699518919,0.0013413834,0.5034111,0.5
immrep23_1878,0.021824099123477936,0.2088534086942672,0.99136555,0.06733334,0.010514669120311737,0.047155857,0.697664,0.5
immrep23_1879,1.8270162399858236e-05,0.3277192711830139,0.012691796,0.31672478,0.00880624633282423,0.0005866228,0.64772487,0.2
immrep23_1880,0.7666183114051819,0.0151495691388845,0.0032067597,0.40806454,0.0015295138582587242,0.011772372,0.87585616,0.2
immrep23_1881,0.0130728455260396,0.2470912933349609,7.584229e-05,0.16762677,0.00043785542948171496,0.0069669452,0.35648143,0.2
immrep23_1882,0.13391806185245514,0.0014943788992241,0.61102897,0.0013094698,0.0743093490600586,0.00046458846,0.635334,0.5
immrep23_1883,0.09728509187698364,0.4122292101383209,0.0002732277,0.088661864,0.007947638630867004,0.018846685,0.25428125,0.5
immrep23_1884,0.11374250799417496,0.0237108822911977,7.3717256e-06,0.16609278,0.0243354644626379,0.00030399417,0.42436758,0.5
immrep23_1885,0.033729806542396545,0.0097939148545265,0.4545051,0.0010603319,0.001173809403553605,0.23218647,0.766306,0.0
immrep23_1886,0.007076468784362078,0.705438494682312,0.00033709407,0.18009523,0.0002935614320449531,0.23035617,0.31029192,0.2
immrep23_1887,0.0004860042536165565,0.0012168178800493,7.9927464e-05,0.16071662,0.053294938057661057,0.00085696595,0.15647887,0.5
immrep23_1888,0.001136956037953496,0.5200165510177612,0.0019739568,0.0008091066,0.00027355601196177304,0.00037221468,0.6917419,0.5
immrep23_1889,0.0012139341561123729,0.4604235589504242,1.2581115e-05,0.1585778,0.0005790316499769688,0.50263345,0.14785877,0.5
immrep23_1890,0.10247110575437546,0.0553479976952075,0.39527348,0.009709657,0.00023322278866544366,0.0009517419,0.73138154,0.5
immrep23_1891,2.4433583689642546e-07,0.1929905712604522,0.00014421344,0.0002529191,0.008352495729923248,0.0019957172,0.80864966,0.5
immrep23_1892,0.00462238909676671,0.02606737986207,0.021044135,0.07481958,0.009173297323286533,0.004688337,0.34619918,0.5
immrep23_1893,0.09373026341199875,0.0199505854398012,2.5301456e-06,0.20493504,0.03535963222384453,0.004265552,0.61130726,0.5
immrep23_1894,0.00014395111065823585,0.026556521654129,0.71166354,2.491692e-05,0.009755459614098072,0.18991123,0.5325453,0.0
immrep23_1895,0.6746790409088135,0.205557107925415,0.00083482265,0.005647906,0.0011982631403952837,0.41607392,0.9599583,0.2
immrep23_1896,0.0013970653526484966,0.8546995520591736,0.04650426,0.00011993018,0.00014397074119187891,9.659874e-05,0.7654171,0.4
immrep23_1897,0.15564006567001343,0.069750465452671,0.004706651,0.00024243833,0.00029361629276536405,0.027031735,0.8019471,0.0
immrep23_1898,0.007210310082882643,0.002873649355024,0.00026646256,0.0043855486,0.08400892466306686,0.00044571693,0.8788044,0.5
immrep23_1899,0.011345378123223782,0.0452213771641254,0.0012441278,0.2568904,0.03154084458947182,0.012147365,0.7070686,0.0
immrep23_1900,0.0038283169269561768,0.2667475342750549,0.6074176,0.14717987,0.021333973854780197,0.00058980554,0.28801516,0.5
immrep23_1901,0.0032115697395056486,0.6320826411247253,1.346767e-05,0.00034916098,0.0002961854625027627,0.00021461744,0.4322428,0.4
immrep23_1902,0.010178906843066216,0.0275995675474405,0.47425672,0.14391868,0.012875705026090145,0.15582395,0.44792348,0.2
immrep23_1903,0.016807232052087784,0.2397874146699905,0.008505553,0.00018911289,0.13392995297908783,0.0117568765,0.57011473,0.5
immrep23_1904,0.42308640480041504,0.3032312095165252,0.0055982172,0.19201718,0.005310293287038803,0.042445805,0.038781937,0.2
immrep23_1905,0.0018392788479104638,0.6317843794822693,0.9573176,0.15272583,0.0002999315911438316,0.00038032501,0.5972611,0.5
immrep23_1906,0.038653090596199036,0.0562492907047271,0.010134399,0.21456344,0.0031215944327414036,0.080910824,0.7811637,0.5
immrep23_1907,0.02493354119360447,0.0789888799190521,0.005319625,0.2717373,0.0036304027307778597,0.18839762,0.7846683,0.5
immrep23_1908,0.008597764186561108,0.6142936944961548,0.85986125,0.18460438,0.0013745550531893969,0.0027317943,0.32248423,0.4
immrep23_1909,0.033272407948970795,0.0068197227083146,0.029586583,0.11289352,0.0024824170395731926,0.19898993,0.25240186,0.2
immrep23_1910,4.792521576746367e-05,0.4281626343727112,0.004114479,0.26319507,0.0004906842950731516,0.062877744,0.17019038,0.5
immrep23_1911,0.0009958588052541018,0.1257790625095367,0.00030234456,0.32510823,0.03165653720498085,0.0007579611,0.56804717,0.5
immrep23_1912,0.019183604046702385,0.5941207408905029,8.2803504e-05,0.0029056603,0.00017904913693200797,0.011064379,0.55831265,0.5
immrep23_1913,0.0290629044175148,0.444979578256607,0.01000905,0.2136893,0.04084261506795883,0.14538522,0.6684059,0.5
immrep23_1914,0.00014009219012223184,0.6371778845787048,0.022162646,7.44413e-05,0.00012282628449611366,0.0008756996,0.7126861,0.2
immrep23_1915,0.0006054345867596567,0.1062013357877731,0.2602955,0.056117125,0.006468219682574272,0.20405808,0.20348118,0.5
immrep23_1916,0.21389605104923248,0.3141043484210968,0.80970967,,0.00021051079966127872,0.0025496678,0.7171066,0.2
immrep23_1917,0.0923490822315216,0.0014458774821832,0.97473216,0.26645902,0.006020176224410534,0.0028004956,0.4358153,0.5
immrep23_1918,0.0016254591755568981,0.0053779347799718,0.0003528893,0.00013696804,0.11707286536693573,0.001186744,0.87383455,0.5
immrep23_1919,0.08641639351844788,0.0563123635947704,0.9998011,0.98383105,0.04596499726176262,0.0014541639,0.8297836,0.2
immrep23_1920,0.1763489544391632,0.006949673872441,0.3738075,0.93137807,0.0013613570481538773,0.0035532096,0.8678151,0.0
immrep23_1921,0.03499103710055351,0.1803826093673706,0.8060113,0.99924356,0.0005832648603245616,0.1637741,0.590219,0.2
immrep23_1922,0.29884761571884155,0.1564513593912124,0.00022980571,0.08351616,0.005741806700825691,0.17539583,0.028683735,0.6
immrep23_1923,0.1481892615556717,0.2568848729133606,0.042075574,0.31659752,0.0011834827018901706,0.7432834,0.84540457,0.5
immrep23_1924,0.2993375360965729,8.797152258921415e-05,0.93402016,0.0961755,0.006094811949878931,0.16300508,0.7911233,0.5
immrep23_1925,0.4141271412372589,0.4879791140556335,0.27702948,0.32680705,0.010454376228153706,0.00087869936,0.43818516,0.5
immrep23_1926,0.0033800755627453327,0.5592467188835144,0.0009185374,0.21121743,0.00040462054312229156,0.32277608,0.300002,0.5
immrep23_1927,0.000181572453584522,0.3143156170845032,0.00075921416,0.17645417,0.013166974298655987,0.0005464314,0.40523216,0.2
immrep23_1928,0.36170509457588196,0.4008232653141022,0.009257644,0.20161097,0.004570906050503254,0.014645958,0.05275957,0.5
immrep23_1929,0.014772472903132439,0.2307162582874298,0.0062897503,0.0044291415,0.06867284327745438,0.0074097514,0.87810063,0.5
immrep23_1930,0.09370553493499756,0.0002591167285572,0.0032033324,0.00027956945,0.0937146469950676,0.00038266365,0.86734074,0.5
immrep23_1931,0.05217450484633446,0.2415824085474014,0.16683912,0.20318644,0.00895736739039421,0.0043368745,0.23341171,0.0
immrep23_1932,0.058745674788951874,0.0555425845086574,0.95422685,0.12698583,0.00012166340457042679,0.00049484,0.6268443,0.5
immrep23_1933,0.002986188977956772,0.0310245528817176,9.375478e-05,0.04552237,0.03281359747052193,0.010249071,0.54625756,0.5
immrep23_1934,0.023422550410032272,0.0999945253133773,0.0012081563,0.31701398,0.00039612952969036996,0.02330706,0.0916376,0.5
immrep23_1935,0.000634356343653053,0.2139490842819214,0.8932366,0.02166674,0.005248977802693844,0.0059262244,0.459059,0.2
immrep23_1936,0.036470700055360794,0.0849794149398803,0.90655637,0.26527184,0.04065519943833351,0.08213114,0.6807002,0.5
immrep23_1937,0.11159352213144302,0.0017756966408342,0.00738582,0.4734591,0.003128247568383813,0.25825524,0.869272,0.5
immrep23_1938,0.024266719818115234,0.0542842335999012,,0.99981624,0.06486619263887405,0.570688,0.88186836,0.0
immrep23_1939,0.028282159939408302,0.0008935784571804,0.090088844,0.23250528,0.00467263488098979,0.005176421,0.6739786,0.6
immrep23_1940,0.6565430760383606,0.3943791687488556,0.0012803376,0.103906475,0.006140852812677622,0.16389647,0.3024338,0.5
immrep23_1941,0.029809588566422462,0.0492324903607368,0.014518678,0.045948148,0.1387750804424286,0.0033450553,0.53510046,0.2
immrep23_1942,0.013679148629307747,0.6042526960372925,0.0035719275,0.00042055701,0.00020153805962763727,0.00048010636,0.74587715,0.2
immrep23_1943,0.012745115906000137,0.4529622793197632,0.0034589767,6.393329e-05,0.00041333597619086504,0.0006407306,0.63966346,0.5
immrep23_1944,0.0011002670507878065,0.5522109866142273,0.997681,0.13141564,0.00035202139406464994,0.0043906625,0.5045019,0.5
immrep23_1945,0.00041418461478315294,0.0117285279557108,0.99797523,0.15751055,0.009044752456247807,0.060385827,0.76816654,0.5
immrep23_1946,0.023832567036151886,0.0080510545521974,0.37771893,0.0026906459,0.07132048904895782,0.00621509,0.6497631,0.2
immrep23_1947,0.00558370491489768,0.5280086994171143,0.98591465,0.07131148,0.012005534954369068,0.6377045,0.16556905,0.5
immrep23_1948,0.005035119596868753,0.0342739671468734,0.8816651,0.17892277,0.022306028753519058,0.00017115781,0.537954,0.5
immrep23_1949,0.0006798008107580245,0.0314735397696495,0.035756946,0.00016159768,0.0003635510802268982,0.0065512364,0.66268444,0.2
immrep23_1950,0.015512426383793354,0.2400054484605789,0.5352467,0.110404335,0.00016758337733335793,0.01999262,0.33707294,0.2
immrep23_1951,0.008543575182557106,0.0546468384563922,0.99428236,0.00050661864,0.00024121624301187694,0.00416738,0.86139363,0.4
immrep23_1952,0.09234897047281265,0.0031662350520491,0.0038969815,0.32240197,0.006020176224410534,0.19335729,0.4358153,0.5
immrep23_1953,0.375835120677948,0.0292806886136531,0.8472326,0.07505817,0.0011241018073633313,0.19659159,0.76559097,0.4
immrep23_1954,0.06430235505104065,0.651268482208252,,,0.0449872650206089,0.9960084,0.7880271,0.4
immrep23_1955,0.1453297734260559,0.0231723729521036,0.21727818,0.0011206476,0.06106971204280853,0.0014160048,0.86509836,0.2
immrep23_1956,0.0032237956766039133,0.7758087515830994,0.050141037,0.09571074,0.021757835522294044,0.23231854,0.6709721,0.5
immrep23_1957,0.0005542875733226538,0.1051469668745994,0.24593478,0.14318667,0.018374204635620117,0.009102632,0.6355883,0.2
immrep23_1958,8.788172999629751e-05,0.066568374633789,0.05800447,0.1052333,0.018178489059209824,0.0050638597,0.7018827,0.2
immrep23_1959,0.0007891919231042266,0.607589602470398,0.00016009808,7.9822225e-05,0.00013066609972156584,0.001490143,0.49332827,0.5
immrep23_1960,0.24491943418979645,0.0011312476126477,0.38717017,0.0066172355,0.000258638639934361,0.019840106,0.58915514,0.5
immrep23_1961,0.0994647666811943,0.6133871078491211,0.032475233,0.016455775,0.00019839634478557855,0.00031713245,0.7150471,0.5
immrep23_1962,1.2731038623314817e-05,0.0085070952773094,0.19831434,0.08783199,0.028195643797516823,0.053224657,0.63931274,0.0
immrep23_1963,0.013900620862841606,0.2054580748081207,3.1321529e-06,0.121137425,0.05086050555109978,0.0014182775,0.17510766,0.2
immrep23_1964,0.04260902851819992,0.3206436038017273,0.01958868,0.1689443,0.16567984223365784,0.11853169,0.8084963,0.5
immrep23_1965,0.02904505468904972,0.4309170246124267,0.00010267236,0.07080073,0.08714886009693146,0.00021948515,0.6160888,0.5
immrep23_1966,0.0001525748666608706,0.5900146961212158,0.027051061,0.3459103,0.015712931752204895,0.09066871,0.6698591,0.5
immrep23_1967,0.0029130824841558933,0.5659792423248291,0.01446265,0.092824645,0.011016578413546085,0.011992934,0.2785553,0.2
immrep23_1968,0.09565121680498123,0.0465409383177757,0.008990496,0.24350238,0.02317407913506031,0.3813871,0.1655179,0.5
immrep23_1969,0.020604709163308144,0.019436240196228,0.007073581,0.58040726,5.707927994080819e-05,0.01827762,0.43220487,0.5
immrep23_1970,0.016844645142555237,0.3691684901714325,0.0006734729,0.1635392,0.01681561768054962,0.1466527,0.29752797,0.5
immrep23_1971,0.01624537818133831,0.0052037048153579,0.015251398,0.00023120144,0.007914341986179352,0.04837752,0.20437384,0.0
immrep23_1972,0.005478627514094114,0.0530236177146434,0.15797898,0.14863522,0.010657301172614098,0.018032305,0.67403746,0.5
immrep23_1973,0.010475311428308487,0.0033626712393015,0.0060622096,0.00022718505,0.011534998193383217,0.0039767604,0.16851272,0.0
immrep23_1974,0.07253158092498779,0.0014396192273125,0.0003784299,0.28702474,0.09697732329368591,0.031533122,0.76401126,0.5
immrep23_1975,0.36429914832115173,0.2689034342765808,0.00039809942,0.028441165,0.00933009758591652,0.009894088,0.28688,0.5
immrep23_1976,0.06309429556131363,0.001650376827456,0.18618983,0.96360236,0.0014965158188715577,0.04936294,0.8139844,0.5
immrep23_1977,0.0006748857558704913,0.4399071633815765,0.7523458,0.18743885,0.0153582151979208,0.007970956,0.6903271,0.0
immrep23_1978,0.09728490561246872,0.1683226227760315,0.90863556,0.16648224,0.007947638630867004,0.1488076,0.25428125,0.5
immrep23_1979,0.007960579358041286,0.0313633158802986,3.909604e-05,0.2760486,0.05601341649889946,0.49045426,0.6375132,0.5
immrep23_1980,0.009432519786059856,0.0549183636903762,0.9983292,0.10980372,0.024524372071027756,0.35960612,0.25155917,0.5
immrep23_1981,0.18519625067710876,0.6751255393028259,,,0.05196929723024368,0.7249581,0.8148457,0.6
immrep23_1982,0.0008365971152670681,0.0714536905288696,0.013743788,0.15892166,0.0005277786403894424,0.033167098,0.13909031,0.5
immrep23_1983,0.3951127231121063,0.5982102751731873,0.0029607713,2.845922e-05,0.0002106913016177714,0.006393505,0.6650478,0.4
immrep23_1984,0.14614351093769073,0.4657109379768371,0.0019922554,0.00016748885,0.0003959828754886985,0.47013366,0.5003282,0.4
immrep23_1985,0.0005714158760383725,0.024925161153078,0.9991312,0.039781988,0.007736544590443373,0.053831354,0.101219356,0.5
immrep23_1986,0.00114167551510036,0.0276836343109607,1.0644329e-05,0.032275148,0.01877148076891899,0.006329603,0.48499066,0.2
immrep23_1987,0.04763323441147804,0.0019680976402014,0.98962516,0.0010211535,0.07133397459983826,0.00033444783,0.89804435,0.5
immrep23_1988,0.0067802914418280125,0.1659394353628158,0.21729404,0.33709335,0.050367049872875214,0.005291632,0.6527958,0.2
immrep23_1989,0.0006368891918100417,0.0550547912716865,0.99936426,8.226355e-05,0.021232349798083305,0.012102347,0.4945433,0.2
immrep23_1990,0.6106429696083069,0.1190968975424766,0.03957355,0.0011856402,0.00848862063139677,0.0008216328,0.43610477,0.2
immrep23_1991,4.831439582630992e-06,0.0678391829133033,0.0001617074,0.14546353,0.049704212695360184,0.044709545,0.5592611,0.5
immrep23_1992,0.0051505062729120255,0.0417801514267921,0.001988709,0.24763194,0.17644239962100983,0.5204471,0.49050927,0.5
immrep23_1993,0.003394909668713808,0.7110161185264587,0.022666097,0.14733508,0.00029148260364308953,0.0021824131,0.6004852,0.5
immrep23_1994,0.03801867738366127,0.0188139975070953,2.7217406e-05,0.00014335942,0.13441719114780426,0.00053678424,0.66881156,0.0
immrep23_1995,0.539924681186676,0.6087820529937744,0.0018024743,0.017639589,0.0001947017153725028,0.0009822156,0.7332892,0.2
immrep23_1996,0.09900275617837906,0.0647030919790268,0.99935013,0.092887595,0.0036932213697582483,4.128005e-05,0.5060461,0.4
immrep23_1997,0.17482636868953705,0.0178005713969469,0.6407674,0.00083057425,0.10027758777141571,0.0006608933,0.6650402,0.5
immrep23_1998,2.3719574073766125e-06,0.022476453334093,0.00045651197,0.18587838,0.005977405235171318,0.32765037,0.07143548,0.4
immrep23_1999,0.00014129839837551117,0.0710198357701301,0.019399464,0.13339424,0.021663306280970573,0.44922805,0.269962,0.5
immrep23_2000,0.05507170036435127,0.0142386872321367,0.0133601725,0.2259852,0.01530884113162756,0.023824869,0.61671674,0.5
immrep23_2001,0.7896090745925903,0.0009715293999761,0.0003953874,,0.000274993188213557,0.005984252,0.6207464,0.0
immrep23_2002,0.09844382107257843,0.0456676110625267,1.7930959e-05,0.05254663,0.013235388323664665,0.0381746,0.4576576,0.5
immrep23_2003,0.00035564249265007675,0.1312131136655807,0.018920451,0.1517556,0.015383359044790268,0.0002185888,0.682199,0.2
immrep23_2004,0.011348304338753223,0.4135802388191223,0.0005046427,0.999658,0.00016066939861048013,0.043820716,0.39753672,0.2
immrep23_2005,0.08164820075035095,0.6424496173858643,0.76169854,0.2630716,0.03690788894891739,0.0030680017,0.41710672,0.5
immrep23_2006,3.744395144167356e-05,0.2959755063056946,9.058428e-05,0.15053591,0.04663536697626114,0.14784822,0.24911684,0.5
immrep23_2007,0.017027510330080986,0.0001768047950463,0.0001334548,0.036330663,0.05499033257365227,0.0006428904,0.38244694,0.0
immrep23_2008,0.005532970651984215,0.1852860450744629,0.11706132,0.24605592,0.014599361456930637,0.001687954,0.6069353,0.4
immrep23_2009,0.03828904405236244,0.0408199541270732,0.0015875399,0.21511106,0.010002600960433483,0.022826828,0.37532103,0.5
immrep23_2010,0.12853287160396576,0.0113817155361175,0.021610051,0.0015352131,0.11737138777971268,0.0006453011,0.7892016,0.5
immrep23_2011,0.046635303646326065,0.0117182414978742,0.0032549202,2.2743514e-05,0.07939338684082031,0.07983045,0.47621137,0.0
immrep23_2012,0.0025238334201276302,0.0134451314806938,0.16480175,0.026325038,0.016939939931035042,0.411798,0.21410201,0.0
immrep23_2013,0.0007995645864866674,0.3064911663532257,0.018359393,0.1272454,0.00026973566855303943,0.32621536,0.28141356,0.5
immrep23_2014,0.013180281966924667,0.0053289965726435,0.6840331,0.0011474206,0.1048041358590126,0.044386163,0.7498549,0.0
immrep23_2015,0.1322108507156372,0.0015314230695366,4.2677035e-05,5.639157e-05,0.00040276043000631034,0.00012887262,0.55903155,0.5
immrep23_2016,0.07227908074855804,0.1041235998272895,0.6783447,0.00025267445,0.13785699009895325,0.046541516,0.7726185,0.5
immrep23_2017,0.13937896490097046,0.6759003400802612,0.0005055666,0.00057728996,0.00016118775238282979,0.0028963457,0.5891567,0.5
immrep23_2018,0.0023283062037080526,0.4429235160350799,0.002366811,0.1347754,0.022499896585941315,0.00018209954,0.6974715,0.0
immrep23_2019,0.10247110575437546,0.0416731983423233,0.05455461,0.039095473,0.00023322278866544366,0.010369923,0.73138154,0.0
immrep23_2020,0.09880392253398895,0.1837843507528305,0.055397958,0.08994922,0.00038545203278772533,0.00017567638,0.20580101,0.5
immrep23_2021,0.0462859682738781,0.7500627040863037,0.0098825395,0.34069452,0.016422245651483536,0.003515497,0.23409434,0.2
immrep23_2022,0.013733132742345333,0.2585987746715545,0.39173183,0.36853558,0.0003636243927758187,0.074849635,0.32327816,0.5
immrep23_2023,0.1230618879199028,0.0245805922895669,3.4674355e-05,0.18494976,0.0018355707870796323,0.048120834,0.9641387,0.5
immrep23_2024,0.01456460915505886,0.345764011144638,0.0011247993,0.023668755,0.018299492076039314,0.26239043,0.1968847,0.5
immrep23_2025,0.010253701359033585,0.3418052494525909,0.8795172,0.08897178,0.01259053684771061,0.0053634536,0.54309565,0.0
immrep23_2026,0.31781312823295593,0.0070278830826282,0.00012359023,0.002738738,0.00018644322699401528,0.00377539,0.66340166,0.0
immrep23_2027,0.7378417253494263,0.4094031453132629,0.00046634674,0.23245044,0.0005605125334113836,0.015899496,0.9153058,0.4
immrep23_2028,2.1397281670942903e-06,0.6972083449363708,0.25950474,0.15415782,0.02391364425420761,0.0075581823,0.60804427,0.2
immrep23_2029,0.6958335638046265,0.0017499251989647,0.00035619736,0.0014224852,0.025054901838302612,0.47479674,0.53488,0.5
immrep23_2030,0.03124340809881687,0.016211912035942,8.999025e-05,0.037187777,0.017990291118621826,0.21768805,0.17428711,0.5
immrep23_2031,0.03166992962360382,0.6277363300323486,0.0055944026,0.0001223151,0.000524830655194819,0.000792191,0.66862047,0.5
immrep23_2032,0.4212840497493744,0.5487750172615051,0.99975145,0.017649326,0.0003994352591689676,0.0073052505,0.6662438,0.5
immrep23_2033,8.992532060788858e-14,0.4068936109542846,0.016911775,0.31304166,0.006941461004316807,0.0009382193,0.683724,0.5
immrep23_2034,0.33720704913139343,0.1125561743974685,0.3994614,,0.00015690842701587826,0.006588995,0.6215931,0.0
immrep23_2035,0.04049884155392647,0.0210937652736902,0.99374557,0.00012372495,0.1078590676188469,8.0370235e-05,0.48658776,0.2
immrep23_2036,0.006465048994868994,0.2671544551849365,6.8670247e-06,0.107753515,0.005526229273527861,0.011954833,0.19444987,0.2
immrep23_2037,1.3090156514294904e-08,0.1115014851093292,6.5738765e-05,0.26511753,0.017790410667657852,0.07926729,0.45328355,0.2
immrep23_2038,0.016923662275075912,0.6876292824745178,0.0048362613,0.00017972288,0.0002012327458942309,0.00011282943,0.27597746,0.5
immrep23_2039,0.030648790299892426,0.0036410947795957,0.99484676,8.768512e-05,0.009198342449963093,0.0016227182,0.23667704,0.0
immrep23_2040,0.021337175741791725,0.4635947644710541,0.025178999,0.10117446,0.00815280806273222,0.01886706,0.49390072,0.5
immrep23_2041,0.00986867118626833,0.007979686371982,0.00082576275,0.13336417,0.0006256880005821586,0.02203848,0.6886951,0.2
immrep23_2042,0.04489646852016449,0.3808198869228363,0.08031455,0.07204773,0.01747923158109188,0.0076217838,0.70741713,0.2
immrep23_2043,0.002370442496612668,0.0749666839838028,7.2730796e-07,0.046063602,0.004852243233472109,0.0029788523,0.10106717,0.0
immrep23_2044,8.277729648398235e-07,0.0562125630676746,0.9998076,0.13010266,0.04183010756969452,0.19327432,0.6168256,0.5
immrep23_2045,0.23766958713531494,0.2656062841415405,0.73761976,0.082202956,0.06808645278215408,0.00014879889,0.9071921,0.2
immrep23_2046,0.00045078180846758187,0.320362776517868,0.5919658,0.11305086,0.009951003827154636,0.024620093,0.40640828,0.2
immrep23_2047,0.0009750191820785403,0.0900653600692749,0.011970699,0.0053547164,0.01777590997517109,0.0028000853,0.6569482,0.0
immrep23_2048,0.04548335820436478,0.0099947843700647,0.0023666024,0.00027796638,0.1141618937253952,0.095948406,0.30457273,0.5
immrep23_2049,0.02281121164560318,0.4655870199203491,0.19872284,0.0006074705,0.00029155900119803846,2.1955479e-05,0.713802,0.5
immrep23_2050,0.10844331234693527,0.0016039167530834,0.053704828,0.00018254135,0.0995819941163063,0.00015670792,0.736798,0.2
immrep23_2051,0.004329754039645195,0.1751134544610977,0.000374645,0.19746448,0.01984911412000656,0.1956327,0.67584467,0.5
immrep23_2052,0.5525987148284912,0.053152535110712,0.11348319,0.00030517238,0.023349137976765633,0.024072578,0.50980633,0.0
immrep23_2053,0.0001100948138628155,0.0432520098984241,0.20840898,0.048199296,0.030593566596508026,0.0627649,0.59512323,0.2
immrep23_2054,0.07601132243871689,0.5801845192909241,6.8980053e-06,0.3129147,0.0002611611853353679,0.0044897567,0.43090698,0.5
immrep23_2055,0.013654240407049656,0.5569270849227905,0.13301384,0.09583539,0.004989494103938341,0.5788897,0.18429023,0.5
immrep23_2056,0.00012079203588655218,0.2863886058330536,0.6373305,0.20877211,0.00032614459632895887,0.46906006,0.11297643,0.5
immrep23_2057,2.2755443751520943e-06,0.067619003355503,0.049031675,0.07679716,0.003323075594380498,0.0010878708,0.502175,0.2
immrep23_2058,0.0015769333112984896,0.0039927596226334,0.0017752945,0.15245472,0.03373763710260391,0.016591303,0.6581959,0.2
immrep23_2059,0.3625507056713104,0.3683082163333893,0.053013206,0.018541504,1.809107925510034e-05,0.031164052,0.6703131,0.5
immrep23_2060,0.20981527864933014,0.0004506767436396,0.22044659,0.2642651,0.0005934843793511391,0.0055656238,0.89613533,0.2
immrep23_2061,0.20402948558330536,0.0494963824748992,0.12078452,0.2755576,0.027312466874718666,0.051692188,0.28762576,0.5
immrep23_2062,0.017797937616705894,0.055048044770956,0.001867801,0.14722106,0.02018026076257229,0.022460455,0.36224353,0.5
immrep23_2063,0.28319066762924194,0.0708181262016296,0.9991207,0.05152865,0.0009686442790552974,0.040280983,0.9533155,0.2
immrep23_2064,0.11396419256925583,0.6549571752548218,0.9391149,0.008431907,0.029385292902588844,0.051648725,0.38356495,0.5
immrep23_2065,0.007693622726947069,0.4503077268600464,0.39588416,0.198846,0.00956990197300911,0.058376223,0.18894322,0.5
immrep23_2066,0.007756105158478022,0.5032439827919006,0.97280097,0.11179636,0.018911516293883324,0.15034805,0.287682,0.5
immrep23_2067,0.004943567328155041,0.0255477651953697,0.10776517,0.0050533414,0.015007896348834038,0.0011073601,0.22290112,0.2
immrep23_2068,0.052232109010219574,0.0018275394104421,0.0031348765,0.000244041,0.04546855017542839,0.000918758,0.89543974,0.5
immrep23_2069,0.015656637027859688,0.020180745050311,0.9999652,0.11209323,0.027438286691904068,0.48144147,0.39796692,0.5
immrep23_2070,0.18601147830486298,0.6824617981910706,0.7020637,0.000119968994,0.0002603462489787489,0.0032234385,0.29530993,0.5
immrep23_2071,0.25230684876441956,0.0484571829438209,0.0014881492,0.23223552,0.0009840121492743492,0.21078154,0.9174468,0.5
immrep23_2072,0.1233459934592247,0.1661378741264343,0.1360156,0.12655424,0.029780609533190727,6.7214176e-05,0.6458777,0.5
immrep23_2073,0.15905991196632385,0.0005867718136869,0.0047148764,0.0012582986,0.049301326274871826,0.73294777,0.8505883,0.5
immrep23_2074,0.018300184980034828,0.0328249111771583,0.5655593,0.1522519,0.032673947513103485,0.00024022313,0.44176203,0.5
immrep23_2075,0.03621562942862511,0.0216464791446924,0.9471661,0.7774414,7.662007556064054e-05,0.11663619,0.454359,0.2
immrep23_2076,0.10722564905881882,0.0120156686753034,0.99891233,0.19257851,0.006799505557864904,0.011433182,0.7287665,0.5
immrep23_2077,0.09973885864019394,0.7676233649253845,0.24580842,0.0010097867,0.00039527477929368615,0.0023929453,0.6733211,0.5
immrep23_2078,0.009838923811912537,0.000572171236854,0.0016548634,0.00011749189,0.08231096714735031,0.013732661,0.8389107,0.5
immrep23_2079,0.27782806754112244,0.1774014830589294,0.0010098517,3.1463198e-05,0.0007168299052864313,0.17176726,0.57164484,0.5
immrep23_2080,0.0002393575559835881,0.2904235422611236,0.0027228296,0.15613219,0.01912742853164673,0.06863591,0.41707146,0.5
immrep23_2081,3.748714334506076e-06,0.2074993997812271,1.07670285e-05,0.12845494,0.012919408269226551,0.0003701584,0.6116236,0.2
immrep23_2082,0.2252504527568817,0.2749211192131042,5.8161226e-05,,0.014269808307290077,0.03817184,0.3656132,0.0
immrep23_2083,0.0022918428294360638,0.0095428712666034,0.0038427114,0.16118865,0.008827881887555122,0.01603482,0.11759923,0.5
immrep23_2084,0.45798930525779724,0.2860078513622284,0.0001164647,0.8979942,0.0011435404885560274,0.07295503,0.8921201,0.6
immrep23_2085,0.26638278365135193,0.1218977868556976,0.98347425,0.014675906,0.03009505569934845,0.03716431,0.47476017,0.5
immrep23_2086,0.17887455224990845,0.003482861444354,0.009987235,6.006732e-05,0.09606542438268661,0.009201559,0.7488573,0.5
immrep23_2087,0.058862362056970596,0.2907123863697052,0.00016912818,0.1378053,0.016059739515185356,0.010649561,0.29901332,0.0
immrep23_2088,4.848073149332777e-05,0.3533782660961151,0.013372272,0.11049153,0.011835874058306217,0.0038524563,0.5715081,0.5
immrep23_2089,0.053103022277355194,0.4796933233737945,0.3553637,0.2441541,0.004948335234075785,0.13984573,0.21404245,0.5
immrep23_2090,0.0004965568077750504,0.030509365722537,3.824009e-05,0.14092816,0.015162424184381962,0.053419556,0.35823026,0.5
immrep23_2091,0.22405724227428436,0.0019699735566973,0.059788346,0.0012541678,0.07182713598012924,0.17373438,0.70566976,0.5
immrep23_2092,0.06742510944604874,0.0347874388098716,5.6611425e-05,0.023295669,0.09258672595024109,0.0023760623,0.8523693,0.5
immrep23_2093,0.10479661077260971,0.6227505803108215,0.014561743,8.67522e-05,0.00018013342923950404,0.0002504252,0.59746444,0.4
immrep23_2094,0.17801690101623535,0.0002863229310605,9.8383935e-05,0.19502468,0.001417963532730937,0.0014652873,0.81859094,0.5
immrep23_2095,0.0008054797654040158,0.300782710313797,0.9818721,0.07114132,0.013450230471789837,0.05130997,0.55954516,0.5
immrep23_2096,0.19184811413288116,0.0026067905128002,0.18816939,0.0005629134,0.13384108245372772,0.0028627804,0.7769681,0.5
immrep23_2097,0.000465166027424857,0.0255592875182628,0.99813753,0.1817854,0.01871202513575554,0.017194789,0.4310676,0.0
immrep23_2098,0.09539772570133209,0.0125810382887721,0.26070353,0.09326775,0.004094811622053385,1.4652176e-05,0.710594,0.0
immrep23_2099,0.10309147089719772,0.4814030528068542,0.00054106116,0.07885602,0.006373579613864422,0.0050382786,0.4974956,0.4
immrep23_2100,0.0005413842736743391,0.6139472126960754,1.1520767e-06,0.00011188023,8.56225160532631e-05,0.011982672,0.5869936,0.5
immrep23_2101,0.054225854575634,0.525934636592865,0.005903989,4.3063006e-05,0.00023883936228230596,0.040486697,0.5002309,0.5
immrep23_2102,0.30689018964767456,0.5252854228019714,0.0041879416,0.1895493,0.02196977101266384,6.0521117e-05,0.59289956,0.5
immrep23_2103,0.6627564430236816,0.0551929101347923,0.36771196,0.24125263,0.0010456214658915997,0.10405834,0.9129588,0.5
immrep23_2104,0.013176190666854382,2.6252882889821198e-05,4.2582087e-06,8.527206e-05,0.1423720270395279,0.0004808316,0.8205894,0.5
immrep23_2105,0.01204133965075016,0.0345462188124656,0.75091577,0.003063258,0.011887798085808754,0.06865309,0.33626372,0.0
immrep23_2106,0.009895185008645058,0.8065191507339478,0.99803215,0.1452204,0.0007994274492375553,0.009007038,0.63204336,0.5
immrep23_2107,0.4719007611274719,0.0059216083027422,0.0009788275,0.20337054,0.00110207824036479,0.6422784,0.912317,0.5
immrep23_2108,0.004573551472276449,0.7432388067245483,0.99998,0.0029262737,0.019257966428995132,0.00013210595,0.42493802,0.5
immrep23_2109,0.017799410969018936,0.0200922116637229,0.021728039,0.23163445,0.002272319747135043,0.46939245,0.28034818,0.0
immrep23_2110,0.0015240663196891546,0.3516755402088165,0.13756129,6.0232804e-05,0.05433661863207817,0.0007277018,0.7690675,0.4
immrep23_2111,0.0009360169642604887,0.4725325107574463,0.91248167,0.04379841,0.00011961522977799177,6.3224616e-05,0.67223895,0.5
immrep23_2112,0.03340760990977287,0.0006380900158546,0.08681503,0.003252538,0.13010534644126892,0.002557993,0.7957871,0.2
immrep23_2113,0.08579731732606888,0.0703442692756652,0.0017167926,0.00019256082,0.10587137192487717,0.00018631278,0.6047293,0.0
immrep23_2114,0.04747293144464493,0.0005047663580626,0.44101012,0.0006588757,0.05048348009586334,0.00023251494,0.8188387,0.5
immrep23_2115,1.5959418306010775e-05,0.6142217516899109,2.1179054e-05,0.058408815,0.007823887281119823,3.4343342e-05,0.50576377,0.5
immrep23_2116,0.0005776566104032099,0.0041678035631775,,,0.045061562210321426,0.01635465,0.49046463,0.0
immrep23_2117,0.002519034082069993,0.4899211227893829,0.0006869137,0.07423137,0.017039110884070396,0.00083906366,0.5593479,0.5
immrep23_2118,0.003142664209008217,0.7323458194732666,0.0026750267,0.32578048,0.00042464971193112433,0.014129459,0.66865134,0.5
immrep23_2119,0.05131971836090088,0.1004339978098869,4.1869953e-05,0.03870568,0.009526335634291172,0.0015382232,0.4599592,0.0
immrep23_2120,0.9443682432174683,0.0739721581339836,0.018059433,0.16069223,0.01238294504582882,0.22965595,0.085745126,0.5
immrep23_2121,0.00011880054807988927,0.0180316660553216,0.00031381845,0.047364682,0.021533720195293427,0.005456725,0.23096076,0.4
immrep23_2122,0.0011511456687003374,0.1226163730025291,0.0060305,0.17699803,0.014178049750626087,0.00020426507,0.56599885,0.4
immrep23_2123,0.03206732124090195,0.0033048340119421,0.0005324185,0.26005155,0.000202477618586272,0.28785792,0.32762042,0.5
immrep23_2124,0.021245360374450684,0.0116214361041784,0.059387326,0.20301087,0.1670619398355484,0.052059047,0.23915079,0.2
immrep23_2125,0.23724044859409332,0.0278474055230617,0.99226725,0.002740116,0.001254062750376761,0.049096797,0.8937945,0.0
immrep23_2126,0.003050190396606922,0.5027837157249451,0.00063070655,0.05371518,0.025808926671743393,0.007772707,0.61492217,0.5
immrep23_2127,0.2562451958656311,0.0059550139121711,0.16871789,,0.0009739719098433852,0.15502565,0.9044681,0.0
immrep23_2128,0.017352232709527016,0.0401543229818344,0.018903643,0.0004929687,0.023316089063882828,0.0056020725,0.23380713,0.0
immrep23_2129,0.11222566664218903,0.4880662858486175,0.0014120638,0.10862325,0.028329383581876755,0.005706305,0.13562989,0.5
immrep23_2130,0.18678472936153412,0.0035874203313142,0.09140679,0.05193585,0.030513040721416473,0.029236605,0.14379783,0.5
immrep23_2131,0.4725600481033325,0.0498185530304908,,,0.0602574422955513,0.011436831,0.79971445,0.4
immrep23_2132,0.31011709570884705,0.0040537142194807,0.99949896,0.24677594,0.0013400843599811196,0.5538557,0.8457107,0.5
immrep23_2133,0.1556784063577652,0.0126006975769996,0.012388438,0.12412034,0.03780409321188927,0.0038204729,0.29523754,0.2
immrep23_2134,0.009578447788953781,0.1326921433210373,0.9942898,0.14977296,0.014464162290096283,0.13808972,0.41581696,0.2
immrep23_2135,0.010682967491447926,0.249195247888565,0.03642583,0.25763828,0.04042680561542511,0.13000007,0.4378551,0.5
immrep23_2136,0.24672435224056244,0.1546598225831985,0.003290236,0.26736277,0.005200878717005253,0.22435658,0.305055,0.2
immrep23_2137,0.04958948493003845,0.0297289881855249,0.029742658,0.000109937006,0.0725710466504097,0.008651307,0.7471652,0.5
immrep23_2138,0.01682121679186821,0.0117962947115302,0.0002616048,9.807381e-05,0.0006694248295389116,3.0748433e-05,0.63139194,0.2
immrep23_2139,0.015389354899525642,0.4228773713111877,0.0007314384,0.0070151286,3.841820580419153e-05,0.085929796,0.72237515,0.5
immrep23_2140,0.09794594347476959,0.003310713218525,7.1150615e-05,0.36338192,0.0009262608364224434,0.15966856,0.8938932,0.5
immrep23_2141,0.08384929597377777,0.2910620868206024,,,0.06451839208602905,0.356296,0.859251,0.0
immrep23_2142,0.014448979869484901,0.1394031047821045,0.0021022856,0.039044082,0.04116225242614746,0.36759454,0.63847727,0.0
immrep23_2143,0.22056178748607635,0.7485666275024414,,,0.057175107300281525,0.43600994,,1.0
immrep23_2144,0.06889160722494125,0.6119166016578674,0.96011376,0.0016113427,0.0001921578514156863,0.001596327,0.71146834,0.8
immrep23_2145,0.0008647713693790138,0.0348346605896949,0.00018551946,0.1954755,0.02253888174891472,0.019235622,0.6934083,0.5
immrep23_2146,0.044256359338760376,0.251478910446167,0.7350835,0.026760956,0.009719897992908955,0.0015068558,0.17736152,0.2
immrep23_2147,0.026756450533866882,0.2670375406742096,0.0031690598,0.2503057,0.03570038452744484,0.10468076,0.4059513,0.2
immrep23_2148,0.23423412442207336,0.0268956068903207,0.13279253,0.23250861,0.08256178349256516,0.05775652,0.44806612,0.5
immrep23_2149,0.07410138100385666,0.0570393986999988,0.008457124,0.25249124,0.035264164209365845,0.09033245,0.5814542,0.4
immrep23_2150,0.029413830488920212,0.6183180809020996,0.03620982,0.00022210092,0.00011825498950202018,0.0010117543,0.5944615,0.5
immrep23_2151,0.0001254972885362804,0.7752465605735779,0.0006964505,0.32731646,0.00011267213994869962,0.44053933,0.6271481,0.0
immrep23_2152,0.06549075245857239,0.0014924535062164,0.00096169114,0.0019499704,0.09162440896034241,0.0061181523,0.83658063,0.5
immrep23_2153,0.00488797714933753,0.5124026536941528,0.99560356,0.32548237,3.7122117646504194e-05,0.12530227,0.5884588,0.5
immrep23_2154,0.03633753955364227,0.6199243664741516,0.99431044,0.00031459326,0.00017249325173906982,0.17038359,0.6422251,0.0
immrep23_2155,0.0662006288766861,0.0829177871346473,0.0103241205,0.00060540193,0.10113438963890076,0.0029399279,0.76352334,0.4
immrep23_2156,0.0002219981251982972,0.6066941618919373,0.9185801,0.0035573593,0.00022808897483628243,0.0003118276,0.6558356,0.5
immrep23_2157,0.49194788932800293,0.11389921605587,,0.9999509,0.05526049807667732,0.98108345,0.7876426,0.4
immrep23_2158,0.522875964641571,0.4004552364349365,1.567114e-06,0.17107248,0.008774098008871078,0.13269624,0.5110278,0.5
immrep23_2159,0.023875128477811813,0.0007844244828447,0.019847155,0.000546325,0.10187411308288574,0.038298186,0.8962902,0.0
immrep23_2160,0.2751433253288269,0.0117973387241363,0.16641232,0.07926278,0.007011536043137312,0.03329352,0.7516339,0.2
immrep23_2161,0.004389937035739422,0.3417128622531891,0.00221771,0.00028811596,0.00013254303485155106,2.2369144e-05,0.62102693,0.0
immrep23_2162,0.4999973773956299,0.065134584903717,4.5118857e-05,9.483186e-05,0.0001910327118821442,0.044059705,0.6730727,0.0
immrep23_2163,0.0865725427865982,0.0112658822908997,0.89734465,0.027637312,0.00013721731374971569,0.15999915,0.21183778,0.2
immrep23_2164,0.07047967612743378,0.026884926483035,0.00032436848,0.009675454,0.08193130046129227,0.00026754328,0.89497447,0.5
immrep23_2165,0.013076948933303356,0.0361039899289608,0.0089226365,0.23154862,0.0003538905584719032,0.00046800094,0.0631545,0.2
immrep23_2166,0.0008522141724824905,0.1203767508268356,0.013364613,0.04486183,0.01752401702105999,0.06845571,0.65779114,0.0
immrep23_2167,0.04932549223303795,0.3167176842689514,0.530657,0.16182491,0.008808393962681293,0.03588185,0.24002661,0.5
immrep23_2168,0.0060691977851092815,0.5713351368904114,0.0037240386,0.27214086,0.025361178442835808,0.228462,0.65709877,0.6
immrep23_2169,0.11921483278274536,0.6004583835601807,0.029102772,0.14192984,0.024570105597376823,0.00026991757,0.2994532,0.5
immrep23_2170,0.011632494628429413,0.0290375724434852,0.0003439784,0.34539193,0.01796017959713936,0.17384349,0.48250818,0.5
immrep23_2171,0.0007260428392328322,0.4572985768318176,1.7096434e-05,0.14988145,0.03702019900083542,0.0005149547,0.33913368,0.5
immrep23_2172,0.12165135145187378,0.3346631228923797,0.0035842955,0.00014798874,0.0001468751288484782,0.0031711918,0.6327604,0.2
immrep23_2173,0.3420034646987915,0.1363583952188491,0.0001937747,0.0059414925,0.001071813516318798,0.0393999,0.9450156,0.2
immrep23_2174,0.28695011138916016,0.0009203518275171,,0.6791295,0.001068787183612585,0.10601289,,0.5
immrep23_2175,0.01785525120794773,0.1323714107275009,0.6426557,0.094126835,0.0456523559987545,0.11337404,0.41194183,0.2
immrep23_2176,0.00545331509783864,0.3830316960811615,0.031930923,0.00010030827,0.0001740364677971229,4.2653406e-05,0.4705161,0.0
immrep23_2177,0.0008910303004086018,0.5273123383522034,0.037867874,0.17801827,0.008466072380542755,0.0005002789,0.6910496,0.5
immrep23_2178,6.376393302254257e-10,0.8427909016609192,0.058918834,0.13021474,0.012984531000256538,0.061030407,0.2899666,0.5
immrep23_2179,0.02533135376870632,0.2908149063587188,0.00041356683,0.16557792,0.012850041501224041,0.03891811,0.3544937,0.0
immrep23_2180,2.0556013623718172e-05,0.4139148294925689,0.22189677,0.13593714,0.009829270653426647,0.00017491053,0.41614848,0.2
immrep23_2181,0.00620300555601716,0.7391600608825684,0.00012871623,0.20500949,9.563472121953964e-05,0.00012803162,0.6828358,0.5
immrep23_2182,0.07286621630191803,0.719305157661438,0.14316618,0.00016442087,0.00010587365250103176,0.0010675874,0.66314006,0.5
immrep23_2183,0.00509184505790472,0.0487717613577842,0.00048705935,0.08418651,0.023212866857647896,0.22420074,0.2930245,0.5
immrep23_2184,0.7910276055335999,0.2258375585079193,0.001311928,0.20251946,0.0075453417375683784,0.0047464096,0.18161386,0.2
immrep23_2185,0.06453855335712433,0.3507097959518432,0.00492692,0.23258288,0.00480398116633296,0.3162423,0.49508262,0.6
immrep23_2186,0.31563258171081543,0.0271111074835062,0.4608338,0.49607325,0.0003941996837966144,0.006835036,0.9411147,0.2
immrep23_2187,0.02358311600983143,0.0007697083638049,0.0034154356,0.21296442,0.006095149554312229,0.182523,0.2893257,0.4
immrep23_2188,0.12641160190105438,0.0002880124375224,0.0012082458,9.06863e-05,0.10594700276851654,0.00087213685,0.3835704,0.4
immrep23_2189,0.2178138643503189,0.1728641092777252,0.6652746,0.19641149,0.017394864931702614,0.0075835506,0.30703354,0.6
immrep23_2190,0.042103361338377,0.0009730004239827,0.9832268,0.000108552165,0.0028879710007458925,0.09482851,0.59889877,0.0
immrep23_2191,0.20204347372055054,0.5829355716705322,0.99958766,0.012193375,0.00013650320761371404,0.041979097,0.49460116,0.4
immrep23_2192,0.0453527458012104,0.6193539500236511,0.98049885,0.00016417043,0.0003047132049687207,0.0005148135,0.75612277,0.5
immrep23_2193,0.000552660902030766,0.1184207051992416,0.6623661,0.27639708,0.050346266478300095,0.034907445,0.67663145,0.5
immrep23_2194,0.17801690101623535,0.0005531850038096,0.083691955,0.6604699,0.001417963532730937,0.65959793,0.81859094,0.5
immrep23_2195,0.052222758531570435,0.0267056636512279,0.0003297627,0.00014168603,0.07199203222990036,0.0009603236,0.8662379,0.5
immrep23_2196,0.002033560536801815,0.3794675767421722,0.00014322996,0.0062313355,0.00016351911472156644,0.0001211427,0.571229,0.4
immrep23_2197,0.4705300033092499,0.2223478555679321,0.004555255,,0.00020007106650155038,0.010413015,0.6586256,0.2
immrep23_2198,0.12817347049713135,0.7866048812866211,0.7027006,0.05497113,0.011417241767048836,0.00013980207,0.34717426,0.4
immrep23_2199,0.008825112134218216,0.3999136686325073,0.002238065,0.21318297,0.0007969702710397542,0.024754064,0.61944413,0.5
immrep23_2200,3.3009973776643164e-06,0.4420223534107208,0.018918216,0.117642745,0.019532471895217896,0.009103381,0.5424936,0.0
immrep23_2201,0.41620728373527527,0.016528146341443,0.013800263,0.005343075,0.0005617774440906942,0.0023550808,0.64296526,0.5
immrep23_2202,0.002957744989544153,0.1383115500211715,0.0020165741,0.1958126,0.000236924912314862,0.050472952,0.37477303,0.5
immrep23_2203,0.0010622754925861955,0.0437762625515461,0.0019185841,0.020289417,0.00018965773051604629,0.009712356,0.5004976,0.0
immrep23_2204,0.0014597226399928331,0.3744312524795532,0.9985173,0.31231087,0.012955688871443272,0.023730129,0.5555169,0.5
immrep23_2205,0.04200376197695732,0.0773403421044349,0.8932366,0.19145623,0.0003200845676474273,0.20425008,0.11763176,0.2
immrep23_2206,0.15891368687152863,0.0067185265943408,0.3823552,0.0223534,0.005810522940009832,0.034144044,0.65702474,0.6
immrep23_2207,0.40091440081596375,0.0014334946172311,0.98628175,0.646396,0.00241299020126462,0.030438567,0.91160643,0.5
immrep23_2208,0.07776391506195068,0.3518767952919006,0.9999774,0.01285019,0.00015969996456988156,0.0013285017,0.64971876,0.4
immrep23_2209,0.24490879476070404,0.0008077406673692,0.52437663,0.04793129,0.002053085947409272,0.2174939,0.67942774,0.5
immrep23_2210,0.12394987046718597,0.0412052944302558,0.85379386,9.012643e-05,0.0635635033249855,0.0050110403,0.8471104,0.5
immrep23_2211,0.029769526794552803,0.0557222478091716,0.30184597,0.26311526,0.019821710884571075,0.0020580667,0.21276857,0.0
immrep23_2212,8.457287185592577e-05,0.4999279379844665,0.0006276667,0.22065863,0.03852371126413345,0.12000603,0.3113347,0.5
immrep23_2213,0.035447753965854645,0.4510093629360199,0.010359347,,0.0002274524449603632,0.0003447296,0.71269375,0.0
immrep23_2214,0.03772908076643944,0.0039241951890289,0.0012898445,0.0057891533,0.0003980071924161166,0.009973922,0.51314914,0.0
immrep23_2215,0.039553385227918625,0.0080053946003317,0.049637467,0.17476572,0.0031213348265737295,0.34149507,0.7246158,0.5
immrep23_2216,0.00512690469622612,0.6462389230728149,0.997405,0.0015165901,0.01496632769703865,0.0004457671,0.25116107,0.5
immrep23_2217,0.001915900968015194,0.1390987634658813,0.00041764975,0.00048258767,0.011467775329947472,0.0055944333,0.5963944,0.0
immrep23_2218,0.021337175741791725,0.4692493975162506,0.015753418,0.099688925,0.00815280806273222,4.4675962e-05,0.49390072,0.5
immrep23_2219,0.14794522523880005,0.3402522802352905,0.00936994,0.12382056,0.20773597061634064,0.041889586,0.32783815,0.5
immrep23_2220,0.010160546749830246,0.1355935037136078,0.9129056,0.13002776,0.03844732791185379,0.1418754,0.65280974,0.5
immrep23_2221,0.039124928414821625,0.6299881339073181,0.5033713,0.29000086,0.0005553870578296483,0.0049686255,0.2712428,0.5
immrep23_2222,0.014198945835232735,0.5298325419425964,6.879909e-05,0.2604231,0.006298530381172895,0.13366257,0.16559483,0.5
immrep23_2223,0.3244631886482239,0.0102216675877571,0.32183272,0.69444275,0.002643324201926589,0.5805583,0.90524036,0.2
immrep23_2224,0.008991519920527935,0.0037278665695339,0.3813229,8.451948e-05,0.021925510838627815,0.009252269,0.736341,0.4
immrep23_2225,0.12845170497894287,0.0022632386535406,0.0044468343,0.018842993,0.0002781712100841105,0.001191734,0.76272684,0.5
immrep23_2226,0.01469565648585558,0.5655282139778137,0.0151742995,0.0038687945,0.010768722742795944,0.04884949,0.40378296,0.2
immrep23_2227,0.10265219211578369,0.6346082091331482,0.0022663772,0.039727364,0.020185185596346855,0.0060088164,0.38883725,0.4
immrep23_2228,0.1525818258523941,0.0003515066055115,0.055883557,4.2129202e-05,0.00018361046386417001,0.0007855484,0.750429,0.5
immrep23_2229,0.0017719967290759087,0.0323690995573997,0.0013443232,0.016932566,0.017624959349632263,0.001344478,0.6061404,0.5
immrep23_2230,0.0780174657702446,0.0004673890653066,0.055157155,8.725837e-05,0.12878212332725525,3.4126824e-05,0.8139169,0.5
immrep23_2231,0.15777604281902313,0.0051502035930752,0.9999944,0.25699693,0.004988843109458685,0.1986135,0.60034764,0.5
immrep23_2232,0.02510848641395569,0.0033881631679832,0.0025526881,0.041942947,0.08589914441108704,0.889889,0.7285736,0.0
immrep23_2233,0.09878867864608765,0.0213650744408369,0.98552644,0.21838534,0.005829676520079374,0.16829339,0.064843014,0.5
immrep23_2234,0.09247837215662003,0.0019900931511074,0.049898833,,0.0002869897580239922,0.0012287836,0.68942547,0.0
immrep23_2235,0.06336389482021332,0.0010648613097146,0.9461207,0.00011342824,0.06946998089551926,0.0014867903,0.7580209,0.0
immrep23_2236,0.0004108630237169564,0.5227136015892029,0.98284435,0.21371,0.021547263488173485,0.0022412562,0.70328844,0.5
immrep23_2237,0.054767172783613205,0.0676963925361633,0.02353561,0.14125784,0.04309647157788277,0.002108653,0.4305846,0.4
immrep23_2238,0.06484001874923706,0.630262553691864,0.0009467602,0.17307602,0.0009009881759993732,0.059159115,0.54129076,0.5
immrep23_2239,0.043178752064704895,0.0805117860436439,0.022443593,0.1754435,0.019513143226504326,0.0014333794,0.5479814,0.5
immrep23_2240,0.007633069530129433,0.3312861621379852,0.99998295,0.01624961,0.0007869580877013505,0.00026878173,0.63776624,0.5
immrep23_2241,0.1001879945397377,0.1551384329795837,5.0428926e-06,0.18609881,0.015612656250596046,0.19309455,0.6332382,0.0
immrep23_2242,0.00027352210599929094,0.6413541436195374,0.00032505393,0.00037562996,0.00014483006088994443,0.0021672538,0.6003524,0.5
immrep23_2243,0.007978719659149647,0.0171686615794897,0.004843712,0.2606923,0.03295339643955231,0.016649434,0.52561575,0.5
immrep23_2244,0.016789086163043976,0.0036261721979826,0.9984843,7.1697825e-05,0.018310578539967537,0.0010567347,0.7957691,0.5
immrep23_2245,0.3187238872051239,0.0198782421648502,0.4624417,0.13790275,0.000835354090668261,0.18166009,0.899318,0.0
immrep23_2246,0.01427365280687809,0.0016542152734473,0.4348894,0.02501691,0.05964695289731026,0.17024085,0.7432648,0.0
immrep23_2247,0.00045315720490179956,0.4014681279659271,0.0024498105,5.7238278e-05,0.000127390943816863,0.0005165696,0.34475395,0.5
immrep23_2248,0.144717738032341,0.1259964406490326,0.038348883,0.33381432,0.031093645840883255,0.26127702,0.33234614,0.5
immrep23_2249,0.5647363066673279,0.0741191953420639,0.2881598,0.22673264,0.008217734284698963,0.074107535,0.6983434,0.5
immrep23_2250,3.9193131669890136e-05,0.0020541502162814,0.00011235755,3.9082825e-06,0.011590749956667423,0.011426351,0.4129781,0.0
immrep23_2251,0.012123829685151577,0.0105354972183704,0.23228723,0.07250579,0.020450245589017868,0.01060526,0.28478464,0.5
immrep23_2252,0.023617232218384743,0.6290631890296936,0.9999405,0.0004320746,0.00014146382454782724,0.010787356,0.55010486,0.5
immrep23_2253,0.00016316198161803186,0.0038426169194281,0.020632267,1.3303603e-05,0.019640523940324783,0.0009279639,0.42138016,0.2
immrep23_2254,4.800269744009711e-05,0.0977303013205528,0.04343301,0.061708122,0.027348564937710762,0.0017552744,0.60126346,0.5
immrep23_2255,0.4710018038749695,0.0950684994459152,0.0001630187,0.16335958,0.008122014813125134,0.021654842,0.29548836,0.2
immrep23_2256,0.052608948200941086,0.0480853766202926,0.04012379,0.18392724,0.009841516613960266,0.040339433,0.17145431,0.0
immrep23_2257,0.08101233094930649,0.4706115126609802,0.1481587,0.9692653,0.00022491418349090964,0.035825558,0.6822837,0.0
immrep23_2258,0.29390615224838257,0.5758898854255676,0.73543817,0.06393983,0.00487119285389781,0.0071610967,0.24424282,0.2
immrep23_2259,6.380211561918259e-05,0.0122721493244171,0.1101636,0.0006764961,0.08744478225708008,0.0005573032,0.79058766,0.5
immrep23_2260,0.005193631164729595,0.3029207289218902,0.00027883053,0.21463397,0.059224970638751984,0.036714405,0.64451486,0.6
immrep23_2261,0.07379923015832901,0.0115692466497421,0.99419045,0.0033278111,0.14186981320381165,0.016401194,0.2389638,0.0
immrep23_2262,0.05162866413593292,0.0009140953188762,0.02194205,0.0006375163,0.12064004689455032,0.008544286,0.8882332,0.5
immrep23_2263,0.045488689094781876,0.6054348945617676,0.18519145,0.10096568,0.033724408596754074,0.084291026,0.402139,0.2
immrep23_2264,0.004417163785547018,0.2116923630237579,0.006338626,0.16003183,0.010099259205162525,1.3597691e-05,0.70254,0.5
immrep23_2265,0.6201381087303162,0.1454907655715942,0.0039173663,0.044204257,0.005439006723463535,0.3643481,0.16589613,0.5
immrep23_2266,0.010849962942302227,0.5409752130508423,5.6598416e-05,0.10938641,0.030256425961852074,0.0037407118,0.46362424,0.5
immrep23_2267,0.23091121017932892,0.0077643925324082,0.077545315,0.11703582,0.000802131777163595,0.3011388,0.121413074,0.5
immrep23_2268,0.09348215907812119,0.029025811702013,0.014410675,0.17195407,0.03175269439816475,0.002314036,0.5804372,0.5
immrep23_2269,0.04256725683808327,0.554650604724884,0.015357763,0.1659086,0.0005252353148534894,0.0055119973,0.10463335,0.5
immrep23_2270,0.08741997182369232,0.6163733005523682,0.26347572,,0.0002011136239161715,0.0044538374,0.7263793,1.0
immrep23_2271,0.010559163987636566,0.6240666508674622,0.9887351,0.00018733724,0.00044256067485548556,5.107078e-05,0.6130559,0.4
immrep23_2272,0.017391066998243332,0.1813567280769348,0.000103953294,0.062076945,0.018689986318349838,0.007954748,0.66324383,0.5
immrep23_2273,0.044008541852235794,0.7094748616218567,0.0043607354,0.16146962,0.14435312151908875,0.03650294,0.3721434,0.4
immrep23_2274,0.1659497171640396,0.0005951466155238,,,0.0008148339693434536,0.0105182575,0.8455688,0.0
immrep23_2275,0.19108180701732635,0.0184210445731878,9.939908e-05,0.032995366,0.00022906422964297235,0.00022432161,0.65266144,0.5
immrep23_2276,0.12105020880699158,0.5259457230567932,0.14250216,,0.00017772514547687024,0.00035429123,0.6616677,0.2
immrep23_2277,0.017026416957378387,0.0444785766303539,0.03360784,0.34521464,0.0004682738217525184,0.015835356,0.8779693,0.2
immrep23_2278,0.08384287357330322,0.0197295509278774,0.2116932,0.2463356,0.025421736761927605,0.0058709625,0.16362347,0.5
immrep23_2279,0.3762553334236145,0.036035917699337,0.14808846,0.01586768,0.0010189517633989453,0.115385816,0.90366834,0.4
immrep23_2280,0.004258155822753906,0.4286473989486694,0.050239474,6.5561806e-05,0.0009167790994979441,0.00016693825,0.5704904,0.5
immrep23_2281,0.059777867048978806,0.1015998050570488,0.00030851364,0.0021521251,0.015604136511683464,0.004676863,0.5870153,0.0
immrep23_2282,0.0005321288481354713,0.8171181082725525,0.0013858676,0.20168135,0.027875101193785667,0.013836386,0.49603352,0.5
immrep23_2283,0.5717647075653076,0.0326563492417335,0.9830191,0.65744895,0.0021713348105549812,0.29375643,0.84848815,0.5
immrep23_2284,0.48788517713546753,0.0898973643779754,0.05800453,0.22929797,0.011942549608647823,0.016285656,0.5377248,0.5
immrep23_2285,0.02011696994304657,0.0911828950047493,0.0037777722,0.19858201,0.008227596059441566,0.0019683638,0.43833053,0.5
immrep23_2286,0.008350548334419727,0.0161010231822729,0.25151086,0.013974415,0.0943431705236435,0.00040579966,0.88650787,0.2
immrep23_2287,0.05794582888484001,0.0079691316932439,0.008791745,0.00018708926,0.07240158319473267,0.00027692542,0.8675881,0.5
immrep23_2288,0.13144688308238983,0.0030600749887526,0.00018161535,0.22587642,0.18801020085811615,0.014890429,0.19912575,0.5
immrep23_2289,0.0528922900557518,0.4066137671470642,0.010943919,0.23297969,0.00033427122980356216,0.39523518,0.1110538,0.6
immrep23_2290,0.0003445963666308671,0.3600808084011078,0.89441824,0.0060190465,0.028973720967769623,0.0016554128,0.39615718,0.4
immrep23_2291,0.0002854049962479621,0.0584709160029888,0.99745536,0.15364912,0.007387472782284021,0.08400268,0.098314606,0.0
immrep23_2292,0.0011463226983323693,0.0525797940790653,0.00013124943,0.16618882,0.011091656982898712,0.02130726,0.68128693,0.5
immrep23_2293,0.21925108134746552,0.0245665907859802,0.0022619069,0.07012052,0.0022253235802054405,0.08313724,0.8729314,0.2
immrep23_2294,0.02888529561460018,0.5514060258865356,0.9974434,0.000179549,0.0003336561203468591,0.00037660182,0.7352663,0.5
immrep23_2295,0.02886786498129368,0.4369120895862579,0.00014787912,0.14861862,0.017508458346128464,0.0001867765,0.6756289,0.5
immrep23_2296,0.1517975777387619,0.3987727761268616,0.7601682,0.002012527,0.0004090078000444919,0.00032202702,0.6079752,0.5
immrep23_2297,0.0019088536500930786,0.1964047402143478,0.1383107,0.073110715,0.02168731391429901,0.054825027,0.31928116,0.5
immrep23_2298,0.46751752495765686,0.3574379384517669,1.5676082e-05,0.12569216,0.008616129867732525,0.0032718284,0.1678413,0.6
immrep23_2299,0.0922524482011795,0.0823050886392593,0.005294293,4.2082207e-05,0.0002909198228735477,0.0005846496,0.61892027,0.4
immrep23_2300,0.046836577355861664,0.6078171133995056,0.0003479123,4.390848e-05,0.00016112321463879198,0.00038770356,0.4363457,0.5
immrep23_2301,4.328696512345687e-09,0.4189968109130859,3.440865e-05,0.22099963,0.008932719007134438,3.42243e-05,0.63096356,0.5
immrep23_2302,0.0795757845044136,0.079307235777378,,,0.04605306684970856,0.099064685,0.7430409,0.0
immrep23_2303,0.0009645967511460185,0.3645689189434051,0.00040492415,0.19996159,0.011581308208405972,0.015421843,0.5140196,0.0
immrep23_2304,0.002677987329661846,0.0107214376330375,0.9496955,0.10332817,0.011684559285640717,0.37112474,0.42188028,0.4
immrep23_2305,0.09289537370204926,0.8680208325386047,0.14273435,0.005180449,0.00015417009126394987,0.00016847339,0.5001799,0.4
immrep23_2306,0.04499700292944908,0.0007599761011078,0.99961245,7.726748e-05,0.0002592160599306226,0.0029213699,0.6690216,0.5
immrep23_2307,0.14258518815040588,0.0026507414877414,0.0011821389,0.084135585,0.05431843921542168,0.0077728797,0.5674684,0.0
immrep23_2308,0.1659497171640396,0.0003294952330179,,,0.0008148339693434536,0.005993739,0.8455688,0.0
immrep23_2309,0.0402384027838707,0.2122752815485,3.610696e-07,0.24973056,0.056529007852077484,0.22138578,0.5412993,0.5
immrep23_2310,0.005063249729573727,0.6163600087165833,0.0052301884,0.16020115,0.00032513131736777723,0.0010292297,0.57829726,0.5
immrep23_2311,0.00013407092774286866,0.0555537678301334,0.0006995499,0.28367975,0.018357664346694946,0.043730535,0.5578485,0.5
immrep23_2312,0.005926909856498241,0.6389244794845581,0.99244785,0.23363785,0.03191877529025078,0.14222783,0.6574703,0.4
immrep23_2313,6.61444846628001e-06,0.0573324374854564,0.36024547,0.1384329,0.026735667139291763,0.09320179,0.48988637,0.5
immrep23_2314,0.02177020162343979,0.0236773490905761,6.003064e-05,5.530069e-05,0.06921777129173279,0.003063912,0.27142406,0.5
immrep23_2315,0.09424987435340881,0.122109442949295,0.0038152635,0.058434196,0.025314664468169212,0.0004037788,0.50715965,0.2
immrep23_2316,0.0919293686747551,0.1880364716053009,0.0003103912,6.421684e-05,0.0002790752041619271,0.0037621472,0.6552311,0.5
immrep23_2317,0.006069194991141558,0.1129475086927414,0.00040209293,0.45781025,0.025361178442835808,0.18764943,0.65709877,0.0
immrep23_2318,0.006550069432705641,0.6235926151275635,0.09190366,0.13333604,0.0002754258457571268,0.011779453,0.5784409,0.5
immrep23_2319,0.09612128883600235,0.0105441287159919,0.058907896,0.16047806,0.02431361936032772,0.0005650559,0.33415723,0.5
immrep23_2320,0.002314400626346469,0.0278896242380142,0.16496527,0.12512131,0.019844144582748413,0.6327558,0.25769302,0.5
immrep23_2321,0.17574910819530487,3.622160147642717e-05,0.80687654,0.02680273,0.10206441581249237,0.00034397616,0.749004,0.5
immrep23_2322,0.002307567512616515,0.0254739411175251,0.22571057,0.12945771,0.014796755276620388,0.0055160346,0.40441918,0.6
immrep23_2323,0.552041232585907,0.00456960266456,0.005846828,0.23201938,0.006211441941559315,0.05576303,0.5797721,0.2
immrep23_2324,0.00040925975190475583,0.4432304501533508,1.2543269e-05,0.083330944,0.0077266753651201725,0.14533195,0.29810122,0.5
immrep23_2325,0.019754189997911453,0.1698803603649139,0.84279466,0.22393572,0.025895297527313232,0.039361026,0.67899513,0.5
immrep23_2326,0.0011284825159236789,0.460833728313446,0.53168035,0.0006742986,0.02246258035302162,0.0011089114,0.25084743,0.5
immrep23_2327,0.04336719587445259,0.00092251150636,0.25827998,0.124643266,0.034825973212718964,0.005691943,0.21928293,0.0
immrep23_2328,0.389164537191391,0.0020168379414826,0.029805034,0.0005024463,0.00023362092906609178,0.00051586353,0.7000426,0.5
immrep23_2329,0.11060460656881332,0.4788733422756195,0.9981836,0.08053213,0.0007259175763465464,0.000101244084,0.43885908,0.2
immrep23_2330,0.00019752430671360344,0.0171618554741144,0.00020742416,0.11313945,0.04845016822218895,0.004558528,0.6103663,0.5
immrep23_2331,0.03417370468378067,0.1101443544030189,0.049227983,5.541482e-05,0.06518682837486267,0.00048818163,0.9041211,0.2
immrep23_2332,0.0001561249082442373,0.7533795237541199,9.834913e-05,0.23917529,0.024300603196024895,0.048163675,0.41275668,0.4
immrep23_2333,0.0283073578029871,0.0131435915827751,0.25747013,0.0003780311,0.13712312281131744,0.002861323,0.7924335,0.0
immrep23_2334,0.005806302186101675,0.5709173083305359,4.982003e-06,0.25537753,0.03760802745819092,0.024020543,0.4808821,0.5
immrep23_2335,0.05360987409949303,0.0081633497029542,0.0119282305,0.2237581,0.07386554032564163,0.7675887,0.8747759,0.2
immrep23_2336,0.012083183974027634,0.0037183824460953,0.0014871657,0.14591542,0.023256035521626472,0.0062129763,0.2907177,0.0
immrep23_2337,0.00011520208499860018,0.0437336973845958,0.016198426,0.09031544,0.011722659692168236,0.07886241,0.3447528,0.2
immrep23_2338,0.16988232731819153,0.0003489207883831,0.00013831258,0.0051363437,0.1158049926161766,0.01974756,0.7594031,0.8
immrep23_2339,0.10770732909440994,0.1129062101244926,0.023966968,0.0004518091,0.049182917922735214,0.00036307916,0.6343994,0.6
immrep23_2340,0.02551579847931862,0.0009311541798524,0.59204143,0.00035823564,0.0025939273182302713,0.0022175785,0.57170564,0.0
immrep23_2341,0.06525865197181702,0.0003897195856552,0.0018105805,0.00024788163,0.01975589245557785,0.0062681558,0.31968936,0.5
immrep23_2342,0.0506257601082325,0.0030781021341681,0.02357632,0.0009816226,0.05102125555276871,0.0004244504,0.8467404,0.0
immrep23_2343,0.08266051113605499,0.4383332133293152,0.9985973,0.24715397,0.15788547694683075,0.0140901655,0.36966345,0.6
immrep23_2344,0.0880049467086792,0.4631559252738952,0.02453962,0.00023254866,0.10723961889743805,0.00036617217,0.7401329,0.5
immrep23_2345,0.045474957674741745,0.0006957633886486,0.00042515993,0.03374086,0.0003872850211337209,0.058944806,0.70071214,0.2
immrep23_2346,0.005812173709273338,0.3101035356521606,0.6223826,0.10881822,0.0002229715755674988,8.928239e-05,0.4764693,0.5
immrep23_2347,0.023593449965119362,0.3533912003040313,3.803101e-05,0.19175729,0.00029543275013566017,0.9692155,0.644251,0.5
immrep23_2348,0.009158914908766747,0.0401724614202976,0.008755982,0.05020665,0.02266850136220455,0.10884966,0.43036342,0.5
immrep23_2349,0.0049805063754320145,0.1060785725712776,0.004227519,0.18297634,0.18773427605628967,0.26007217,0.50434214,0.0
immrep23_2350,0.029606793075799942,0.2410918623208999,0.9995824,0.00088826194,0.06179910898208618,0.8257848,0.67584395,0.5
immrep23_2351,0.017517417669296265,0.0529311001300811,0.1922268,0.19898976,0.015745406970381737,0.0003833561,0.34204733,0.5
immrep23_2352,0.022506389766931534,0.0452683717012405,0.52021044,0.16604385,0.19901256263256073,0.01656404,0.47026464,0.2
immrep23_2353,0.035408955067396164,0.0075199985876679,3.256242e-05,6.9604495e-05,0.02926056832075119,0.00022227857,0.87356347,0.5
immrep23_2354,0.012772697024047375,0.0125740151852369,0.000402987,0.016439576,0.08718528598546982,0.04913435,0.44884136,0.2
immrep23_2355,0.09208431839942932,0.0008926151203922,4.357342e-05,0.01205351,0.060138024389743805,0.000225748,0.83335066,0.0
immrep23_2356,0.021288663148880005,0.1064650118350982,5.810113e-05,6.115299e-05,0.00021843462309334427,0.000698293,0.75227803,0.2
immrep23_2357,0.00022425403585657477,0.0453691519796848,0.23117325,0.062478177,0.034895360469818115,0.0053281677,0.500273,0.5
immrep23_2358,0.0923490822315216,0.0031377114355564,7.6584154e-05,0.31156182,0.006020176224410534,0.04221109,0.4358153,0.5
immrep23_2359,0.7881342172622681,0.0097057903185486,0.0060622096,0.06122341,0.006692425813525915,0.010431821,0.3168195,0.5
immrep23_2360,0.08385590463876724,0.0005086418241262,0.004866928,6.408841e-05,0.0004948729765601456,0.07399447,0.6354289,0.0
immrep23_2361,0.0040761977434158325,0.59769207239151,0.00080055,0.113194786,0.0003196031029801816,0.003254016,0.43019354,0.4
immrep23_2362,0.00013496844621840864,0.1200174912810325,0.091587365,0.19215259,0.016173338517546654,0.07495286,0.6673068,0.4
immrep23_2363,0.4133560359477997,0.0596419833600521,,,0.0007741496083326638,0.118713535,0.8824442,0.5
immrep23_2364,0.025735707953572273,0.1552567780017852,0.00021085143,0.0050170813,0.00023607751063536853,0.00018337373,0.6598054,0.5
immrep23_2365,0.0018508504144847393,0.2564894556999206,2.1379736e-05,0.09058055,0.011861003935337067,0.11520749,0.6245488,0.5
immrep23_2366,0.06769270449876785,0.3034471273422241,0.98696065,0.160916,0.13408346474170685,0.14909133,0.76265836,0.5
immrep23_2367,8.559713023714721e-05,0.0398596562445163,5.4246255e-05,0.27016228,0.007250435650348663,0.0020985203,0.6496801,0.2
immrep23_2368,0.57061368227005,0.1844199001789093,0.004546553,0.21807261,0.010879921726882458,0.090769365,0.5037775,0.2
immrep23_2369,0.017443710938096046,0.6795640587806702,0.99999374,0.11152463,0.012798077426850796,3.3580807e-05,0.35115016,0.0
immrep23_2370,0.001473781536333263,0.7215420007705688,0.081255764,0.0041297907,0.02421984076499939,0.03917076,0.5707054,0.0
immrep23_2371,0.012822046875953674,0.3872821033000946,0.98477787,1.7620296e-05,0.00011183593596797436,1.575318e-05,0.5895211,0.2
immrep23_2372,2.0096473235753365e-05,0.0994002446532249,0.0061965287,0.05339254,0.008146475069224834,0.07893335,0.4959032,0.0
immrep23_2373,0.009390310384333134,0.0345556996762752,0.1481502,0.12270013,0.032421279698610306,0.005868962,0.26981172,0.5
immrep23_2374,0.037257298827171326,0.1737276166677475,0.023019016,0.0829874,0.00018586672376841307,0.010415079,0.5529163,0.2
immrep23_2375,0.016279231756925583,0.1202230677008628,0.06721321,0.2517231,0.13274188339710236,0.011928165,0.63047016,0.2
immrep23_2376,0.0052862707525491714,0.4000850021839142,0.3803625,0.24767022,0.02289636805653572,0.06176752,0.64401835,0.5
immrep23_2377,0.12134985625743866,0.0109518058598041,0.999767,0.41072193,0.0006273736362345517,0.032197416,0.9055215,0.5
immrep23_2378,0.16870491206645966,0.1034730598330497,0.0010892153,0.99965346,0.0010559341171756387,0.22066598,0.92360723,0.8
immrep23_2379,0.0623985230922699,0.0173109136521816,0.8530235,0.00018834772,0.07528149336576462,0.001648837,0.8527335,0.5
immrep23_2380,0.17812158167362213,0.0070604211650788,0.00026383996,0.11912414,0.00019396517018321902,0.43690738,0.32569107,0.4
immrep23_2381,0.003496387042105198,0.5476101040840149,0.0009049177,0.22091624,0.015129733830690384,0.049536843,0.6182462,0.4
immrep23_2382,0.0848996564745903,0.0011701053008437,0.0012863874,0.9973279,0.0016050036065280437,0.039607376,0.8621086,0.5
immrep23_2383,0.0021663710940629244,0.01068508438766,0.9990562,0.043968886,0.01597919687628746,0.23343691,0.14236836,0.5
immrep23_2384,0.15515772998332977,0.060926429927349,0.25077307,0.00025347754,0.058750513941049576,0.22727245,0.9084397,0.5
immrep23_2385,0.061670027673244476,0.0419142246246337,0.0010887384,0.0009010979,0.02006598934531212,0.012597666,0.68458426,0.0
immrep23_2386,0.20578201115131378,0.1896169185638427,0.012709707,0.29289368,0.018313420936465263,0.08332266,0.29045838,0.5
immrep23_2387,0.3983386158943176,0.0022402785252779,0.45659256,0.00010307405,0.07740495353937149,0.003085572,0.3407875,0.5
immrep23_2388,0.0018392788479104638,0.7025048732757568,0.007187128,0.10185238,0.0002999315911438316,0.0013307051,0.5972611,0.5
immrep23_2389,0.010898785665631294,0.0042841173708438,0.0112378895,0.1326511,0.01365729235112667,0.040584125,0.31407514,0.0
immrep23_2390,0.10825487971305847,0.0363802686333656,0.99842197,0.2148904,0.02785838209092617,0.006946907,0.4217128,0.5
immrep23_2391,0.004245143383741379,0.0705337673425674,0.9995366,0.22634259,0.032018207013607025,0.00046934816,0.6462902,0.5
immrep23_2392,0.007074401713907719,0.0427529737353324,1.4336206e-05,0.033534445,0.04620823636651039,0.16123605,0.70834476,0.5
immrep23_2393,0.006741096265614033,0.0024360362440347,0.13206068,0.00027629494,0.12216488271951675,0.00078457023,0.68236315,0.2
immrep23_2394,0.04828958213329315,0.7020835280418396,0.3699869,0.09523739,0.0002811622980516404,0.0024731006,0.45632738,0.5
immrep23_2395,0.08835932612419128,0.0123176975175738,0.00016334653,0.079998866,0.02034037560224533,0.003504834,0.3763948,0.5
immrep23_2396,0.01255796942859888,0.0329004600644111,0.055267632,4.2680193e-05,0.00047722813906148076,0.0012730246,0.80771834,0.5
immrep23_2397,0.02708604745566845,0.0005201351596042,0.001647532,0.00012315222,0.07770341634750366,0.0029738874,0.87761325,0.0
immrep23_2398,0.0024375002831220627,0.6537615060806274,0.027544588,0.28052706,0.013442658819258213,0.021203086,0.6561113,0.5
immrep23_2399,0.0004363017505966127,0.0049950033426284,0.010124564,0.100333236,0.02764342725276947,9.9892306e-05,0.40495875,0.8
immrep23_2400,0.5119493007659912,0.0006537794251926,0.017346203,0.9116233,0.0028256394434720278,0.021900048,0.81991,0.5
immrep23_2401,0.06274770945310593,0.8666843175888062,0.9647577,0.00017420018,0.03762189298868179,0.0032299075,0.47360805,0.5
immrep23_2402,0.18411226570606232,0.0526623539626598,0.09464386,0.0015631579,0.0021077312994748354,0.06854261,0.88278043,0.5
immrep23_2403,0.031824804842472076,0.819709837436676,0.99128574,0.00044707773,0.014455091208219528,0.005081025,0.36179456,0.5
immrep23_2404,0.019859833642840385,0.3515102565288543,0.80660284,0.11977087,0.015837421640753746,0.00048078643,0.5996749,0.5
immrep23_2405,0.24770936369895935,0.1015991941094398,0.23118934,0.14645597,0.21990324556827545,0.0769923,0.5855744,0.5
immrep23_2406,0.6048358678817749,0.0029892411548644,0.004549235,0.00024723134,0.0017895926721394062,0.17379451,0.8854701,0.5
immrep23_2407,0.002076455159112811,0.2235309332609176,0.00010048975,0.12231763,0.01199785154312849,0.031358037,0.18326896,0.5
immrep23_2408,0.06926266103982925,0.051467478275299,0.8928801,0.21255288,0.0009827263420447707,0.09603706,0.81716603,0.5
immrep23_2409,0.05634612962603569,0.0207889098674058,0.1423339,0.23940408,0.004864399321377277,0.037731726,0.77191496,0.0
immrep23_2410,0.0010817116126418114,0.0216313581913709,0.7396979,0.049832754,0.05222686007618904,0.00035492852,0.88457257,0.0
immrep23_2411,0.09351350367069244,0.3338610231876373,0.0060560405,0.2726881,0.033590201288461685,0.00052528235,0.26370078,0.5
immrep23_2412,0.0003101796319242567,0.0578019842505455,0.00033280253,0.028105523,0.009882859885692596,0.00078025187,0.63457143,0.5
immrep23_2413,1.491642979090102e-05,0.1537220776081085,0.7358642,0.041231863,0.013940397650003433,0.01658302,0.3990517,0.5
immrep23_2414,0.0009349220199510455,0.6724117398262024,0.0055525005,0.29676095,3.945071148336865e-05,0.00022298329,0.23960431,0.5
immrep23_2415,0.014056263491511345,0.0064792390912771,5.0428926e-06,0.29670924,0.00036234676372259855,0.36616904,0.1194287,0.5
immrep23_2416,0.18763145804405212,0.0015179528854787,0.0453389,0.15251958,0.0017692146357148886,0.59432334,0.85803866,0.5
immrep23_2417,0.1393783986568451,0.0058374889194965,0.16895354,0.11212121,0.0007977316272445023,0.06776389,0.6403507,0.4
immrep23_2418,0.10543521493673325,0.0032620977144688,0.005011022,9.596509e-05,0.0002818179491441697,0.027816633,0.6246779,0.5
immrep23_2419,0.18876893818378448,0.0505359470844268,0.045512855,0.043585468,0.005274571944028139,0.031423476,0.26591483,0.4
immrep23_2420,0.3539259135723114,0.0034766772296279,3.3499124e-05,0.71642435,0.002143551129847765,0.11263896,0.89448094,0.0
immrep23_2421,0.005858307704329491,0.1002410128712654,0.99703556,0.000728356,0.012072975747287273,0.008575563,0.7284552,0.0
immrep23_2422,0.20805364847183228,0.2774720788002014,0.9988548,0.06641057,2.80999574897578e-05,0.0049321637,0.49636155,0.5
immrep23_2423,3.605769234127365e-05,0.1123926043510437,0.057928562,0.1184386,0.2036477029323578,0.25997314,0.31455874,0.5
immrep23_2424,0.24925212562084198,0.0002360707585467,0.013974458,0.0007287951,0.0011904631974175572,0.008577105,0.8093852,0.2
immrep23_2425,0.05926722288131714,0.010556454770267,0.40196753,0.17410234,0.1018986701965332,0.0041940724,0.85718066,0.5
immrep23_2426,0.011345368809998035,0.075576864182949,0.04215333,0.1272583,0.03154084458947182,0.01346934,0.7070686,0.2
immrep23_2427,0.0399760827422142,0.0091831013560295,6.887413e-05,0.26858607,0.03612954542040825,7.187664e-05,0.16137788,0.4
immrep23_2428,0.001690637320280075,0.2107909321784973,0.0053824484,0.16651371,0.03561196103692055,0.010649753,0.3354895,0.2
immrep23_2429,0.061386991292238235,0.7804597020149231,0.82459384,0.0019894424,0.012763849459588528,0.0090197,0.3792134,0.5
immrep23_2430,0.016337284818291664,0.6630963087081909,0.010249257,0.00014276234,0.00011558997357496992,0.00038581764,0.4549607,0.5
immrep23_2431,0.009213983081281185,0.635877788066864,6.432773e-05,0.105691835,0.020857268944382668,0.0028524122,0.27763483,0.4
immrep23_2432,0.05345635861158371,0.0126621294766664,0.39764926,0.00049747864,0.08989163488149643,0.45164517,0.436288,0.5
immrep23_2433,0.10766839981079102,0.0019411129178479,0.00061270595,0.003866234,0.06817609816789627,0.00012957942,0.8387708,0.0
immrep23_2434,0.15983478724956512,0.0253262780606746,0.990525,0.75135446,0.0007855375297367573,0.008689736,0.90804815,0.5
immrep23_2435,0.0003593393776100129,0.5354377627372742,0.555143,7.517637e-05,0.000385015009669587,0.00019722451,0.60909534,0.2
immrep23_2436,0.0001450830022804439,0.032128881663084,0.039646387,0.16137818,0.01793891377747059,0.012512857,0.2895152,0.5
immrep23_2437,0.011360102333128452,0.004873925819993,3.437585e-05,0.19035587,0.003251577727496624,0.60644335,0.22034384,0.5
immrep23_2438,0.0003725655551534146,0.2847458124160766,0.56418836,0.0006380996,0.012812893837690353,0.0003882626,0.5954863,0.0
immrep23_2439,0.038026753813028336,0.0032172352075576,0.00015121698,0.06513509,0.002473806496709585,0.14622416,0.72023714,0.5
immrep23_2440,0.018435407429933548,0.6454519033432007,0.0003593862,6.167418e-05,0.0004991450114175677,4.2748732e-05,0.53621054,0.4
immrep23_2441,0.0037572088185697794,0.0219210069626569,0.0014120638,0.00037146732,0.05109565705060959,0.0012096934,0.80427253,0.4
immrep23_2442,0.02346380427479744,0.0275081694126129,0.7169328,0.012760137,0.010320610366761684,0.012490947,0.41126394,0.5
immrep23_2443,0.02910473942756653,0.0397994704544544,3.5185076e-05,0.99980706,7.184546120697632e-05,0.0026195652,0.8834181,0.0
immrep23_2444,0.4065098762512207,0.0004534804320428,0.72696173,0.16757305,0.027631137520074844,0.000545451,0.36817506,0.5
immrep23_2445,0.10010557621717453,0.6371980905532837,0.0125772655,0.0010578737,0.00037802220322191715,0.035838403,0.7349404,0.0
immrep23_2446,0.15473248064517975,0.4069051146507263,0.0003760159,0.0012609775,0.047045111656188965,0.0008111236,0.8304746,0.5
immrep23_2447,0.15905991196632385,0.0045999074354767,0.78638184,0.0013902481,0.049301326274871826,0.54092336,0.8505883,0.5
immrep23_2448,0.0029600171837955713,0.0080872057005763,0.31982166,0.053316336,0.004639678169041872,0.048947398,0.32660958,0.0
immrep23_2449,0.14770886301994324,0.0024961365852504,0.73883545,0.28746647,0.025328926742076874,0.006789649,0.3534899,0.6
immrep23_2450,0.32993483543395996,0.0821695178747177,0.046233475,0.28159338,0.016926446929574013,0.019490436,0.523658,0.6
immrep23_2451,0.08288946002721786,0.0528714060783386,0.00044715405,0.20773593,0.03847433254122734,0.069704525,0.282826,0.2
immrep23_2452,0.042035046964883804,0.012120934203267,0.0003656149,0.0016765523,0.08896009624004364,0.012832118,0.70518804,0.5
immrep23_2453,0.00736156664788723,0.3331130445003509,0.88488376,0.08371226,0.015147741883993149,0.003100503,0.6909466,0.4
immrep23_2454,0.13391806185245514,0.0031258766539394,0.0008519292,0.00072117994,0.0743093490600586,0.000255624,0.635334,0.5
immrep23_2455,0.004032699856907129,0.0534733496606349,0.07593915,0.19051579,0.018309717997908592,0.0005143221,0.38543975,0.5
immrep23_2456,0.18169181048870087,0.0700132027268409,0.43258035,0.20466408,0.0015141827752813697,0.11571106,0.85608995,0.5
immrep23_2457,0.0010782706085592508,0.1725385338068008,3.909604e-05,0.13132589,0.040752824395895004,0.002307459,0.6199924,0.4
immrep23_2458,0.0071515291929244995,0.5839046835899353,0.0009784698,0.00013870123,0.00018390869081486017,0.00013489561,0.72880054,0.2
immrep23_2459,0.014561735093593597,0.0897228419780731,0.99963427,0.11153712,0.012022237293422222,0.23224513,0.5913949,0.6
immrep23_2460,8.841043808160975e-08,0.3182763159275055,0.0027917624,0.1469785,0.10888148844242096,0.050116777,0.13378803,0.2
immrep23_2461,0.0362471304833889,0.2973028123378753,4.7439036e-05,0.16244003,0.01788983680307865,0.006736287,0.58295625,0.2
immrep23_2462,0.021347399801015854,0.4727496206760406,0.07266635,0.0851937,0.064533531665802,0.004476533,0.3296254,0.5
immrep23_2463,0.0024199432227760553,0.0716850236058235,0.00014662743,0.18881814,0.00014026567805558443,0.11201334,0.62453014,0.0
immrep23_2464,0.0038539315573871136,0.2913567125797272,0.00039193034,0.14822432,0.00044486610568128526,0.0012079725,0.697664,0.0
immrep23_2465,0.030492423102259636,3.876111077261157e-05,0.5449948,4.531457e-05,0.0002807974524330348,0.00425928,0.55179346,0.5
immrep23_2466,3.394777741050348e-05,0.0593122467398643,0.043049544,0.02856186,0.01341707818210125,0.0003624955,0.6172209,0.0
immrep23_2467,0.0018581306794658303,0.006344330497086,0.0014721751,0.17664495,0.017389478161931038,0.007926036,0.46993,0.5
immrep23_2468,0.14139261841773987,0.5742138028144836,,,0.0580296590924263,0.99179864,0.72506166,0.0
immrep23_2469,0.03951121121644974,0.1024578809738159,0.00036352873,0.083765104,0.00590912438929081,0.24391212,0.19811775,0.5
immrep23_2470,0.04801134392619133,0.4586462080478668,0.0040235817,0.17585221,0.012138773687183857,0.04952278,0.25868195,0.5
immrep23_2471,0.030587973073124886,0.1304399967193603,0.006963849,0.2517426,0.0007873608847148716,0.022332937,0.099704616,0.5
immrep23_2472,0.0018988584633916616,0.0011123429285362,0.035907775,0.008928796,0.15809442102909088,0.00024578438,0.70152795,0.5
immrep23_2473,0.18389002978801727,0.0124705238267779,0.0009390116,0.26518878,0.05749521404504776,0.0023911723,0.22809151,0.5
immrep23_2474,8.146640902850777e-05,0.2592477202415466,0.9999963,0.13532445,0.0003618667833507061,0.29570115,0.19915748,0.2
immrep23_2475,0.0549025796353817,0.5928057432174683,0.011046737,0.18761657,0.0003101541951764375,0.39894173,0.057302948,0.5
immrep23_2476,0.06888353079557419,0.6651315093040466,0.9996902,0.0013760832,0.02755703404545784,0.03583752,0.4857748,0.4
immrep23_2477,0.20539632439613342,0.499600738286972,0.0001758635,0.25211906,0.01996077224612236,0.05554214,0.7054611,0.5
immrep23_2478,0.013182620517909527,0.0022371811792254,0.014016539,0.14958896,0.02366502210497856,0.0040664263,0.6933483,0.5
immrep23_2479,0.5592628121376038,0.197381243109703,0.0491302,0.30051214,0.0020797154866158962,0.29555455,0.91231084,0.5
immrep23_2480,0.053500037640333176,0.0144721940159797,,,0.00023305718787014484,0.14667472,0.6700791,0.0
immrep23_2481,0.05392219498753548,0.4716775119304657,0.99864614,9.451543e-05,0.0003928077931050211,0.00016131107,0.37368503,0.5
immrep23_2482,0.03624778613448143,5.551618232857436e-05,0.83944166,0.0030090509,0.0656505674123764,0.00093088846,0.8367513,0.5
immrep23_2483,0.032163359224796295,0.0009156216401606,0.13161817,0.19338062,0.0002558785490691662,0.04032606,0.34027684,0.5
immrep23_2484,0.0033427481539547443,0.0206517223268747,0.9943297,0.00028845872,0.02964235097169876,0.001439986,0.74431694,0.5
immrep23_2485,0.029848696663975716,0.0865820497274398,0.18814501,0.04759813,0.20977462828159332,0.0036361236,0.49503028,0.2
immrep23_2486,0.013490253128111362,0.0867006927728653,0.8151681,0.26534188,0.009353592060506344,0.0034403806,0.54945356,0.5
immrep23_2487,0.0010040891356766224,0.2715590894222259,0.10513255,0.15554968,0.011618895456194878,0.0036436545,0.44401848,0.5
immrep23_2488,0.09147976338863373,0.8177052140235901,0.16833904,0.0046251705,0.00015934267139527947,4.430379e-05,0.67987484,0.5
immrep23_2489,0.04907115548849106,0.161099761724472,0.00081831217,0.28942043,0.02656800113618374,0.024058891,0.24524254,0.4
immrep23_2490,0.0016244975849986076,0.1898471415042877,0.0003824234,0.09132467,0.027708904817700386,0.01605812,0.24938591,0.4
immrep23_2491,0.005410937592387199,0.0345345623791217,0.0018907189,0.18685906,0.00020429622964002192,0.13935679,0.5032338,0.5
immrep23_2492,0.0006948134978301823,0.4208635985851288,0.00034227967,0.10619031,0.009748064912855625,0.089443535,0.56241894,0.5
immrep23_2493,0.0010496815666556358,0.3276461958885193,0.002134204,0.11716521,0.015313643030822277,0.011314404,0.5706671,0.5
immrep23_2494,0.034159015864133835,0.0342600010335445,0.00019654632,0.014156191,0.00011467916920082644,0.16346003,0.5420048,0.5
immrep23_2495,0.006253272294998169,0.1045485958456993,0.26058966,0.04092081,0.018650414422154427,0.04536339,0.5986809,0.4
immrep23_2496,0.4917760193347931,0.0050352583639323,0.022237748,0.660905,0.0009155613952316344,0.012439047,0.9114659,0.5
immrep23_2497,0.5305176377296448,0.1187983229756355,0.011055678,0.001292622,0.002672022208571434,0.29645106,0.8613597,0.5
immrep23_2498,0.15382961928844452,0.5372212529182434,,,0.07051797211170197,0.8819198,0.8739756,0.0
immrep23_2499,0.06058124080300331,0.1205161958932876,0.054369807,0.20858566,0.017469121143221855,0.018296378,0.3297413,0.5
immrep23_2500,0.22056178748607635,0.81438148021698,,,0.057175107300281525,0.97524095,,0.6
immrep23_2501,0.011261814273893833,0.4849534928798675,1.5458935e-06,0.17178248,0.04840735346078873,0.024568977,0.20966776,0.5
immrep23_2502,0.00017591859796084464,0.0234487596899271,0.023332298,0.00018512012,0.018197055906057358,0.100959376,0.6920221,0.0
immrep23_2503,0.005483529530465603,0.74553382396698,0.00026738644,0.8958133,9.876093827188015e-05,0.000102488106,0.6834341,0.5
immrep23_2504,0.038146961480379105,0.0013680427800863,0.0046060383,0.06886232,0.0015582132618874311,0.0017657612,0.9279284,0.0
immrep23_2505,0.14471779763698578,0.0730182006955146,0.82284427,0.3258837,0.031093645840883255,0.04980324,0.33234614,0.5
immrep23_2506,0.01664297841489315,0.0223306827247142,0.9929397,0.1366212,0.038803938776254654,0.0018326427,0.2833843,0.5
immrep23_2507,0.10514155775308609,0.0613391250371933,0.007026136,0.2748205,0.01205920334905386,0.37561283,0.0849351,0.2
immrep23_2508,0.0010271118953824043,0.1010986790060997,0.78356075,0.13111117,0.018834680318832397,0.0029803866,0.6683677,0.4
immrep23_2509,0.06102985888719559,0.0409943871200084,0.024388015,0.0012727353,0.04946913197636604,0.011504667,0.7305559,0.5
immrep23_2510,0.13721589744091034,0.3846163749694824,0.9848754,0.23968187,0.0014486132422462106,0.66431713,0.81986606,0.5
immrep23_2511,0.10716976970434189,0.6305649280548096,1.1889021e-05,0.0006095675,0.00016026302182581276,0.00062168995,0.7334929,0.5
immrep23_2512,0.000618562160525471,0.1590393185615539,0.0006047785,0.10266335,0.02333753928542137,0.00768023,0.69098735,0.5
immrep23_2513,0.0010266726603731513,0.5638933181762695,0.08291757,0.16333932,0.014884072355926037,0.0015197501,0.62621975,0.4
immrep23_2514,0.3191070258617401,0.0042005698196589,0.0028062165,0.004373069,0.0007354326662607491,0.43344274,0.87041533,0.5
immrep23_2515,0.01710255816578865,0.2093499302864074,0.7914573,0.22843926,0.0003076418652199209,0.0074753007,0.34282166,0.2
immrep23_2516,0.20167678594589233,0.005345182493329,0.000121009456,0.00015690911,0.062255147844552994,0.00030466003,0.7702519,0.0
immrep23_2517,4.1380793845746666e-05,0.0178740508854389,0.016541451,0.044065453,0.025240324437618256,0.028667796,0.34061882,0.5
immrep23_2518,0.0036498447880148888,0.5110015273094177,1.024708e-05,0.24710791,0.03713864088058472,0.024901547,0.34455082,0.2
immrep23_2519,0.10746884346008301,0.3509041666984558,0.08631584,0.00035481952,0.00035740016028285027,0.0030352399,0.604499,0.2
immrep23_2520,0.13662981986999512,0.0092993276193737,0.0022889376,0.1726489,0.09244807064533234,0.10157998,0.3761977,0.5
immrep23_2521,0.03211711719632149,0.0326939150691032,6.4453736e-05,0.0019478437,0.01379925012588501,4.2758395e-05,0.5501583,0.0
immrep23_2522,0.12552276253700256,0.1645797789096832,0.999297,0.17707796,0.010207363404333591,0.5560718,0.45108783,0.5
immrep23_2523,0.016267850995063782,0.6078941226005554,0.99834263,0.00062568195,0.00014862121315672994,0.0007896658,0.541446,0.0
immrep23_2524,0.01664297841489315,0.0260244682431221,0.013753116,0.11969566,0.038803938776254654,0.0034169035,0.2833843,0.5
immrep23_2525,0.9472734928131104,0.0040554353035986,0.999689,8.86811e-05,0.001292278291657567,0.09614427,0.88650876,0.5
immrep23_2526,0.08176781237125397,0.2325894385576248,0.007834941,,0.00019508879631757736,0.009375131,0.67965263,0.2
immrep23_2527,0.005245119798928499,0.1379399597644806,0.003207326,0.11104368,0.011873427778482437,0.0022428585,0.6942991,0.5
immrep23_2528,0.05082935839891434,0.0096336519345641,0.0030695796,0.05553179,0.06271257996559143,0.0067784353,0.6973901,0.0
immrep23_2529,0.49236375093460083,0.0004685288004111,0.7276516,1.6239148e-05,0.0006325665744952857,0.0016238458,0.8855333,0.0
immrep23_2530,0.004727724939584732,0.1411603540182113,0.03694743,0.09066757,0.013871492817997932,0.022058202,0.63232136,0.5
immrep23_2531,0.043869443237781525,0.6741030812263489,0.004165411,0.00040868833,0.00019993014575447887,0.0001647241,0.26960555,0.2
immrep23_2532,0.013169408775866032,0.5254122018814087,2.3604387e-06,0.1061457,0.014872756786644459,0.0004356486,0.30554643,0.5
immrep23_2533,6.750773172825575e-05,0.0205971300601959,0.013843805,0.30056477,0.02934531308710575,0.0006487513,0.6311397,0.5
immrep23_2534,0.014850053936243057,0.0487787537276744,0.029642731,0.086790845,0.001377943204715848,0.013279847,0.90011084,0.5
immrep23_2535,0.1342957764863968,0.042902622371912,0.0007569194,0.076994225,0.11648081243038177,0.0027638988,0.82246715,0.5
immrep23_2536,0.016401909291744232,0.0197768788784742,0.8168657,0.001540652,0.07923955470323563,0.0010645327,0.8027427,0.2
immrep23_2537,0.005865919403731823,0.1768735945224762,0.0012564659,0.09433762,0.00032481280504725873,0.011579409,0.09228496,0.4
immrep23_2538,0.08685575425624847,0.0066794990561902,0.0008663535,0.0002490082,0.07653164118528366,0.00092725904,0.3032396,0.5
immrep23_2539,0.0021714845206588507,0.1869358718395233,0.53527045,0.29701167,0.00029739851015619934,0.16562852,0.1229073,0.5
immrep23_2540,0.5134125351905823,0.0497019067406654,,0.9999197,0.052629366517066956,0.9893818,0.7528136,0.4
immrep23_2541,0.0015268131392076612,0.012706103734672,3.137672e-06,0.11204412,0.03186871111392975,0.07298386,0.6080418,0.0
immrep23_2542,0.0015601625200361013,0.5179045796394348,0.067851335,0.05946512,0.00033563750912435353,0.03440237,0.2905105,0.5
immrep23_2543,0.28695011138916016,0.001176809775643,,0.74310726,0.001068787183612585,0.1949959,,0.5
immrep23_2544,0.0008712389972060919,0.6300536394119263,0.020927489,0.24985671,0.00037042226176708937,0.087200046,0.6621177,0.4
immrep23_2545,0.002159267431125045,0.2806097567081451,0.00038906932,0.05244962,0.02048991434276104,0.35095665,0.34766483,0.5
immrep23_2546,0.16594964265823364,0.0005618807626888,,,0.0008148339693434536,0.024954734,0.8455688,0.0
immrep23_2547,0.0009348717867396772,0.0343702957034111,0.998421,0.06714503,0.03676489740610123,0.009854913,0.64633685,0.5
immrep23_2548,1.1838761082572091e-07,0.0445906408131122,0.99812967,0.04394148,0.03532962128520012,0.057276476,0.31906915,0.5
immrep23_2549,0.02043953910470009,0.5954474806785583,7.477566e-06,0.14136174,0.0009231414878740907,0.0007110958,0.3460353,0.5
immrep23_2550,0.014576379209756851,0.6354944109916687,2.8500212e-05,0.00029589594,0.00020808041153941303,0.0029262211,0.6554767,0.5
immrep23_2551,0.0001409861579304561,0.0032226007897406,0.0034778714,0.15267012,0.001985273789614439,0.29031265,0.7754598,0.0
immrep23_2552,0.13132351636886597,0.0007908741245046,0.212583,0.0009697552,0.002668391913175583,0.037745945,0.8888048,0.5
immrep23_2553,0.05901683121919632,0.0904819220304489,0.43215507,0.25529468,7.124372496036813e-05,0.35631695,0.6713237,0.0
immrep23_2554,0.1792062669992447,0.0201103687286376,6.379624e-06,0.11532185,0.0012720543891191483,0.022090005,0.91102934,0.5
immrep23_2555,1.0752054890872387e-07,0.0657828897237777,0.800727,0.00020518934,0.00016254271031357348,0.0002264307,0.71699774,0.5
immrep23_2556,0.048688411712646484,0.0549202971160411,,,0.0535929799079895,0.23371173,,0.6
immrep23_2557,0.015410800464451313,0.0013851183466613,0.9970385,0.00069638796,0.08249478787183762,0.0478822,0.45553705,0.5
immrep23_2558,0.1093241348862648,0.0639623627066612,0.055784523,0.23691328,0.01686466857790947,0.025058696,0.14770313,0.0
immrep23_2559,0.00041571762994863093,0.0313257239758968,0.1090852,7.936854e-05,0.0003252761089242995,0.00013890302,0.096501045,0.2
immrep23_2560,0.17532065510749817,0.1372191607952118,0.31123632,0.2299225,0.04891112074255943,0.022852086,0.6417202,0.5
immrep23_2561,0.04722806066274643,0.4235555827617645,0.68667126,0.00016319787,0.0001588578161317855,0.0002368165,0.6468717,0.4
immrep23_2562,0.0429934486746788,0.3018922805786133,0.01994571,0.14210394,0.00017075079085770994,0.112101845,0.6533987,0.4
immrep23_2563,0.06410183757543564,0.4350307881832123,0.0010976493,0.20563152,0.018829345703125,0.0022196698,0.18321748,0.2
immrep23_2564,0.01193831954151392,0.5922455191612244,0.684652,0.011199256,0.00019448556122370064,1.8585482e-05,0.61192656,0.5
immrep23_2565,0.15657834708690643,0.2065200209617614,0.8492687,0.059159152,0.031857930123806,0.0056014904,0.7014038,0.5
immrep23_2566,0.024424534291028976,0.436435729265213,0.0002732873,0.00018991511,0.0003789609472732991,5.959054e-06,0.6764357,0.2
immrep23_2567,0.005167821887880564,0.7206496596336365,1.2944879e-05,0.19925512,0.02863675355911255,0.0037702,0.14164045,0.5
immrep23_2568,0.04201068729162216,0.1540088504552841,0.4211865,0.22605307,0.018626179546117783,0.36801204,0.6760803,0.2
immrep23_2569,0.006463296711444855,0.0798407569527626,6.7536246e-05,0.0008621939,0.004361679777503014,0.05323046,0.466637,0.0
immrep23_2570,0.037305064499378204,0.0220489408820867,0.02391842,0.30165848,0.0004138862423133105,0.050755836,0.1362669,0.2
immrep23_2571,0.04580758884549141,0.0112976776435971,0.00019448996,0.0022110832,0.06784167140722275,0.0034576466,0.7720252,0.5
immrep23_2572,0.028872525319457054,0.3092350363731384,0.002508521,0.099790715,0.19559307396411896,0.14403328,0.49444142,0.5
immrep23_2573,0.00013234476500656456,0.0640026479959487,0.014502794,0.0947206,0.013122976757586002,5.0810127e-06,0.40169746,0.5
immrep23_2574,3.0077728297328576e-05,0.0679578706622123,0.120505065,0.11103569,0.02075626142323017,0.42577648,0.40969932,0.2
immrep23_2575,0.04374218359589577,0.073783665895462,0.20057532,0.23154083,0.004470480605959892,0.51776713,0.62484765,0.5
immrep23_2576,0.00485745444893837,0.5503626465797424,0.0069114864,0.0735088,0.013756661675870419,0.012128056,0.697692,0.0
immrep23_2577,9.544108252157457e-06,0.275851160287857,0.14821437,0.21612673,0.016147956252098083,0.12619278,0.68467546,0.0
immrep23_2578,0.025506045669317245,0.0052924025803804,0.0023320317,0.0035373312,0.000991531414911151,0.0049466267,0.90580004,0.2
immrep23_2579,0.0024707410484552383,0.2123960256576538,0.02337414,0.16587362,0.01502225361764431,0.0013268201,0.62687016,0.2
immrep23_2580,0.02174452506005764,0.619447648525238,0.99999106,0.0038591537,2.6823328880709596e-05,0.0036112505,0.3306865,0.2
immrep23_2581,0.12674900889396667,0.3265196681022644,0.024878561,0.00013639471,0.0222639050334692,0.020890545,0.32241485,0.0
immrep23_2582,0.000709837768226862,0.5553432106971741,0.031732738,0.18999417,0.005457804072648287,0.30693185,0.426284,0.5
immrep23_2583,0.11181126534938812,0.6188852190971375,7.69701e-05,0.60195667,0.031716734170913696,0.06304951,0.48991495,0.5
immrep23_2584,0.002153301378712058,0.473383218050003,0.003550291,0.20342568,0.011436723172664642,0.025119523,0.7067089,0.5
immrep23_2585,0.07936079055070877,0.0002761234063655,0.005360037,0.00081007916,0.050093572586774826,0.0037976112,0.8357047,0.5
immrep23_2586,0.0009164735092781484,0.0387479700148105,0.010566115,0.00022043378,0.000376291194697842,0.003457272,0.08140149,0.0
immrep23_2587,0.0848970040678978,0.1746715456247329,0.016257793,0.16889846,0.05772816017270088,0.010457538,0.46146148,0.5
immrep23_2588,0.8029289841651917,0.1721626222133636,2.4289062e-05,0.21519029,0.015928074717521667,0.3399579,0.5019819,0.4
immrep23_2589,0.04868845269083977,0.0928005576133728,,,0.0535929799079895,0.6784839,,0.4
immrep23_2590,0.15584592521190643,0.0499573796987533,0.042459726,0.23215513,0.04131820797920227,0.009236842,0.3683692,0.5
immrep23_2591,0.0005871662287972867,0.0022160322405397,0.0003706813,0.08152711,0.0130348801612854,0.0049068257,0.19185053,0.0
immrep23_2592,0.12913666665554047,0.0188172627240419,0.0032898188,0.00012770318,0.0668741762638092,0.00023612073,0.81617796,0.2
immrep23_2593,0.04150043800473213,0.1570018529891967,0.00029486418,0.08146048,0.00822052825242281,0.040801145,0.058504436,0.0
immrep23_2594,0.013078439049422741,0.0019197033252567,0.012088448,0.0009461575,0.09848906844854355,0.0010308198,0.84965914,0.2
immrep23_2595,0.049261827021837234,0.1231860443949699,6.413875e-05,0.096261896,0.021080492064356804,0.00060919294,0.15963048,0.5
immrep23_2596,0.0014367999974638224,0.0236196890473365,0.0042157173,0.15283023,0.021180737763643265,0.09680011,0.4614084,0.5
immrep23_2597,0.012399663217365742,0.0210009478032588,0.0007400811,0.00033208713,0.02118278294801712,0.00994673,0.18396084,0.0
immrep23_2598,0.07552307844161987,0.3100647032260895,0.002543807,0.14482951,0.01215458195656538,0.25826675,0.31471315,0.2
immrep23_2599,0.0006948118680156767,0.3888003528118133,0.00018823147,0.10457424,0.009748064912855625,0.0040518725,0.56241894,0.5
immrep23_2600,0.04290245845913887,0.5832480192184448,0.07651353,0.002423787,0.00022339228598866612,0.013881105,0.3830644,0.2
immrep23_2601,0.10663293302059174,0.7943824529647827,0.00047075748,0.9999089,0.08346527814865112,0.99708706,0.6668804,0.2
immrep23_2602,0.617569088935852,0.1038435250520706,0.0018213093,0.1098278,0.05546814203262329,0.13796446,0.24560028,0.5
immrep23_2603,0.01212382409721613,0.0175452101975679,0.9853742,0.06226959,0.020450245589017868,0.055370864,0.28478464,0.5
immrep23_2604,0.07779933512210846,0.171996384859085,0.07131016,0.05495451,0.016784608364105225,0.029767808,0.6311023,0.6
immrep23_2605,0.2574518620967865,0.536962628364563,0.793339,0.17573841,0.0254314374178648,0.010545005,0.60714686,0.5
immrep23_2606,0.11307688802480698,0.2449454367160797,0.20161581,0.12317985,0.031215853989124298,0.015275553,0.43123424,0.5
immrep23_2607,0.0035851949360221624,0.0113328536972403,0.99939436,0.061842937,0.015589025802910328,0.0153496,0.5832281,0.0
immrep23_2608,0.11060275137424469,0.35751873254776,0.15556839,0.0055905455,2.5861216272460297e-05,0.040859554,0.70863116,0.5
immrep23_2609,0.33298832178115845,0.0010585316922515,0.0029526353,,0.00024416574160568416,0.02245338,0.53959966,0.0
immrep23_2610,0.032461751252412796,0.0102097587659955,0.9901296,0.18801191,0.01121521182358265,0.002120534,0.5094558,0.2
immrep23_2611,0.10124840587377548,0.0436178036034107,0.0005377829,0.00010564104,0.00018041480507235974,0.0046777334,0.8151752,0.0
immrep23_2612,0.0504785031080246,0.0146933514624834,0.8956201,0.25188416,0.005073228385299444,0.0008114874,0.7046402,0.5
immrep23_2613,0.005610430147498846,0.1019067540764808,0.006499648,0.033960097,0.03389792889356613,0.008101562,0.6132748,0.4
immrep23_2614,0.06539400666952133,0.0089795365929603,0.9996658,0.00081239815,0.07342766225337982,0.00015033127,0.8117189,0.0
immrep23_2615,0.01593685895204544,0.0375303514301776,0.99122524,0.99966717,0.00011289324902463704,0.003075241,0.69770366,0.2
immrep23_2616,0.26349616050720215,0.0028423054609447,0.9887351,0.26954442,0.006402077153325081,0.35391143,0.31584218,0.0
immrep23_2617,5.726997642341303e-06,0.3946567177772522,0.0011213124,0.23456633,0.000717043352779001,0.16905023,0.12122022,0.5
immrep23_2618,0.02114896848797798,0.0777530372142791,0.00028336048,0.08670653,0.013876411132514477,0.007409688,0.65924346,0.4
immrep23_2619,0.07942723482847214,0.0983439311385154,0.4145686,0.62999445,0.0885566994547844,0.00087935105,0.70373607,0.0
immrep23_2620,8.575293031753972e-05,0.2132648080587387,0.0029289424,0.1326805,0.019296789541840553,0.001187549,0.288678,0.4
immrep23_2621,0.1966402381658554,0.0087913004681468,0.30834764,0.001596778,0.0002341643994441256,0.0017291509,0.52918214,0.0
immrep23_2622,0.20039325952529907,0.0455952808260917,0.0010531545,0.20292942,0.00838286243379116,0.006593181,0.115147114,0.5
immrep23_2623,0.036622196435928345,0.0028701920527964,0.026802152,0.5420464,0.051388852298259735,0.00029862818,0.8810213,0.5
immrep23_2624,0.09946470707654953,0.6257318258285522,0.018365055,6.4072156e-05,0.00019839634478557855,0.00035449732,0.7150471,0.5
immrep23_2625,0.0043290844187140465,0.0332389958202838,0.6504054,0.07131816,0.013347459957003593,0.0696606,0.2009955,0.5
immrep23_2626,0.078956738114357,0.5037181973457336,0.9717866,0.00055878673,0.000184722724952735,0.00012945788,0.6311353,0.4
immrep23_2627,0.015863925218582153,0.0038996983785182,0.004977107,3.6248646e-05,0.00019303252338431776,0.003209136,0.7368162,0.5
immrep23_2628,0.00036923339939676225,0.3105253279209137,0.0008915365,0.00042835198,0.011878547258675098,0.0022676296,0.66804826,0.0
immrep23_2629,0.03650447353720665,0.1133299022912979,0.79984,0.16809155,0.03698860853910446,0.01855812,0.37369302,0.5
immrep23_2630,8.428958153672284e-07,0.452574610710144,0.9985609,0.28751802,0.023769913241267204,0.013308838,0.51226765,0.5
immrep23_2631,0.5003782510757446,0.004975541960448,0.054456353,0.999585,0.0009424947202205658,0.12838802,0.7071611,1.0
immrep23_2632,1.2015991615044186e-06,0.1995704770088195,0.0051398277,0.08481685,0.010331496596336365,0.00733957,0.49646184,0.2
immrep23_2633,7.698978879489005e-05,0.0212361253798007,0.0037851334,0.117054224,0.03050629422068596,0.009305708,0.6560261,0.0
immrep23_2634,0.09421106427907944,0.0465097390115261,0.0012316406,0.14544806,0.012572464533150196,0.2517703,0.21880072,0.5
immrep23_2635,0.04758377745747566,0.0019302003784105,0.99842197,0.10137923,0.006028443109244108,0.22262831,0.18075462,0.2
immrep23_2636,0.023138904944062233,0.0077466764487326,0.0004054308,0.111188576,0.028983959928154945,0.00013141693,0.13885112,0.5
immrep23_2637,0.15815101563930511,0.0005821710219606,0.014875084,0.41418266,0.0002537266118451953,0.54377466,0.62347203,0.5
immrep23_2638,0.007838673889636993,0.1423348039388656,0.057391793,0.0005155155,0.00010101563384523615,0.0007821457,0.7276046,0.5
immrep23_2639,0.08889197558164597,0.0001325881603406,0.8063512,0.00017943645,0.07055473327636719,0.07537178,0.6553475,0.5
immrep23_2640,0.06368061155080795,0.0265593267977237,0.0010448098,0.17766348,0.15603326261043549,0.47785375,0.5695454,0.5
immrep23_2641,0.03755541145801544,0.0022243941202759,0.01535067,2.4868099e-05,0.101291723549366,0.0003663059,0.69180465,0.2
immrep23_2642,0.04881091043353081,0.0011874439660459,0.0010555387,0.06187271,0.008751409128308296,0.21508549,0.72499704,0.5
immrep23_2643,2.5263096176786348e-05,0.0026828476693481,2.9076882e-05,9.951936e-06,0.009787363931536674,0.0002612406,0.4288322,0.0
immrep23_2644,0.015090633183717728,0.503197193145752,0.003758818,0.00010826623,0.011089476756751537,0.010695907,0.4061539,0.2
immrep23_2645,0.03182348981499672,0.0109169241040945,0.001181215,0.00017067608,0.055826809257268906,0.82890826,0.73377633,0.2
immrep23_2646,0.007755492813885212,0.3838286101818084,5.339437e-06,0.18940936,0.011120876297354698,0.61789143,0.25175393,0.5
immrep23_2647,0.6349178552627563,0.0002834363258443,0.993203,0.04667952,0.00044758160947822034,0.014911028,0.8872678,0.2
immrep23_2648,0.2710457444190979,0.0059665357694029,0.009118438,0.24325445,0.0020730600226670504,0.13699661,0.6904496,0.5
immrep23_2649,0.03680415451526642,0.0295217018574476,0.0035402179,0.001113555,0.015743684023618698,0.00034366545,0.8645631,0.2
immrep23_2650,0.00013901897182222456,0.0270361062139272,0.14313444,2.3636499e-06,0.011856075376272202,0.00840489,0.42442238,0.0
immrep23_2651,0.11692506074905396,0.3470085263252258,0.6551328,0.0906473,0.03368314728140831,0.6012205,0.32366765,0.0
immrep23_2652,8.332367724506184e-05,0.1321991086006164,0.9999959,0.09699664,0.00968609843403101,0.017230678,0.346001,0.5
immrep23_2653,0.517717719078064,0.005936165805906,0.0018289387,0.00020942774,0.00024007042520679533,0.0064898063,0.54126215,0.5
immrep23_2654,0.03436871990561485,0.3444151580333709,0.03160259,0.18906868,0.11393461376428604,0.0084959855,0.4091395,0.2
immrep23_2655,0.18171092867851257,0.1060802042484283,0.0006813109,0.25670928,0.017594067379832268,0.40776893,0.27773008,0.4
immrep23_2656,0.3799450397491455,0.0541664585471153,0.363689,0.61545676,0.003096567466855049,0.36033887,0.86304426,0.5
immrep23_2657,0.011706281453371048,0.6326344609260559,7.936895e-05,0.22493955,0.00037329207407310605,0.0004929521,0.68055916,0.5
immrep23_2658,0.06835321336984634,0.0020777182653546,3.0143576e-06,0.008659808,0.08955066651105881,0.0005883418,0.8908354,0.5
immrep23_2659,0.05828893557190895,0.0093510253354907,0.12771964,0.9365174,0.01116382610052824,0.09170023,0.73263943,0.5
immrep23_2660,3.417146945139393e-05,0.0838527828454971,0.00462538,0.03838064,0.02223311737179756,0.004641156,0.6763063,0.5
immrep23_2661,0.16594964265823364,0.0008887952426448,,,0.0008148339693434536,0.0059645167,0.8455688,0.0
immrep23_2662,5.6588360166642815e-05,0.000948688131757,0.9993218,0.14080764,0.01364647876471281,0.0012849781,0.6394757,0.5
immrep23_2663,0.004116079770028591,0.0099076014012098,0.00020518899,0.10755322,0.0077466764487326145,0.0011099047,0.4341622,0.5
immrep23_2664,0.0006173754227347672,0.1949174553155899,0.0003517866,0.10630922,0.009687895886600018,0.00035076818,0.6041777,0.5
immrep23_2665,0.022109052166342735,0.6699683666229248,0.29480636,0.017994575,0.04198018088936806,0.0002234839,0.38709036,0.2
immrep23_2666,0.06861943006515503,0.015449771657586,0.006181538,0.0032832809,0.07896648347377777,0.082012,0.7017355,0.4
immrep23_2667,0.00040925954817794263,0.2420739531517028,0.0005621314,0.03665127,0.0077266753651201725,0.23389906,0.29810122,0.5
immrep23_2668,0.39089494943618774,0.0002841349050868,0.16452721,0.18407956,0.0008830929873511195,0.7657585,0.8802799,0.5
immrep23_2669,0.1770162135362625,0.0124937053769826,0.02068305,0.21872997,0.02591545321047306,0.016520768,0.48772365,0.5
immrep23_2670,0.034281037747859955,0.7444612383842468,0.978421,0.10510383,0.0054395608603954315,0.018986793,0.060754158,0.2
immrep23_2671,0.0009158895700238645,0.723702609539032,0.9982939,0.14940524,0.00011663983605103567,6.0087175e-05,0.6669047,0.5
immrep23_2672,0.049997247755527496,0.0898220092058181,1.9942934e-05,0.0008960465,0.0891384705901146,0.0066543063,0.89300466,0.5
immrep23_2673,0.21821139752864838,0.044283602386713,0.0005764663,0.00290575,1.9149450963595882e-05,0.006978792,0.4495506,0.6
immrep23_2674,0.5491189360618591,0.1596517115831375,0.00023850799,0.0040324638,0.01845111884176731,0.049254347,0.73484635,0.5
immrep23_2675,4.3286880746506995e-09,0.2523172497749328,0.07775736,0.15871404,0.008932719007134438,4.7729804e-06,0.63096356,0.5
immrep23_2676,0.00047719679423607886,0.0023488150909543,3.9710367e-06,0.017295133,0.0002789091959130019,0.2388287,0.23879793,0.5
immrep23_2677,0.032035138458013535,0.2977918684482574,0.7212382,0.93567216,0.08218260854482651,0.0014838221,0.82132983,0.2
immrep23_2678,0.006672845687717199,0.7870737314224243,0.013341129,0.20059149,0.00027428698376752436,9.6965596e-05,0.6385933,0.5
immrep23_2679,5.089029400551226e-06,0.0948440730571746,0.00053203106,0.10108294,0.0003867985215038061,0.27348858,0.35832986,0.4
immrep23_2680,0.06304294615983963,0.1868365854024887,0.037594527,0.2538104,0.017872285097837448,0.07099564,0.7016252,0.0
immrep23_2681,0.2693464756011963,0.0008004027768038,0.0031408072,0.6394678,0.0011822775704786181,0.10548466,0.87928337,0.0
immrep23_2682,0.0615609772503376,0.0254902355372905,0.0149125755,0.09220042,0.013425122015178204,0.29207596,0.1204627,0.5
immrep23_2683,0.2929040789604187,0.0409612469375133,0.47954914,0.98879814,0.0003291209868621081,0.003552411,0.9028735,0.5
immrep23_2684,0.06177082285284996,0.0332639589905738,0.002630949,0.19934942,0.044398341327905655,0.06996203,0.51213443,0.0
immrep23_2685,0.0011213233228772879,0.7726550698280334,8.669614e-06,0.00014624988,0.00032607963657937944,1.5803014e-05,0.5387412,0.2
immrep23_2686,0.0009150800760835409,0.2752835154533386,0.08817017,0.31398445,0.006835469510406256,0.15004171,0.5227749,0.0
immrep23_2687,0.02332950383424759,0.0175502896308898,0.0012877584,0.00011821627,0.017997916787862778,0.00011170889,0.120782435,0.0
immrep23_2688,4.362951949588023e-05,0.6175133585929871,0.79711396,0.046421573,0.03346218541264534,0.00045348346,0.3297711,0.5
immrep23_2689,2.94075180136133e-05,0.068644218146801,0.00047808886,0.0009300336,0.016342036426067352,0.029716775,0.48472053,0.0
immrep23_2690,0.004572383593767881,0.3438608050346374,0.0017272532,0.0002673865,0.00018270824512001127,0.00011161465,0.43234223,0.2
immrep23_2691,0.16674767434597015,0.00883783493191,5.4062137e-05,6.983958e-05,0.06335233151912689,0.00046448794,0.7310462,0.0
immrep23_2692,0.014986333437263966,0.2169061601161956,0.00014802814,0.27275303,0.07759222388267517,0.35854486,0.78086895,0.5
immrep23_2693,0.03521578013896942,0.6434550285339355,0.05898857,0.096484944,0.0005395878688432276,0.0046904827,0.3596544,0.5
immrep23_2694,0.018722113221883774,0.0576309897005558,0.19570175,0.33210823,0.07098639011383057,0.0002827831,0.48271,0.2
immrep23_2695,0.0071700760163366795,0.1444727331399917,0.85013187,0.092580654,0.018253697082400322,0.059847686,0.24091542,0.4
immrep23_2696,0.0030220195185393095,0.3262487053871155,0.5752268,0.09711987,0.013440488837659359,0.002479125,0.54740536,0.2
immrep23_2697,0.0964389368891716,0.3125385642051697,,,0.05226273089647293,0.94170326,0.65568876,0.0
immrep23_2698,0.00261029158718884,0.5846816301345825,3.5433939e-06,0.14557055,0.029539166018366814,0.05288445,0.6099069,0.5
immrep23_2699,0.0015163999050855637,0.3333573639392853,0.80771375,0.05361151,0.00032464347896166146,0.009037465,0.09578477,0.0
immrep23_2700,0.05195636674761772,0.1616436094045639,0.26058966,0.00081669784,0.00022677444212604314,7.216579e-05,0.58016884,0.4
immrep23_2701,2.6701358365244232e-05,0.0316208787262439,0.00016453862,0.15274058,0.020889541134238243,0.04737109,0.65824336,0.0
immrep23_2702,0.031031735241413116,0.0017755563603714,0.00034743547,0.00017704238,0.10956569015979767,0.004718479,0.830516,0.0
immrep23_2703,0.004009388852864504,0.103220596909523,0.77732635,0.19064216,0.24214975535869598,0.012203941,0.7357932,0.4
immrep23_2704,0.0010805673664435744,0.1963410079479217,0.018491834,0.11541692,0.011790809221565723,0.07336629,0.13238628,0.0
immrep23_2705,0.06836773455142975,0.0102841267362236,1.3440982e-05,0.08187663,0.003234702395275235,0.04583537,0.31526518,0.5
immrep23_2706,1.577421062393114e-05,0.0015496150590479,0.9995732,0.26434594,0.04562198370695114,0.02977757,0.6880514,0.5
immrep23_2707,0.001050083665177226,0.7712205648422241,0.99997723,0.13824657,0.024737415835261345,0.019435667,0.4942897,0.5
immrep23_2708,0.20432378351688385,0.4976676404476166,0.07679379,0.010162445,1.486034489062149e-05,0.04647864,0.27133453,0.2
immrep23_2709,0.00023399679048452526,0.2207529544830322,2.890982e-05,0.19728558,0.0002550579665694386,0.0047001583,0.44954398,0.5
immrep23_2710,0.004533765837550163,0.099959410727024,0.9982772,0.09785594,0.009277408942580223,0.004950926,0.24729529,0.5
immrep23_2711,0.0009559355094097555,0.4004116356372833,5.454074e-05,0.05813957,0.0252713393419981,0.051152714,0.5088285,0.5
immrep23_2712,0.0018163336208090186,0.4799061715602875,0.0007812977,0.17564546,0.016706034541130066,0.46001232,0.703334,0.5
immrep23_2713,0.013969004154205322,0.1339939087629318,6.5264608e-06,0.058754575,0.010886388830840588,0.4102541,0.19405842,0.5
immrep23_2714,0.14825913310050964,0.0042265392839908,0.005409986,0.3720307,0.0033776797354221344,0.010474274,0.874833,0.5
immrep23_2715,0.1419815570116043,0.3504909873008728,0.44978788,0.00025895194,0.00018611109408084303,0.0001267461,0.6665139,0.2
immrep23_2716,0.0964445024728775,0.0114773353561759,0.9606099,0.0007564025,0.013524905778467655,3.8722133e-05,0.8033743,0.5
immrep23_2717,0.05761036276817322,0.2987335324287414,0.0012094378,0.21375671,0.015061059035360813,0.023433844,0.60397065,0.5
immrep23_2718,0.02365874871611595,0.0196921620517969,0.00029325485,0.0062407893,0.06178657338023186,0.0008980779,0.86533594,0.5
immrep23_2719,3.6217650745129504e-07,0.829155683517456,0.008303553,0.10351904,0.013969686813652515,0.010652822,0.33011088,0.5
immrep23_2720,0.08722124248743057,0.0008686776272952,0.6366708,,0.022081665694713593,0.013805599,0.51335275,0.0
immrep23_2721,0.015673156827688217,0.9373339414596558,0.00045627356,0.9998182,0.00011666296632029116,0.011844495,0.5662597,0.5
immrep23_2722,0.7695216536521912,0.0635434910655021,0.0030612946,0.202578,0.002534378319978714,0.4188164,0.5029665,0.4
immrep23_2723,0.0015237689949572086,0.4224116206169128,0.016541451,0.00018685758,0.00021169755200389773,0.0011191356,0.4465438,0.4
immrep23_2724,0.07797159254550934,0.2590635418891907,0.6132004,0.15397301,0.004979511722922325,0.00013527987,0.59411806,0.4
immrep23_2725,0.008320215158164501,0.107989102602005,0.0083883405,0.03899827,0.12822051346302032,0.030444995,0.4936095,0.5
immrep23_2726,0.0007485959213227034,0.0035488414578139,0.0008188188,3.080911e-05,0.022114133462309837,0.029807473,0.50909173,0.2
immrep23_2727,0.11296486109495163,0.0129054486751556,0.002872914,0.18126895,0.055156949907541275,0.0030152046,0.56165093,0.0
immrep23_2728,0.05927015095949173,0.5473505258560181,0.41109496,0.0008050927,0.00020969106117263436,0.003060695,0.7393937,0.5
immrep23_2729,0.04914009943604469,0.44089275598526,3.9245428e-05,3.6321395e-05,0.0001069901481969282,0.00031545915,0.29971832,0.4
immrep23_2730,0.011007801629602909,0.0060806567780673,0.996182,0.005957558,0.078956238925457,0.002002767,0.7970017,0.4
immrep23_2731,0.07795215398073196,0.0568826347589492,0.0018557608,0.0004964753,0.11412612348794937,0.0013543674,0.81289065,0.5
immrep23_2732,0.09247834980487823,0.0004976930795237,0.0076994896,,0.0002869897580239922,0.0012287836,0.68942547,0.5
immrep23_2733,0.0011399047216400504,0.3351816236972809,1.1227116e-05,0.12284633,0.006533424835652113,0.007668712,0.6718894,0.0
immrep23_2734,0.3211251497268677,0.6333967447280884,0.04832071,0.0005372449,0.046164482831954956,0.028776776,0.26571092,0.5
immrep23_2735,0.0012010696809738874,0.1815415024757385,0.0009293258,0.2816062,0.027015704661607742,0.27132493,0.69307053,0.0
immrep23_2736,0.01877043955028057,0.2620804905891418,0.63027024,0.00035517284,0.0002217396249761805,4.5739165e-05,0.7427592,0.5
immrep23_2737,0.34322020411491394,0.8291640877723694,0.001162082,0.1748277,0.039839230477809906,0.17729783,0.5128956,0.2
immrep23_2738,0.030975699424743652,0.2698989510536194,0.0052960217,0.13593908,0.02100239507853985,0.11062843,0.7177752,0.2
immrep23_2739,2.1393425413407385e-06,0.1840367019176483,0.00058433414,0.061308753,0.009409851394593716,0.004506362,0.6516053,0.0
immrep23_2740,0.23874300718307495,0.1264202892780304,0.09191167,0.24919763,0.03777557238936424,0.12561737,0.3533606,0.5
immrep23_2741,0.12839245796203613,0.1049471423029899,0.008494467,0.028262794,0.04462360963225365,0.003775338,0.64318347,0.2
immrep23_2742,0.02991284802556038,0.0322323068976402,0.5,0.0630707,0.00022070144768804312,0.014978895,0.14630717,0.5
immrep23_2743,0.0008623390458524227,0.078687809407711,0.5,0.2781457,0.0005535872187465429,0.6047923,0.12795699,0.0
immrep23_2744,0.009238235652446747,0.5438700914382935,0.5,0.19740811,0.0004833113634958863,0.00061928865,0.44122267,0.5
immrep23_2745,0.018709959462285042,0.0010534061584621,0.5,0.13742317,0.024975785985589027,0.0013852655,0.30701533,0.5
immrep23_2746,0.22958852350711823,0.0158975403755903,0.5,0.01855883,0.0015690447762608528,0.14016666,0.86903524,0.2
immrep23_2747,0.00477193295955658,0.1179314032196998,0.5,0.21948521,0.00017147733888123184,0.16825132,0.7571821,0.5
immrep23_2748,0.14449475705623627,0.004353851545602,0.5,0.0012267802,0.06419305503368378,0.0009781086,0.49341226,0.6
immrep23_2749,1.0582216418697499e-06,0.0242921244353055,0.5,0.21628113,0.03515981510281563,0.0038746197,0.5534868,0.5
immrep23_2750,0.00011407549027353525,0.169894590973854,0.5,0.21427874,0.06790535151958466,0.4035809,0.40859857,0.5
immrep23_2751,0.28932464122772217,0.0235837586224079,0.5,0.0005640598,0.024060361087322235,0.0016548012,0.37788182,0.2
immrep23_2752,0.08395727723836899,2.5710769477882423e-05,0.5,7.762575e-05,0.08933679759502411,5.0319904e-05,0.84163463,0.4
immrep23_2753,0.20811909437179565,0.0032482536043971,0.5,0.0038187497,0.0006857847329229116,0.0017473998,0.85513043,0.5
immrep23_2754,0.00047029511188156903,0.0842171013355255,0.5,0.057124965,0.000308768154354766,0.6200058,0.40000862,0.0
immrep23_2755,0.022173814475536346,0.0312544256448745,0.5,0.0007422876,3.9376438508043066e-05,0.04110099,0.33170572,0.5
immrep23_2756,0.0018965753260999918,0.045794740319252,0.5,0.2525429,0.004592197947204113,0.343122,0.69064283,0.5
immrep23_2757,0.0016606813296675682,0.0073632323183119,0.5,0.14814118,0.021064518019557,0.43005913,0.39070478,0.5
immrep23_2758,0.0023063900880515575,0.0902764722704887,0.5,0.1332312,0.026383768767118454,0.010439789,0.4361339,0.5
immrep23_2759,0.23232319951057434,0.0412998646497726,0.5,0.09290191,0.0021321724634617567,0.003102092,0.6387793,0.5
immrep23_2760,0.04094099625945091,0.0001456241006962,0.5,1.826182e-05,0.00029059022199362516,0.00012581433,0.5775261,0.5
immrep23_2761,0.012355112470686436,0.2820280194282532,0.5,0.13055661,0.025044487789273262,0.031233659,0.37648222,0.0
immrep23_2762,0.0016500303754583001,0.0372730791568756,0.5,0.09192806,0.00028726787422783673,0.005104923,0.10802982,0.5
immrep23_2763,0.025591639801859856,0.0127908075228333,0.5,0.019446742,0.0001374623243464157,0.03350836,0.691318,0.5
immrep23_2764,0.05717235431075096,0.0002358154306421,0.5,0.006645359,0.16508200764656067,0.0010584717,0.7196399,0.5
immrep23_2765,0.004053386859595776,0.0037803505547344,0.5,0.07351725,0.028553785756230354,0.07454957,0.2677797,0.0
immrep23_2766,0.25937819480895996,0.140131413936615,0.5,0.044331364,0.06330805271863937,0.0004943939,0.82960385,0.5
immrep23_2767,9.906776540447026e-05,0.1759309768676757,0.5,0.025030306,0.01993986964225769,0.017995983,0.34451854,0.2
immrep23_2768,0.015901092439889908,0.0313809029757976,0.5,0.08530907,8.39477579575032e-05,0.0022870318,0.5199175,0.5
immrep23_2769,0.0627075582742691,0.1016469076275825,0.5,0.2402946,0.002928063739091158,0.23293717,0.70899534,0.2
immrep23_2770,0.0027413158677518368,0.0023071239702403,0.5,0.22903785,0.022440269589424133,0.11422135,0.122188866,0.5
immrep23_2771,0.04350697249174118,0.3414721190929413,0.5,0.00049430056,0.00029283296316862106,0.0006114878,0.6662765,0.4
immrep23_2772,0.0027658077888190746,0.0436462871730327,0.5,0.23299718,0.00028841086896136403,0.113238774,0.055505514,0.5
immrep23_2773,0.5471123456954956,0.0918113812804222,0.5,0.17408252,0.000674452749080956,0.16353899,0.14173427,0.5
immrep23_2774,0.12087689340114594,0.0542337819933891,0.5,0.078545466,0.029917726293206215,0.08046774,0.57018745,0.5
immrep23_2775,0.029685333371162415,0.6618930697441101,0.5,0.021153223,0.00030902225989848375,0.0067758546,0.7441349,0.5
immrep23_2776,0.004341594409197569,0.0090197855606675,0.5,0.0010034447,0.07110749185085297,0.010228563,0.8398177,0.5
immrep23_2777,0.38652050495147705,0.0089180395007133,0.5,0.8769008,0.0012896525440737605,0.20733549,0.86503804,0.4
immrep23_2778,0.00044886465184390545,0.1005153208971023,0.5,0.097480185,0.017322061583399773,0.0023492565,0.48007032,1.0
immrep23_2779,0.004030054435133934,0.6138274073600769,0.5,0.23500867,0.00028403711621649563,0.021736726,0.30251232,0.6
immrep23_2780,0.041628144681453705,0.0241496190428733,0.5,0.1405733,0.011407422833144665,0.0053025587,0.33549643,0.6
immrep23_2781,7.314717095141532e-06,0.1293710172176361,0.5,1.7014629e-05,0.019498156383633614,0.015895156,0.59455764,0.0
immrep23_2782,0.07674971222877502,0.013711062259972,0.5,0.0016486913,0.06510327756404877,0.06115254,0.89211154,0.5
immrep23_2783,0.007918881252408028,0.1207910105586052,0.5,0.043156516,0.015025647357106209,0.026536338,0.19613121,0.5
immrep23_2784,0.00017169953207485378,0.6506133675575256,0.5,0.9719267,0.00016113781020976603,0.00079107913,0.62005603,0.2
immrep23_2785,0.002409284235909581,0.0693100020289421,0.5,0.15032485,0.023968398571014404,0.45152026,0.34727764,0.5
immrep23_2786,0.0007640949916094542,0.154974028468132,0.5,0.091435686,0.005797879304736853,0.00013242062,0.4461116,0.5
immrep23_2787,0.04480008780956268,0.2312901318073272,0.5,0.04980129,0.01173531636595726,0.060002185,0.27912948,0.0
immrep23_2788,0.00026639175484888256,0.0277048666030168,0.5,0.15785447,2.0567485989886336e-05,0.020805344,0.28008893,0.2
immrep23_2789,0.2901516556739807,0.1837497502565384,0.5,0.07250866,0.008442888036370277,0.06105455,0.57049876,0.2
immrep23_2790,0.002006120979785919,0.4860610067844391,0.5,0.15964518,0.17630870640277863,0.19798833,0.5902649,0.5
immrep23_2791,3.24924367305357e-05,0.0039030301850289,0.5,0.036224924,3.136815212201327e-05,0.03453586,0.4665539,0.5
immrep23_2792,0.011579737067222595,0.4163094162940979,0.5,0.0001247678,0.00015702996461186558,0.00011297715,0.6589092,0.5
immrep23_2793,0.0438997708261013,0.0390599370002746,0.5,0.07191868,0.03280414640903473,0.0023135848,0.18612237,0.0
immrep23_2794,0.20473766326904297,0.0167349483817815,0.5,0.25595224,0.0005908292368985713,0.111137606,0.15867323,0.5
immrep23_2795,0.003496387042105198,0.3367820978164673,0.5,0.28205684,0.015129733830690384,0.1863646,0.6182462,0.0
immrep23_2796,0.5467731952667236,0.0003659536887425,0.5,,0.00024104105250444263,0.19191684,0.50742996,0.0
immrep23_2797,0.000454222405096516,0.0727339908480644,0.5,2.3241615e-05,0.014821319840848446,0.024194924,0.6449196,0.0
immrep23_2798,0.0715104341506958,0.0431942194700241,0.5,8.625316e-05,0.00594796659424901,0.0030101303,0.49185792,0.0
immrep23_2799,0.019178267568349838,0.3091397881507873,0.5,0.18255086,0.00794617272913456,0.21478577,0.074057326,0.5
immrep23_2800,0.016898570582270622,0.2120453715324401,0.5,0.00012585512,0.0004204172582831234,0.00020574946,0.2618793,0.4
immrep23_2801,6.549648242071271e-05,0.4190993010997772,0.5,0.051006246,0.24017435312271118,0.023074605,0.35424474,0.4
immrep23_2802,0.06678760796785355,0.0026206530164927,0.5,0.17625804,0.006982368417084217,0.07935228,0.688859,0.5
immrep23_2803,0.07553757727146149,0.0037363697774708,0.5,0.00025625218,0.12751831114292145,0.00026544204,0.70065486,0.0
immrep23_2804,0.053946603089571,0.0004585362330544,0.5,0.00017408746,0.07627028226852417,0.0025929948,0.6361461,0.6
immrep23_2805,0.05453621596097946,0.0007769353105686,0.5,0.002424084,0.022434983402490616,0.00040471737,0.88289607,0.5
immrep23_2806,0.03311743214726448,0.8267958760261536,0.5,0.029083807,0.010233783163130283,0.0024531833,0.30606154,0.2
immrep23_2807,0.009280815720558167,5.253396375337616e-05,0.5,8.86905e-05,0.11129562556743622,0.029993048,0.8934815,0.5
immrep23_2808,1.562833418233822e-08,0.7736502885818481,0.5,0.69171476,0.00034405748010613024,0.022018697,0.63035,0.0
immrep23_2809,0.4121733009815216,0.0066907270811498,0.5,0.0023044997,0.0905478447675705,0.015355029,0.15809284,0.4
immrep23_2810,0.5174381732940674,0.0252158474177122,0.5,5.615513e-05,0.012408408336341381,0.010724286,0.669257,0.2
immrep23_2811,0.9194602966308594,0.3399717509746551,0.5,0.0029800336,0.06877490133047104,0.0030865637,0.6470817,0.4
immrep23_2812,0.0031545774545520544,0.0049164509400725,0.5,,0.05916260555386543,0.0009089936,0.3455246,0.2
immrep23_2813,0.00016657811647746712,0.3597117364406585,0.5,0.21445055,0.014822551980614662,0.15428002,0.569591,0.5
immrep23_2814,0.13391806185245514,0.0218301396816968,0.5,0.0050369943,0.0743093490600586,7.1374285e-05,0.635334,0.5
immrep23_2815,0.00014750417903997004,0.7694534063339233,0.5,0.00042851263,0.00021442478464450687,0.00054014236,0.59180874,0.2
immrep23_2816,0.07517295330762863,0.1923410296440124,0.5,0.027651608,0.005193295888602734,0.079593286,0.18304321,0.0
immrep23_2817,0.006704666651785374,0.0760624781250953,0.5,2.1567024e-05,0.00035305164055898786,0.037826527,0.42443797,0.0
immrep23_2818,0.018641166388988495,0.4011456072330475,0.5,0.18640633,0.050230707973241806,0.49689305,0.6839489,0.5
immrep23_2819,0.01655641384422779,0.2799332439899444,0.5,0.00010583593,0.0002174550318159163,0.00024488757,0.68753654,0.4
immrep23_2820,0.8902440667152405,0.031618695706129,0.5,0.08462824,0.0016410506796091795,0.0349701,0.92305434,0.4
immrep23_2821,0.0058147418312728405,0.1571960747241974,0.5,0.123326935,0.024130892008543015,0.007728257,0.61415535,0.0
immrep23_2822,0.005433922633528709,0.0114785376936197,0.5,0.1662945,0.009264921769499779,0.08107444,0.09338615,0.5
immrep23_2823,0.07710424065589905,0.6639123558998108,0.5,0.0050789295,0.00021747307619079947,0.0010781916,0.6793503,0.5
immrep23_2824,0.011320071294903755,0.1332685351371765,0.5,0.07638292,0.00040751174674369395,0.11671469,0.06765715,0.5
immrep23_2825,0.037587277591228485,0.1978527456521988,0.5,0.24978971,0.016894174739718437,0.0081002405,0.46422672,0.2
immrep23_2826,0.016243351623415947,0.000194535634364,0.5,5.2483083e-05,0.00024333559849765152,0.008959606,0.59907264,0.5
immrep23_2827,1.1500825166876893e-05,0.1910276114940643,0.5,0.20406422,0.013124019838869572,0.020593364,0.40772057,0.0
immrep23_2828,0.10467187315225601,0.0235185027122497,0.5,0.11737128,0.06731168180704117,9.97657e-05,0.85670584,0.5
immrep23_2829,0.0009746472933329642,0.450467437505722,0.5,0.16765031,0.038666244596242905,0.15102015,0.60367006,0.5
immrep23_2830,1.835783450587769e-06,0.6732202768325806,0.5,0.1625289,0.019828924909234047,0.11919139,0.5196786,0.4
immrep23_2831,4.507420271693263e-06,0.3471821248531341,0.5,0.17812486,0.01868492364883423,0.2890099,0.6926935,0.2
immrep23_2832,0.015032346360385418,0.0131666818633675,0.5,0.04314045,0.01611962541937828,0.018748589,0.6699343,0.5
immrep23_2833,0.10241073369979858,0.0955609008669853,0.5,0.16512148,0.0038350133690983057,0.33955795,0.7770854,0.2
immrep23_2834,0.01608368195593357,0.14679816365242,0.5,0.17727627,0.00021685025421902537,0.07666571,0.44339928,0.0
immrep23_2835,0.10392753034830093,0.404918909072876,0.5,0.99995023,0.07368014007806778,0.84328026,0.6413667,0.4
immrep23_2836,0.03766370192170143,0.611613392829895,0.5,0.16360304,0.0003466876223683357,0.15621167,0.37126112,0.5
immrep23_2837,0.016988972201943398,0.0589620284736156,0.5,0.2073719,0.037371471524238586,0.064698994,0.64186144,0.5
immrep23_2838,4.631773663277272e-06,0.002561462810263,0.5,0.03489367,6.59920769976452e-05,0.0021425313,0.25466242,0.5
immrep23_2839,0.04357859492301941,0.0492672882974147,0.5,0.06325127,0.001145268906839192,0.004678184,0.5492234,0.5
immrep23_2840,0.018186626955866814,0.0031528687104582,0.5,0.003626084,0.0004815896099898964,3.9589933e-05,0.83206975,0.0
immrep23_2841,0.007899196818470955,0.556700587272644,0.5,0.12807275,0.00047918735072016716,0.00469138,0.24975169,0.2
immrep23_2842,3.400509376660921e-05,0.0199109055101871,0.5,0.022602433,0.04630661755800247,0.052230977,0.24724706,0.5
immrep23_2843,0.15588386356830597,0.02451678737998,0.5,0.26811174,0.003949529491364956,0.042686652,0.010071043,0.5
immrep23_2844,0.035447753965854645,0.6213588714599609,0.5,,0.0002274524449603632,0.006359788,0.71269375,0.4
immrep23_2845,0.005764434579759836,0.6208431720733643,0.5,0.13752718,0.0002882849657908082,0.0010294047,0.44340765,0.5
immrep23_2846,0.009292827919125557,0.6138994097709656,0.5,5.4806686e-05,0.00018820917466655374,5.2089734e-05,0.34211606,0.0
immrep23_2847,0.0021332409232854843,0.031544279307127,0.5,0.14263356,0.00014292298874352127,0.027014302,0.7364706,0.5
immrep23_2848,0.049144189804792404,0.557652473449707,0.5,0.0002288438,0.000272126606432721,0.001887025,0.64762247,0.4
immrep23_2849,0.00026881942176260054,0.0167876929044723,0.5,0.00019711864,0.014647762291133404,0.027935935,0.68433404,0.0
immrep23_2850,0.008226588368415833,0.001183898653835,0.5,0.103374146,0.00037151839933358133,0.12939468,0.5027097,0.8
immrep23_2851,0.0007707400363869965,0.0643407627940177,0.5,0.19237189,0.010731040500104427,0.008118701,0.69580716,0.0
immrep23_2852,4.6408717025769874e-05,0.3516664505004883,0.5,0.20629445,0.01780388131737709,0.013847029,0.6556498,0.2
immrep23_2853,0.11171654611825943,0.0510870702564716,0.5,0.15973952,0.05228196084499359,0.0023236189,0.2852852,0.4
immrep23_2854,0.0205351822078228,0.1692294925451278,0.5,0.05484744,0.009659312665462494,0.06501705,0.2245399,0.0
immrep23_2855,0.024798795580863953,0.0070882551372051,0.5,0.25344855,0.005136627238243818,0.41390607,0.67357105,0.5
immrep23_2856,0.0002984890015795827,0.1804058253765106,0.5,0.18728021,0.030873926356434822,0.0055545666,0.4639274,0.5
immrep23_2857,0.12038032710552216,2.844206392182969e-06,0.5,0.0030239508,0.08286624401807785,0.0012785534,0.8292692,0.5
immrep23_2858,0.0007172118057496846,0.0457134321331977,0.5,0.08164929,0.0004212085623294115,0.014479105,0.33422473,0.4
immrep23_2859,0.04902461916208267,0.361754447221756,0.5,,0.0002459864772390574,0.0013631762,0.72884506,0.0
immrep23_2860,0.011344630271196365,0.0013440580805763,0.5,0.0019181423,0.08197902888059616,0.003169739,0.8323153,0.0
immrep23_2861,0.0002787213015835732,0.021093351766467,0.5,0.16478983,0.012921459041535854,0.40795997,0.19919077,0.2
immrep23_2862,0.00026698599685914814,0.1074882671236991,0.5,0.119397484,2.0331788618932478e-05,0.00023397604,0.53223795,0.2
immrep23_2863,0.025856614112854004,0.0932004675269126,0.5,0.028355647,0.008304488845169544,0.015821539,0.23130299,0.5
immrep23_2864,0.033920254558324814,0.000256551313214,0.5,0.12363963,0.07323368638753891,0.026241437,0.91377544,0.5
immrep23_2865,0.024054504930973053,0.6646702885627747,0.5,0.2797113,0.006124682258814573,0.036563985,0.094367206,0.0
immrep23_2866,0.3437418043613434,0.1564947962760925,0.5,0.0015147533,0.08497058600187302,0.0007240473,0.48324844,0.5
immrep23_2867,6.704177940264344e-05,0.8700470328330994,0.5,0.6207746,0.00015321663522627205,0.035756223,0.5886747,0.2
immrep23_2868,0.009441403672099113,0.0588809922337532,0.5,0.15616676,0.006383722182363272,0.06618406,0.044117946,0.2
immrep23_2869,0.09380876272916794,0.0110922064632177,0.5,0.15850197,0.002001039916649461,0.0004868806,0.67425406,0.2
immrep23_2870,0.049350351095199585,0.0445931293070316,0.5,0.008238449,0.1349717080593109,0.0010107254,0.48707914,0.5
immrep23_2871,0.34625542163848877,0.0004458831099327,0.5,,0.0008886326104402542,0.056500528,0.86295736,0.0
immrep23_2872,0.05343790352344513,0.0088852103799581,0.5,0.0033183792,0.1371220052242279,0.00038573693,0.7755731,0.5
immrep23_2873,0.5527324080467224,0.0027133719995617,0.5,0.8148123,0.001689545577391982,0.015647674,0.8549034,0.5
immrep23_2874,0.002574748359620571,0.6956306099891663,0.5,0.18206926,0.01805277168750763,0.004415925,0.3232911,0.5
immrep23_2875,0.022790299728512764,0.0003267477441113,0.5,0.0016530585,0.06642492860555649,0.0026793084,0.7356788,0.0
immrep23_2876,0.03245464712381363,0.0228327941149473,0.5,0.19929293,0.023425670340657234,0.002295236,0.50233024,0.5
immrep23_2877,0.3657507598400116,0.2782987654209137,0.5,0.25607717,0.00400629173964262,0.522621,0.8589613,0.0
immrep23_2878,0.31910595297813416,0.0025575258769094,0.5,0.10600261,0.030044585466384888,0.011479083,0.16708887,0.5
immrep23_2879,0.03330312669277191,0.2642822563648224,0.5,0.2149338,0.0004364639753475785,0.124395244,0.4501834,0.5
immrep23_2880,0.05261096730828285,0.0056806202046573,0.5,0.2286623,0.00030354756745509803,0.5150826,0.2868234,0.2
immrep23_2881,0.012893244624137878,0.6180019378662109,0.5,0.052497674,0.008548742160201073,0.17843553,0.44877335,0.5
immrep23_2882,0.008373517543077469,0.3161505460739136,0.5,,0.00011898567754542455,0.006771165,0.72005063,0.5
immrep23_2883,0.7237087488174438,0.1122907996177673,0.5,0.99840224,2.783270065265242e-05,0.002031479,0.5980267,0.2
immrep23_2884,0.01229739747941494,0.1169149428606033,0.5,0.067747936,0.012772359885275364,0.155103,0.12477731,0.2
immrep23_2885,0.004082908853888512,0.5259301066398621,0.5,0.0011803703,0.0005119886482134461,0.0015731106,0.67606294,0.2
immrep23_2886,0.07366789132356644,0.0894135162234306,0.5,0.023105921,0.03143943473696709,0.00848223,0.3814589,0.4
immrep23_2887,0.05325641110539436,0.0038128346204757,0.5,0.00026382387,0.09820927679538727,0.010068215,0.8677963,0.0
immrep23_2888,0.01675526611506939,0.1691579222679138,0.5,0.21429272,0.0026216567493975163,0.014602133,0.31868702,0.2
immrep23_2889,0.14875207841396332,0.0228174570947885,0.5,0.0034166235,0.09578832983970642,0.7328915,0.5851453,0.5
immrep23_2890,0.03774501010775566,0.1810244470834732,0.5,0.20656285,0.03769741207361221,0.029909473,0.45114213,0.5
immrep23_2891,0.021733349189162254,0.3961572051048279,0.5,0.002137299,0.017494691535830498,0.0003545482,0.39235148,0.5
immrep23_2892,0.01751740835607052,0.0430041253566741,0.5,0.2282242,0.015745406970381737,0.00025107377,0.34204733,0.5
immrep23_2893,0.12398498505353928,0.0145494248718023,0.5,0.43762964,0.0015690887812525034,0.030899696,0.9212802,0.4
immrep23_2894,0.10126346349716187,0.8580315709114075,0.5,0.0017086912,0.012122624553740025,0.0019449819,0.3492757,0.5
immrep23_2895,0.21827688813209534,0.2775353193283081,0.5,0.29776365,0.028650851920247078,0.012145047,0.16469893,0.2
immrep23_2896,0.00799124501645565,0.4938567876815796,0.5,0.22446314,0.016175182536244392,0.088038474,0.60747224,0.4
immrep23_2897,0.08411528170108795,0.0658513009548187,0.5,0.17300567,0.019892973825335503,0.0010428757,0.25322515,0.2
immrep23_2898,0.0013213149504736066,0.8669358491897583,0.5,0.19939564,0.026004483923316002,0.0018802931,0.33443132,0.0
immrep23_2899,0.23192298412322998,0.3463841378688812,0.5,0.23582563,0.03881075605750084,0.008174998,0.4028927,0.5
immrep23_2900,0.0006948115187697113,0.2444656491279602,0.5,0.1156826,0.009748064912855625,0.002293519,0.56241894,0.5
immrep23_2901,6.242817562451819e-06,0.4000662267208099,0.5,0.21353984,0.04470454901456833,0.07719479,0.6166148,0.5
immrep23_2902,0.7409884929656982,0.2616000175476074,0.5,0.0036825459,0.0009511563112027943,0.72389704,0.87475854,0.0
immrep23_2903,0.0008800580399110913,0.2676080167293548,0.5,0.16700295,0.015028809197247028,0.037700355,0.30850703,0.5
immrep23_2904,0.10035757720470428,0.7059886455535889,0.5,0.17639026,0.04055071994662285,0.0367387,0.22762534,0.5
immrep23_2905,0.03803394362330437,0.0240466184914112,0.5,0.17364067,0.07029491662979126,0.00021473781,0.90268093,0.2
immrep23_2906,0.0011494073551148176,0.5379988551139832,0.5,0.10614586,0.00035430898424237967,0.10912325,0.6308451,0.5
immrep23_2907,0.0025359434075653553,0.048403013497591,0.5,0.12070675,0.02429661713540554,0.0018890998,0.5981228,0.0
immrep23_2908,0.0008642096072435379,0.1885426640510559,0.5,0.16347,0.03014731965959072,0.16992436,0.30020702,1.0
immrep23_2909,0.013727412559092045,0.6116911768913269,0.5,0.00046219217,0.00035085243871435523,0.0068603433,0.36570114,0.2
immrep23_2910,0.09147976338863373,0.819754958152771,0.5,0.0004682418,0.00015934267139527947,0.00025188323,0.67987484,0.5
immrep23_2911,0.060699958354234695,0.0297872964292764,0.5,0.002958485,0.13604412972927094,0.0020429795,0.7680586,0.5
immrep23_2912,0.0014936712104827166,0.59901362657547,0.5,3.396957e-05,0.00014607468619942665,9.411484e-05,0.76463723,0.5
immrep23_2913,7.221748819574714e-05,0.1445092260837555,0.5,0.1407416,0.028867432847619057,0.024097543,0.5295889,0.0
immrep23_2914,1.9082833091488283e-07,0.0586029291152954,0.5,0.12128638,0.02882973849773407,0.087966986,0.6711302,0.2
immrep23_2915,0.011284871026873589,0.2285518199205398,0.5,0.033890493,0.011376362293958664,0.0063835857,0.24925262,0.0
immrep23_2916,1.1251044540472321e-08,0.051756851375103,0.5,0.19877213,0.03927579149603844,0.0042376295,0.30282745,0.4
immrep23_2917,0.060260288417339325,0.331418514251709,0.5,0.00568526,0.00025515403831377625,0.00038450246,0.5602856,0.2
immrep23_2918,0.051806382834911346,0.2064151018857956,0.5,0.32428282,0.01528941746801138,0.0013238896,0.22273873,0.0
immrep23_2919,0.010562382638454437,0.0295915845781564,0.5,0.19942173,0.015414316207170486,0.08853313,0.42150205,0.5
immrep23_2920,1.4441109419394138e-09,0.2420881539583206,0.5,0.11460992,0.046208057552576065,0.121027336,0.2877154,0.4
immrep23_2921,0.020510872825980186,0.1913622468709945,0.5,0.13134304,0.027973640710115433,0.0805872,0.5928968,0.0
immrep23_2922,0.014046241529285908,0.0210126098245382,0.5,0.00028722448,0.016663657501339912,0.001908126,0.57833815,0.0
immrep23_2923,0.16434627771377563,0.5312702059745789,,,0.055075861513614655,0.4467352,,0.8
immrep23_2924,0.023673132061958313,0.0038809911347925,0.5,0.000112206166,0.1535980999469757,0.014835523,0.6251513,0.5
immrep23_2925,0.00689601618796587,0.0319686010479927,0.5,0.27583432,0.009815835393965244,0.004323528,0.48747742,0.5
immrep23_2926,0.16406181454658508,0.190205380320549,0.5,,0.00019226087897550315,0.047514003,0.6579892,0.2
immrep23_2927,0.014056745916604996,0.0145128928124904,0.5,0.023442453,0.1638711839914322,0.094064124,0.35234827,0.2
immrep23_2928,9.950801904778928e-05,0.0290722101926803,0.5,0.051318966,0.00024329061852768064,0.079131566,0.1638291,0.5
immrep23_2929,0.11669264733791351,0.6301364302635193,0.5,0.9253418,0.02255466766655445,2.2747092e-05,0.3089536,0.2
immrep23_2930,0.2067899852991104,0.5158833861351013,0.5,0.003088045,0.0003738644008990377,1.50405185e-05,0.39911196,0.4
immrep23_2931,0.0007334326510317624,0.2489028722047805,0.5,0.14833924,0.014555919915437698,0.048891254,0.6887604,0.2
immrep23_2932,9.51869078562595e-05,0.2491102963685989,0.5,0.124468386,0.015328843146562576,0.06587701,0.580932,0.0
immrep23_2933,0.05333482101559639,0.0070834243670105,0.5,0.08833282,0.002027226146310568,0.026334988,0.7485059,0.5
immrep23_2934,0.03607909008860588,0.051955908536911,0.5,0.00019525325,0.1447685956954956,0.03137754,0.53393734,0.2
immrep23_2935,0.023692967370152473,0.0018379372777417,0.5,0.27301592,0.03552597016096115,0.3914336,0.6888206,0.4
immrep23_2936,0.1143561378121376,0.0031360802240669,0.5,0.41862768,0.001770715112797916,0.08012701,0.9135576,0.0
immrep23_2937,0.25652238726615906,0.1709229350090026,0.5,0.44704705,3.3060801797546446e-05,0.00020860964,0.55832106,0.5
immrep23_2938,0.2821636199951172,0.020496005192399,0.5,0.009199181,4.7637062380090356e-05,0.00259138,0.63510776,0.5
immrep23_2939,0.003691265592351556,0.131110280752182,0.5,0.22384214,0.05327152460813522,0.001262196,0.39882097,0.5
immrep23_2940,0.440308153629303,0.0026105844881385,0.5,0.24209514,0.0750795379281044,8.672752e-05,0.16073193,0.5
immrep23_2941,0.0008914829813875258,0.6073998212814331,0.5,0.25433487,0.02770659327507019,0.0034656245,0.7135416,0.2
immrep23_2942,0.11752576380968094,0.1159302592277526,0.5,0.17651533,0.10733655095100403,0.3114171,0.3741362,0.0
immrep23_2943,0.0003495611890684813,0.0078622912988066,0.5,4.718876e-05,0.013940179720520973,0.036862586,0.6171347,0.0
immrep23_2944,0.08491279184818268,0.0029785365331918,0.5,0.0004940963,0.09313660115003586,0.0005583905,0.8908366,0.5
immrep23_2945,0.05832645669579506,0.0106893498450517,0.5,0.00022704077,0.05618872493505478,0.00012043723,0.44427752,0.5
immrep23_2946,0.01908262073993683,0.2898120880126953,0.5,0.0790116,0.03343479335308075,0.10429495,0.5852083,0.0
immrep23_2947,0.07075480371713638,0.1440457254648208,0.5,0.00033989537,0.000355109921656549,0.0010889372,0.6570506,0.5
immrep23_2948,0.17984455823898315,0.20083087682724,0.5,0.03857801,0.018345242366194725,0.0034361356,0.12629558,0.0
immrep23_2949,0.23953287303447723,0.024952333420515,0.5,0.9265132,0.0007969577563926578,0.0665458,0.84039915,0.4
immrep23_2950,0.26669660210609436,0.1414415389299392,0.5,0.30456454,0.0014275441644713283,0.010296889,0.8894194,0.0
immrep23_2951,0.00013189978199079633,0.0111518986523151,0.5,0.13405356,0.014411714859306812,0.01207044,0.64523613,0.0
immrep23_2952,0.011297833174467087,0.2472826540470123,0.5,0.19134179,0.010084801353514194,0.6539775,0.121885054,0.0
immrep23_2953,0.03395318612456322,0.3704687654972076,0.5,7.419904e-05,0.00023376286844722927,0.0027635782,0.26101694,0.5
immrep23_2954,0.03957142308354378,0.4441540539264679,0.5,0.2816228,0.03680432215332985,0.0025802671,0.20912357,0.5
immrep23_2955,0.17336174845695496,0.0213390085846185,0.5,0.19894311,0.018212376162409782,0.011558101,0.33096644,0.5
immrep23_2956,1.303949147768435e-06,0.2018582671880722,0.5,0.18208095,0.012149865739047527,0.0017310615,0.5304251,0.5
immrep23_2957,0.01820516027510166,0.2067464888095855,0.5,0.26694068,0.011575867421925068,0.45511022,0.6553401,0.0
immrep23_2958,0.017320755869150162,0.0162313003093004,0.5,0.020383108,0.0002538352564442903,0.0076449155,0.65218455,0.0
immrep23_2959,0.11713603138923645,0.4991089403629303,0.5,0.18080571,0.012416001409292221,0.088679224,0.29149613,0.5
immrep23_2960,0.020461630076169968,0.0441742204129695,0.5,0.20283964,0.18015740811824799,0.10333475,0.30043775,0.5
immrep23_2961,0.06570066511631012,0.0139905298128724,0.5,0.00011861861,0.03800145164132118,9.90878e-05,0.88329315,0.5
immrep23_2962,0.002640246180817485,0.0081271836534142,0.5,0.22279394,0.06181284412741661,0.13051784,0.58891195,0.2
immrep23_2963,0.5150176286697388,0.8623179793357849,0.5,0.0010448374,0.00023637119738850743,0.00024174625,0.72409695,0.5
immrep23_2964,0.0049120113253593445,0.0180980823934078,0.5,0.14764756,0.03911231458187103,0.047028378,0.6880575,0.2
immrep23_2965,0.01689901389181614,0.0554787963628768,0.5,0.27378562,0.05416356772184372,0.046906915,0.63268626,0.5
immrep23_2966,0.13212239742279053,0.0321584232151508,0.5,0.16625294,0.00139685720205307,0.2378179,0.87487566,0.5
immrep23_2967,0.0030723013915121555,0.0214274544268846,0.5,0.03651687,0.015695707872509956,0.059542496,0.1370168,0.5
immrep23_2968,0.20098426938056946,0.0029229063075035,0.5,0.022412948,0.0016391371609643102,0.17263569,0.877902,0.2
immrep23_2969,0.05866808816790581,0.250177651643753,0.5,0.055429496,0.05990433320403099,0.008197496,0.64070374,0.0
immrep23_2970,4.608078597811982e-06,0.1015842705965042,0.5,0.11719601,0.03492748737335205,0.0006181658,0.490215,0.5
immrep23_2971,0.17935708165168762,0.0898367613554,0.5,0.025955668,0.00020243959443178028,2.711211e-05,0.65149534,0.2
immrep23_2972,0.5937330722808838,0.4109460115432739,0.5,0.19365498,0.005797832738608122,0.014555107,0.18827824,0.2
immrep23_2973,0.12853284180164337,0.0200863275676965,0.5,0.00043921318,0.11737138777971268,0.0015629148,0.7892016,0.5
immrep23_2974,0.12377802282571793,0.8204880356788635,0.5,0.01059673,0.00019713822985067964,0.0131338,0.70537543,0.5
immrep23_2975,0.0007910588174127042,0.7735094428062439,0.5,0.18273273,0.000170371204148978,0.022535756,0.69053626,0.5
immrep23_2976,0.010560682974755764,0.0128132384270429,0.5,0.0047556786,0.0002587382623460144,0.0061102533,0.7316525,0.2
immrep23_2977,0.10130732506513596,0.0035924043040722,0.5,0.31037736,0.02041204832494259,0.02548455,0.2375537,0.5
immrep23_2978,0.000461162329884246,0.5855452418327332,0.5,0.16131562,0.03582511469721794,0.016282974,0.6284367,0.5
immrep23_2979,0.08444394916296005,0.0228191167116165,0.5,0.39182776,0.009142282418906689,0.00041428904,0.6873528,0.5
immrep23_2980,0.0009563039639033377,0.2808284163475036,0.5,0.17610732,0.009546983055770397,0.10616201,0.19735064,0.0
immrep23_2981,0.07298041135072708,0.4151132106781006,0.5,0.016801951,0.000504393654409796,0.017814007,0.42676044,0.2
immrep23_2982,0.1773458868265152,0.2123340815305709,0.5,0.0014436245,0.018316369503736496,0.27267578,0.6733682,0.2
immrep23_2983,0.04393797367811203,0.0114494217559695,0.5,1.6286798e-05,0.00936146080493927,0.011187558,0.21916744,0.0
immrep23_2984,1.710985816316679e-05,0.4952005445957184,0.5,0.0557568,0.04809645563364029,0.006551894,0.3034721,0.5
immrep23_2985,4.205868026474491e-05,0.0033528318163007,0.5,0.19118316,0.06294839084148407,0.011890857,0.36849588,0.5
immrep23_2986,0.19379554688930511,0.0309867709875106,0.5,0.029611206,0.01421326957643032,0.009792001,0.31081435,0.6
immrep23_2987,3.4885665627371054e-06,0.0014099677791818,0.5,0.18981965,0.0002648540248628706,0.04153075,0.10266346,0.5
immrep23_2988,0.02588537149131298,0.1160501763224601,0.5,0.1629063,0.012659620493650436,0.00031891826,0.57593715,0.5
immrep23_2989,0.027229009196162224,0.0380677655339241,0.5,0.0021622018,0.06253989040851593,0.00035297038,0.82273203,0.5
immrep23_2990,0.01120351068675518,0.0043086898513138,0.5,0.0876482,0.002399431075900793,0.10426803,0.8961086,0.0
immrep23_2991,3.664467658381909e-05,0.7336846590042114,0.5,0.1326253,0.013932231813669205,0.16114871,0.6773051,0.5
immrep23_2992,0.007148553151637316,0.2320897728204727,0.5,0.23017898,0.01480582170188427,0.013863199,0.62700963,0.5
immrep23_2993,0.001827375846914947,0.0090670548379421,0.5,1.834219e-05,0.01003432460129261,0.0024888134,0.46095884,0.0
immrep23_2994,0.0002328284172108397,0.0187236331403255,0.5,0.12202903,0.01506356243044138,0.37743843,0.25998095,0.6
immrep23_2995,0.019023258239030838,0.4747002124786377,0.5,3.6130034e-05,0.0001744915934978053,0.000102086444,0.60065526,0.0
immrep23_2996,0.1459084302186966,0.0033380107488483,0.5,0.0004160453,0.11086200922727585,0.0018879898,0.32348317,0.2
immrep23_2997,0.14180168509483337,0.6959036588668823,0.5,0.09175785,4.6717901568626985e-05,0.43122736,0.5570269,0.5
immrep23_2998,0.04852522164583206,4.6839690185152e-05,0.5,0.0005032186,0.14164559543132782,0.0004341888,0.770015,0.5
immrep23_2999,0.0009296027710661292,0.0208451561629772,0.5,0.11571157,0.20202302932739258,0.4345867,0.25380027,0.4
immrep23_3000,0.12897978723049164,0.6431265473365784,0.5,0.0052277492,0.013712204061448574,0.020292722,0.42011088,0.5
immrep23_3001,0.025710003450512886,0.2795041799545288,0.5,0.23253162,0.1896955817937851,0.15831025,0.3645544,0.5
immrep23_3002,0.31155237555503845,0.06934355199337,0.5,0.0105994735,0.05676218494772911,0.07449847,0.3780722,0.0
immrep23_3003,0.03340760990977287,3.949098754674196e-05,0.5,0.02579015,0.13010534644126892,0.0008537475,0.7957871,0.2
immrep23_3004,0.04004567116498947,0.2737452089786529,0.5,0.04438341,0.05171287804841995,8.002655e-06,0.58615893,0.5
immrep23_3005,0.04029408469796181,0.0192534774541854,0.5,0.0004987648,0.052603136748075485,0.006826644,0.8689445,0.4
immrep23_3006,0.05523981153964996,0.7533414959907532,,,0.06191627308726311,0.36513668,,0.2
immrep23_3007,0.015396184287965298,0.3313344419002533,,,0.06646806001663208,0.7896375,0.8933197,0.0
immrep23_3008,0.3191071152687073,0.0087926965206861,0.5,0.013272447,0.0007354326662607491,0.07573348,0.87041533,0.5
immrep23_3009,7.149171869968995e-05,0.2200561016798019,0.5,0.25009388,0.008059951476752758,0.010060856,0.6958642,0.5
immrep23_3010,0.00209175911732018,0.0629333704710006,0.5,0.37036553,0.019610481336712837,0.044687282,0.56107557,0.5
immrep23_3011,0.3147220015525818,0.101529948413372,0.5,0.9957503,5.789096758235246e-05,0.009251102,0.56248593,0.0
immrep23_3012,0.06737682968378067,0.0139737799763679,0.5,0.0016538992,0.06280457228422165,0.058745023,0.8891233,0.5
immrep23_3013,0.0011244650231674314,0.0002775476314127,0.5,0.00012337786,0.057583924382925034,0.0007886273,0.5071375,0.2
immrep23_3014,0.003351393388584256,0.6398266553878784,0.5,0.1592449,0.0003377457323949784,0.0013426412,0.61600685,0.5
immrep23_3015,0.0029886302072554827,0.3969486653804779,0.5,7.293523e-05,0.00010701494466047734,0.00036924746,0.6814737,0.0
immrep23_3016,0.008248102851212025,0.0429066978394985,0.5,0.025427531,0.054147813469171524,0.24896093,0.43952793,0.2
immrep23_3017,0.07260478287935257,0.0085846902802586,0.5,0.19642222,0.025321342051029205,0.005213756,0.4952191,0.2
immrep23_3018,0.0027903136797249317,0.2236593812704086,0.5,0.083781414,0.023845460265874863,0.017177787,0.68672776,0.0
immrep23_3019,7.993030158104375e-05,0.0802598446607589,0.5,0.0013802915,0.013681264594197273,0.0020232478,0.4950963,0.0
immrep23_3020,0.016514169052243233,0.4287124574184418,0.5,0.13014743,0.01046183705329895,0.036808643,0.5272372,0.2
immrep23_3021,0.0006189389969222248,0.4843029677867889,0.5,0.13063559,0.009801390580832958,0.021285506,0.2665116,0.4
immrep23_3022,0.007966410368680954,0.0078821340575814,0.5,0.09419737,0.07403293997049332,0.0003025765,0.8128512,0.5
immrep23_3023,0.12680383026599884,0.0041415248997509,0.5,0.0052076476,0.02271140366792679,0.007913593,0.6694828,0.5
immrep23_3024,0.12366756051778793,0.0552204139530658,0.5,0.16674092,0.004095031879842281,0.06588924,0.7262386,0.5
immrep23_3025,0.004139857832342386,0.7844750285148621,0.5,0.007963358,0.00017560756532475352,0.0015798851,0.7204468,0.5
immrep23_3026,0.029953015968203545,0.2199059426784515,0.5,0.10750705,0.021694118157029152,0.22655302,0.5715964,0.2
immrep23_3027,0.17853426933288574,0.002626575063914,0.5,0.8613292,0.0035506763961166143,0.08391862,0.86326134,0.5
immrep23_3028,0.05824553221464157,0.2473179101943969,0.5,0.053684074,0.010612818412482738,0.0056242645,0.37260464,0.2
immrep23_3029,0.056774575263261795,0.1643762588500976,0.5,0.02061125,0.025607429444789886,0.0014382045,0.620824,0.0
immrep23_3030,0.011475896462798119,0.0479027777910232,0.5,0.035467155,0.05376005545258522,0.04834386,0.623682,0.0
immrep23_3031,0.0976576879620552,0.3411540985107422,0.5,0.0048802965,0.007004020735621452,0.0127914455,0.15598628,0.2
immrep23_3032,1.8805422996592824e-06,0.8519124984741211,0.5,0.0009789089,0.015575369819998741,0.14803027,0.46684456,0.0
immrep23_3033,0.013333093374967575,0.0407418459653854,0.5,0.1525781,0.018176941201090813,0.018609349,0.68537474,0.5
immrep23_3034,1.795027856132947e-05,0.3859699964523315,0.5,0.18903902,0.018060415983200073,0.2426155,0.25969854,0.5
immrep23_3035,0.04555951803922653,0.0284614488482475,0.5,0.000637763,0.008754611015319824,0.01905098,0.20112348,0.0
immrep23_3036,0.0001667440083110705,0.4938562214374542,0.5,0.3213185,0.014745652675628662,0.0075583034,0.570499,0.0
immrep23_3037,0.7723782062530518,0.0008448983426205,0.5,0.0050401175,0.048720091581344604,0.10360429,0.79601276,0.5
immrep23_3038,0.06433464586734772,0.1671584844589233,0.5,0.16009782,0.04869309067726135,0.046106976,0.47149205,0.5
immrep23_3039,0.335126668214798,0.0104775466024875,0.5,0.2533788,0.034680821001529694,0.49110848,0.17006466,0.2
immrep23_3040,0.15654507279396057,0.0107182320207357,0.5,0.28107113,0.03258930891752243,0.00050765567,0.39875317,0.5
immrep23_3041,0.23399214446544647,0.0061305770650506,0.5,0.1165483,0.007388388738036156,0.064307444,0.5152631,0.5
immrep23_3042,0.07187989354133606,0.0002044189895968,0.5,1.6808477e-05,0.0009211351280100644,0.010331941,0.8973638,0.0
immrep23_3043,0.027710847556591034,0.2348607033491134,0.5,2.0872902e-05,0.013807520270347595,0.0009179903,0.3683881,0.2
immrep23_3044,0.02339663915336132,0.0652228221297264,0.5,0.2035774,0.024552254006266594,0.03173452,0.43316776,0.2
immrep23_3045,5.527503162738867e-05,0.2912279665470123,0.5,0.027258446,0.0006659243954345584,0.0142810745,0.35663378,0.2
immrep23_3046,0.48249512910842896,0.3706046342849731,0.5,0.20341298,0.010956351645290852,0.10902149,0.32811967,0.2
immrep23_3047,0.0006948115187697113,0.4275923669338226,0.5,0.17561224,0.009748064912855625,0.02684101,0.56241894,0.5
immrep23_3048,0.10211885720491409,0.3735281825065613,0.5,0.26602057,0.01164327748119831,0.08270613,0.69824886,0.5
immrep23_3049,0.1636655181646347,0.0386557914316654,0.5,0.2069227,0.026754187420010567,0.0050683375,0.5635989,0.2
immrep23_3050,0.0012173778377473354,0.0127198211848735,0.5,0.27019206,0.01616925746202469,0.015271019,0.3400041,0.6
immrep23_3051,0.4152008295059204,0.1362763792276382,0.5,0.0008404646,0.019786370918154716,0.016399179,0.555416,0.5
immrep23_3052,0.001841966644860804,0.4184055626392364,0.5,0.00024619262,0.00018392482888884842,0.004841307,0.600548,0.6
immrep23_3053,3.2440926389654123e-08,0.0039567789062857,0.5,0.069259204,0.03916159272193909,0.0015407433,0.32604662,0.5
immrep23_3054,0.05021073669195175,0.6269787549972534,0.5,0.9999527,0.07597328722476959,0.96194834,0.8746067,0.4
immrep23_3055,0.0032556524965912104,0.5202670693397522,0.5,0.000210894,0.0003668984572868794,0.00015099082,0.71926206,0.2
immrep23_3056,0.13937896490097046,0.7141910195350647,0.5,7.350633e-05,0.00016118775238282979,0.0014777861,0.5891567,0.5
immrep23_3057,0.04542475566267967,0.7997046113014221,0.5,7.59308e-05,0.00010467824904480949,0.0007319196,0.7280211,0.2
immrep23_3058,0.0756782814860344,0.0625915899872779,0.5,0.06380306,0.010090596042573452,0.48365995,0.090296365,0.0
immrep23_3059,0.24124489724636078,3.378748442628421e-05,0.5,0.000120116034,0.0001141726752393879,0.001378574,0.6633618,0.0
immrep23_3060,0.10109278559684753,0.0100647993385791,0.5,0.32427436,0.019739823415875435,0.1894882,0.46966094,0.5
immrep23_3061,0.37396520376205444,0.063738964498043,0.5,0.153282,0.019129233434796333,0.0076245363,0.19810592,0.2
immrep23_3062,0.08194480836391449,0.0340618416666984,0.5,0.22838354,0.18471170961856842,0.19796887,0.8277985,0.5
immrep23_3063,0.0031692974735051394,0.2800532579421997,0.5,0.20246199,0.022633928805589676,0.0073728017,0.43772587,0.4
immrep23_3064,0.00250561092980206,0.0124502219259738,0.5,0.16301867,0.020319415256381035,0.06989849,0.16292039,0.2
immrep23_3065,0.0768810361623764,0.337490975856781,0.5,0.22276375,0.006378425285220146,0.11376459,0.20034598,0.5
immrep23_3066,0.005944861099123955,0.5057807564735413,0.5,2.0754796e-05,0.00012611869897227734,0.0010945658,0.694772,0.2
immrep23_3067,0.08384929597377777,0.0214606467634439,,,0.06451839208602905,0.0024867724,0.859251,0.8
immrep23_3068,0.001216710195876658,0.0567359551787376,0.5,0.015092418,0.00017363963706884533,0.43430725,0.69870687,0.5
immrep23_3069,0.013455426320433617,0.5919215679168701,0.5,0.1514148,0.0004648527246899903,0.028631166,0.032844,0.5
immrep23_3070,7.611982437083498e-05,0.3640610575675964,0.5,0.25102207,0.017918134108185768,0.005954726,0.61211157,0.5
immrep23_3071,0.008855395019054413,0.702416181564331,0.5,0.00043804766,0.0001347765646642074,0.000738727,0.74903876,0.4
immrep23_3072,0.007766508962959051,0.6993050575256348,0.5,0.0013747246,0.0003299211384728551,8.378333e-05,0.673544,0.5
immrep23_3073,0.008124174550175667,0.0148063721135258,0.5,0.11196463,0.00014123912842478603,0.006650717,0.5813038,0.0
immrep23_3074,0.011344635859131813,0.0015989595558494,0.5,0.00043660644,0.08197902888059616,0.0003895563,0.8323153,0.0
immrep23_3075,0.023176198825240135,0.0281017981469631,0.5,0.00071676716,0.009803743101656437,0.00034631995,0.4446518,0.0
immrep23_3076,0.254718154668808,0.4552374184131622,0.5,0.31625837,0.022612305358052254,0.012779836,0.19082962,0.4
immrep23_3077,0.08384105563163757,0.5900464653968811,0.5,8.0284466e-05,0.0002900717663578689,0.00064935716,0.7011314,0.5
immrep23_3078,0.010618076659739017,0.7843519449234009,0.5,0.29609334,0.0002902020642068237,0.004025985,0.676804,0.5
immrep23_3079,0.05030873417854309,0.0074009886011481,0.5,0.012197702,2.8591903173946775e-05,0.022984544,0.5140942,0.6
immrep23_3080,0.09255830943584442,0.0845497101545333,0.5,0.44431075,0.07485424727201462,0.05209866,0.871987,0.2
immrep23_3081,0.0011818862985819578,0.6032811999320984,0.5,0.34299082,0.020447179675102234,0.08168753,0.67159235,0.5
immrep23_3082,9.526993380859494e-06,0.0716157481074333,0.5,0.06746973,0.043915167450904846,0.39538977,0.5339913,0.2
immrep23_3083,0.009504404850304127,0.5302092432975769,0.5,0.14835429,0.00941920280456543,0.0014388902,0.36789885,0.2
immrep23_3084,0.22056178748607635,0.8353341817855835,,,0.057175107300281525,0.94655544,,0.0
immrep23_3085,0.6981317400932312,0.5212852954864502,0.5,0.001961138,0.00036219620960764587,0.1670384,0.7176893,0.5
immrep23_3086,0.3052747845649719,0.0087963622063398,0.5,0.2124112,0.000786545395385474,0.03602497,0.8119762,0.2
immrep23_3087,0.04242642968893051,0.0001164455825346,0.5,5.881039e-05,0.08758191764354706,0.0042092814,0.9044256,0.5
immrep23_3088,0.13192982971668243,0.060772106051445,0.5,0.9986378,0.00029003169038333,0.005215141,0.6760774,0.4
immrep23_3089,0.03738446906208992,0.561209499835968,0.5,0.3071055,0.00019181774405296892,1.2765421e-05,0.65016,0.5
immrep23_3090,0.006358588580042124,0.0931380093097686,0.5,0.15073912,0.06141568347811699,0.001584019,0.8239125,0.5
immrep23_3091,0.001403279835358262,0.0089677823707461,0.5,0.13161089,0.022697528824210167,0.03769722,0.7079873,0.0
immrep23_3092,0.1294347643852234,0.0003645264368969,0.5,0.52960676,0.0002674662391655147,0.4764116,0.6663824,0.5
immrep23_3093,0.022055577486753464,0.7876801490783691,0.5,0.02846531,2.2581960365641862e-05,0.35761437,0.7446883,0.5
immrep23_3094,0.05125611275434494,0.2647631168365478,0.5,0.12230432,0.009132175706326962,0.04231833,0.12313134,0.5
immrep23_3095,0.004835108295083046,0.4282672703266144,0.5,5.640617e-05,0.00014770968118682504,0.0031209742,0.27366883,0.2
immrep23_3096,0.13056854903697968,0.1638632267713546,0.5,0.15418425,0.021794037893414497,0.033382576,0.32787624,0.5
immrep23_3097,0.0018276985501870513,0.148236483335495,0.5,0.38209808,0.03681587055325508,0.22041544,0.5633479,0.6
immrep23_3098,0.05523981153964996,0.61012202501297,,,0.06191627308726311,0.07502784,,0.2
immrep23_3099,0.024634098634123802,0.0049496036954224,0.5,0.01663366,0.00011098329559899867,0.101843104,0.7367728,0.6
immrep23_3100,0.004609755706042051,0.1680798083543777,0.5,9.699296e-05,0.00041670099017210305,0.0008530823,0.73830503,0.5
immrep23_3101,0.0006228226702660322,0.8791818618774414,0.5,6.782766e-05,5.4148316849023104e-05,0.00030656968,0.60664374,0.4
immrep23_3102,0.34575361013412476,0.0020740337204188,0.5,0.0015344189,0.011993951164186,0.038865544,0.7184381,0.5
immrep23_3103,0.043475039303302765,0.2686241269111633,0.5,0.27779147,0.004248520825058222,0.096963175,0.73932433,0.5
immrep23_3104,0.06076692044734955,0.1977370232343673,0.5,0.0152991135,0.015705756843090057,0.0067859874,0.27095,0.2
immrep23_3105,1.5068078482727287e-06,0.1454743891954422,0.5,0.21510772,0.00833215657621622,0.0058203237,0.403377,0.4
immrep23_3106,0.49880072474479675,0.0017333413707092,0.5,0.0001291845,0.0010859991889446974,0.13451058,0.8998918,0.4
immrep23_3107,0.0194568932056427,0.2922938764095306,,,0.05178089067339897,0.4703675,0.5142848,0.5
immrep23_3108,0.022365208715200424,0.5800566077232361,0.5,0.00016731772,0.00022823081235401332,0.19535868,0.7603026,0.2
immrep23_3109,0.22445130348205566,0.0245367623865604,0.5,0.79353637,0.001926576136611402,0.016164372,0.84643245,0.0
immrep23_3110,0.19653066992759705,0.2633213102817535,0.5,0.28675896,0.026299558579921722,0.0063407933,0.18194221,0.2
immrep23_3111,0.0028017833828926086,0.0072276093997061,,0.00048582777,0.08395259827375412,0.0030633123,0.8773173,0.5
immrep23_3112,0.02365874871611595,0.006008053664118,0.5,0.00037099025,0.06178657338023186,0.0031802605,0.86533594,0.5
immrep23_3113,0.0719660222530365,0.0022202662657946,0.5,0.0006955017,0.09205426275730133,0.007634284,0.8772577,0.2
immrep23_3114,0.00024961898452602327,0.6331791877746582,0.5,0.1957005,0.00039342817035503685,0.00726152,0.52268964,0.5
immrep23_3115,0.01276317611336708,0.2116569131612777,0.5,0.19721399,0.00952252559363842,0.28932542,0.10005824,0.2
immrep23_3116,0.006217396352440119,0.0030715216416865,0.5,7.286468e-05,0.07107111811637878,0.00047804767,0.58126295,0.5
immrep23_3117,0.00022864004131406546,0.0278804246336221,0.5,0.089049935,0.042249955236911774,0.16755788,0.26562178,0.5
immrep23_3118,0.022179285064339638,0.0318835005164146,0.5,0.27556092,0.011628324165940285,0.24402007,0.08835132,0.5
immrep23_3119,0.2649613320827484,0.2755553126335144,0.5,0.01964097,0.12976199388504028,0.0003751826,0.75888276,0.5
immrep23_3120,0.030978498980402946,0.4341471195220947,0.5,0.28745422,0.010105505585670471,0.45270976,0.15719187,0.2
immrep23_3121,0.024297572672367096,0.9731476902961732,0.5,0.54013413,0.01830899715423584,0.0022496113,0.400955,0.2
immrep23_3122,0.13209225237369537,0.0267283972352743,0.5,0.0060263015,0.003350459970533848,0.0038092448,0.41790465,0.2
immrep23_3123,0.0194568932056427,0.175282210111618,,,0.05178089067339897,0.0016957514,0.5142848,0.5
immrep23_3124,0.008949129842221737,0.0772701129317283,0.5,0.10710708,0.01763952150940895,0.30304676,0.258134,0.0
immrep23_3125,0.01955171301960945,0.0892492905259132,0.5,0.06755433,0.018237058073282242,0.01061394,0.22512889,0.2
immrep23_3126,7.662049029022455e-06,0.0090016033500432,0.5,0.176974,0.017873121425509453,0.018666985,0.44772774,0.6
immrep23_3127,0.0849165990948677,0.3182882964611053,0.5,0.21086225,0.01768471673130989,0.03767263,0.24892686,0.5
immrep23_3128,0.2869008481502533,0.030042203143239,0.5,0.19163457,0.0007733373786322773,0.075033456,0.90647525,0.5
immrep23_3129,0.002094061579555273,0.0024461103603243,0.5,0.2498178,0.06870091706514359,0.19655994,0.57635987,0.5
immrep23_3130,0.00021586027287412435,0.233831524848938,0.5,0.19551976,0.015495573170483112,0.0048589665,0.6719328,0.5
immrep23_3131,0.08384929597377777,0.1114036068320274,,,0.06451839208602905,0.030255783,0.859251,0.4
immrep23_3132,0.12164617329835892,0.016806436702609,0.5,0.00013981372,0.011497093364596367,0.0004345087,0.7247249,0.5
immrep23_3133,0.13662992417812347,0.0044676545076072,0.5,0.006049304,0.09244807064533234,0.018669387,0.3761977,0.5
immrep23_3134,0.21499809622764587,0.004484623670578,0.5,0.08657463,0.001388165052048862,0.0126694115,0.8009714,0.5
immrep23_3135,0.017304951325058937,0.6408144235610962,0.5,,0.0001226493186550215,0.0064770384,0.6562749,0.0
immrep23_3136,0.03492165729403496,0.0005022165132686,0.5,0.00048102098,0.017920710146427155,0.0012765068,0.6980416,0.2
immrep23_3137,0.08217421174049377,0.0279144663363695,0.5,0.7121864,0.0016859134193509817,0.014591221,0.73086435,0.5
immrep23_3138,0.005971744190901518,0.6362631320953369,0.5,0.13305715,0.00037824054015800357,0.019137956,0.57562685,0.5
immrep23_3139,0.026511751115322113,0.5781893134117126,0.5,0.0005141333,0.00016902785864658654,0.07086419,0.5016707,0.5
immrep23_3140,0.3030991852283478,0.2890190482139587,0.5,0.24604407,0.0074394806288182735,0.3361438,0.95296395,0.5
immrep23_3141,0.016926970332860947,0.7591162323951721,0.5,0.00015785379,0.00023065404093358666,0.0007739176,0.74973834,0.5
immrep23_3142,0.030083581805229187,0.3761514723300934,0.5,0.09677404,0.18889519572257996,0.116856,0.16636774,0.5
immrep23_3143,0.05638841167092323,0.0021898399572819,0.5,0.0042124847,0.07337570935487747,0.011843127,0.6751411,0.0
immrep23_3144,0.26909351348876953,0.0485652424395084,0.5,0.048417293,0.012203969992697239,0.00331125,0.38336217,0.0
immrep23_3145,0.006578668020665646,0.6889658570289612,0.5,0.21900038,0.0006974592688493431,0.0031871023,0.41978842,0.5
immrep23_3146,0.0685635507106781,0.0541941486299037,0.5,0.00029477273,0.09714556485414505,0.26216543,0.6127595,0.5
immrep23_3147,0.00010223579010926187,0.1425097286701202,0.5,0.25684816,0.009170831181108952,0.0012673325,0.56703806,0.0
immrep23_3148,0.10961219668388367,0.4817165434360504,0.5,0.09404608,0.02132045477628708,0.100609705,0.26282609,0.5
immrep23_3149,0.1302640736103058,0.0440364629030227,0.5,0.00024685086,0.04757951200008392,0.0018074965,0.6256696,0.5
immrep23_3150,0.06373599171638489,0.2963603138923645,0.5,,0.00018555701535660774,0.00037042738,0.68349886,0.0
immrep23_3151,0.04514596238732338,0.0108745284378528,0.5,0.19445643,0.0006297027575783432,0.6992981,0.11846667,0.5
immrep23_3152,0.04488028958439827,0.0190256405621767,0.5,0.0878277,0.0005346880061551929,0.269131,0.16275908,0.5
immrep23_3153,0.03229938820004463,0.2105918973684311,0.5,3.1782423e-05,9.811484051169828e-05,0.0018036866,0.57192934,0.5
immrep23_3154,0.001715283957310021,0.0154112763702869,0.5,0.00071137206,0.019876068457961082,0.0037667823,0.7018037,0.0
immrep23_3155,0.43116578459739685,0.1533075273036956,0.5,0.066020295,0.0012841497082263231,0.6695643,0.88163054,0.5
immrep23_3156,0.0028613079339265823,0.0098920557647943,0.5,0.019760588,0.019504999741911888,0.002321152,0.72536427,0.6
immrep23_3157,0.09831748157739639,0.0043213507160544,0.5,8.84677e-05,0.07822327315807343,0.00045965062,0.6227072,0.5
immrep23_3158,0.00045587943168357015,0.4669229090213775,0.5,0.0470585,0.0217124130576849,0.0033515077,0.53147143,0.0
immrep23_3159,0.002866994822397828,0.5991069674491882,0.5,0.009145457,0.00018092386017087847,4.3114378e-05,0.3667775,0.2
immrep23_3160,0.01128142885863781,0.0116970110684633,0.5,0.000694533,0.07077043503522873,0.0021442324,0.88924766,0.2
immrep23_3161,0.04933515191078186,0.041259940713644,0.5,0.17223682,0.013577666133642197,0.032093618,0.27435708,0.5
immrep23_3162,0.0013669416075572371,0.0057131885550916,0.5,0.13414882,0.007250754162669182,0.40078598,0.55419564,0.5
immrep23_3163,0.23042994737625122,0.3095736801624298,0.5,0.23367555,0.02131515182554722,0.19710377,0.6925942,0.5
immrep23_3164,0.4896221458911896,0.0532697066664695,0.5,0.14764202,0.002173179527744651,0.022496143,0.90200806,0.5
immrep23_3165,3.7586655565746696e-08,0.3196382224559784,0.5,0.03708706,3.013095738424454e-05,7.560396e-05,0.7342217,0.5
immrep23_3166,9.496142761022952e-10,0.1561927646398544,0.5,0.21536934,0.01725362427532673,0.044435967,0.29063663,0.5
immrep23_3167,0.013766946271061897,0.4632991850376129,0.5,0.11749388,0.012669691815972328,0.0058239503,0.7835869,0.5
immrep23_3168,0.026156239211559296,0.0022652186453342,0.5,0.25219235,0.003536900971084833,0.026500534,0.40485394,0.5
immrep23_3169,0.00027627244708128273,0.3869234025478363,0.5,0.028837916,0.00043407772318460047,0.00089528674,0.59977615,0.5
immrep23_3170,0.0035388527903705835,0.0286731198430061,0.5,0.00043992457,0.015323036350309849,0.0035435895,0.6009626,0.0
immrep23_3171,0.00044332852121442556,0.0364891663193702,0.5,0.20966728,0.02327243983745575,0.13702324,0.48406827,0.5
immrep23_3172,0.020759785547852516,0.0492797307670116,0.5,0.028538471,0.08107205480337143,0.08733797,0.89618003,0.2
immrep23_3173,0.19476516544818878,0.6337915062904358,0.5,0.16604102,0.0060874419286847115,0.1885144,0.5356793,0.4
immrep23_3174,0.04382982477545738,1.7361882783006877e-05,0.5,0.00010826163,0.10364003479480743,0.0017267014,0.34469396,0.5
immrep23_3175,8.966189489001408e-05,0.0018077364657074,0.5,0.06938409,0.00022753985831514,0.042509343,0.3682108,0.4
immrep23_3176,0.020239470526576042,0.2966462969779968,0.5,8.017826e-05,0.0002978988050017506,0.000406822,0.41400653,0.5
immrep23_3177,0.06918029487133026,0.0056844460777938,0.5,0.0010239064,0.06479326635599136,0.0014219648,0.5660293,0.5
immrep23_3178,0.004649410955607891,0.559812068939209,0.5,0.41319036,0.00017890971503220499,0.00017960656,0.63239217,0.4
immrep23_3179,0.0005010847235098481,0.0471170507371425,0.5,0.79854023,3.83029728254769e-05,0.30311725,0.47560173,0.0
immrep23_3180,0.0184374637901783,0.1025045961141586,0.5,0.27022234,0.012406088411808014,0.17106645,0.41855723,0.2
immrep23_3181,0.00569763220846653,0.119374468922615,0.5,0.17719842,3.573747380869463e-05,0.0063767876,0.5095481,0.5
immrep23_3182,0.0029940030071884394,0.5087721347808838,0.5,4.3832486e-05,0.00016543841047678143,0.0014503862,0.59014505,0.5
immrep23_3183,0.05327480286359787,0.9117841124534608,0.5,0.1223588,0.03047264739871025,0.0015711406,0.43012342,0.5
immrep23_3184,0.012019558809697628,0.0773669630289077,0.5,0.019879803,0.04739333316683769,0.23742342,0.60635805,0.5
immrep23_3185,0.06614794582128525,0.0003024426696356,0.5,0.0013896682,0.15256273746490479,0.0009990551,0.29181156,0.5
immrep23_3186,0.0071607171557843685,0.5140095353126526,0.5,0.25750908,0.013021416030824184,0.0031958232,0.45471603,0.5
immrep23_3187,0.09145582467317581,0.0205385833978652,0.5,0.14900151,0.01141162309795618,0.115643166,0.1856977,0.5
immrep23_3188,0.042882952839136124,0.0082242265343666,0.5,0.002231875,0.06834860146045685,0.0068830634,0.7601832,0.0
immrep23_3189,0.18504783511161804,0.0144031085073947,0.5,0.034854136,0.00405247462913394,0.032767095,0.1947652,0.0
immrep23_3190,0.007751042954623699,0.1510427147150039,0.5,0.0015533699,0.00011679086310323328,4.9064016e-05,0.747067,0.5
immrep23_3191,0.010953624732792377,0.1475485265254974,0.5,0.03637458,0.03159559145569801,0.011547477,0.58211535,0.4
immrep23_3192,0.05145765468478203,0.0871679410338401,0.5,0.27537528,0.026905251666903496,0.3354151,0.12545353,0.0
immrep23_3193,0.00028841086896136403,0.0629053935408592,0.5,0.13443014,0.02864416502416134,0.011379998,0.35370785,0.2
immrep23_3194,0.001839278033003211,0.5557383298873901,0.5,0.061243605,0.0002999315911438316,0.005965693,0.5972611,0.5
immrep23_3195,0.5361403822898865,0.296405166387558,0.5,0.22110367,0.06711134314537048,0.21740085,0.54829556,0.2
immrep23_3196,0.1021844744682312,0.3093063235282898,0.5,0.21303602,0.019594669342041016,0.22203748,0.32798585,0.5
immrep23_3197,0.05676136538386345,0.0648491457104682,0.5,0.037398808,0.0011312217684462667,0.079203315,0.8840976,0.5
immrep23_3198,0.0005190089577808976,0.0027690436691045,0.5,6.547924e-05,0.11518565565347672,0.00016973996,0.6771369,0.2
immrep23_3199,0.13977229595184326,0.0166937094181776,0.5,0.017271642,3.434855170780793e-05,0.10275799,0.3268665,0.5
immrep23_3200,0.012229766696691513,0.6440649032592773,0.5,0.06469928,0.01275279838591814,0.005624171,0.29407927,0.5
immrep23_3201,0.5954722762107849,0.2107332050800323,0.5,0.0003850335,0.00013149766891729087,0.00054256,0.48144683,0.0
immrep23_3202,0.03799699991941452,0.6346129775047302,0.5,0.22063622,0.0013151628663763404,0.0042638346,0.42314816,0.5
immrep23_3203,0.021288642659783363,0.148364320397377,0.5,8.921845e-05,0.00021843462309334427,0.00045461292,0.75227803,0.4
immrep23_3204,0.08677636831998825,0.3600913882255554,0.5,0.36605656,0.03300246223807335,0.27756262,0.63780844,0.2
immrep23_3205,0.02365832030773163,0.0039768475107848,0.5,0.06464351,0.0004267538315616548,0.077117175,0.055783637,0.5
immrep23_3206,0.10833790153265,0.1674514412879943,0.5,0.3302478,0.014063858427107334,0.0072546005,0.68586874,0.0
immrep23_3207,0.031222501769661903,0.0040246602147817,0.5,0.00037379802,0.06201917305588722,0.0016510754,0.7390601,0.5
immrep23_3208,0.008059521205723286,0.0005909154424443,0.5,0.00025368674,0.10838399082422256,0.0004975935,0.7753252,0.5
immrep23_3209,0.00014970716438256204,0.2277903854846954,0.5,0.040900223,0.00027039487031288445,0.026609441,0.5106005,0.2
immrep23_3210,2.694289833016228e-05,0.1042668670415878,0.5,0.19316462,0.0004694564559031278,0.010067722,0.084788464,0.5
immrep23_3211,1.5120551324798726e-05,0.7945313453674316,0.5,0.12168614,0.009398998692631721,0.0001659253,0.53325915,0.5
immrep23_3212,0.0036832147743552923,0.0591113083064556,0.5,0.0015027854,0.01864396221935749,0.022591447,0.5852207,0.2
immrep23_3213,0.16069914400577545,0.0053414516150951,0.5,0.0002665103,0.047430578619241714,0.0050270353,0.6262548,0.0
immrep23_3214,0.003149863565340638,0.5890159010887146,0.5,0.000100996476,0.0001813665294321254,4.0475286e-05,0.67684716,0.2
immrep23_3215,0.0021087103523314,0.0286032892763614,0.5,0.147777,0.013956202194094658,0.0040452755,0.25245187,0.5
immrep23_3216,0.07881011813879013,0.0574699118733406,0.5,0.1610903,0.009627222083508968,0.010803834,0.699945,0.5
immrep23_3217,0.10997051745653152,0.0359813198447227,0.5,0.086464204,0.0003397810214664787,0.17007425,0.06763618,0.5
immrep23_3218,7.675759547964844e-07,0.0361683331429958,0.5,0.39598006,0.01827261596918106,0.009903874,0.59337544,0.5
immrep23_3219,0.02310209348797798,0.0010889869881793,0.5,0.0001818127,0.09321197867393494,0.00030022426,0.4098561,0.2
immrep23_3220,0.013605800457298756,0.0203833691775798,0.5,0.0072256564,0.012662648223340511,0.01524424,0.7929758,0.0
immrep23_3221,6.681765398752759e-07,0.0360787622630596,0.5,0.00043397504,0.01572830229997635,0.029757217,0.5968896,0.5
immrep23_3222,0.009465068578720093,0.1081806048750877,0.5,0.058877427,0.030848868191242218,0.024629176,0.6835804,0.0
immrep23_3223,0.0008292181300930679,0.0066257477737963,0.5,0.2173405,0.04959695786237717,0.04787628,0.6361967,0.5
immrep23_3224,0.40177351236343384,9.05530177988112e-05,,0.9989338,0.0009953741682693362,0.6689144,0.90614194,0.5
immrep23_3225,0.02274753525853157,0.5585129857063293,0.5,2.3091347e-05,0.00016010523540899158,8.9479276e-05,0.6808061,0.0
immrep23_3226,0.005752976052463055,0.6199074983596802,0.5,3.1928786e-05,0.000183584910701029,0.00011355585,0.5713922,0.4
immrep23_3227,0.022571472451090813,9.209868585458024e-05,0.5,0.00021731893,0.07423464208841324,8.326951e-05,0.6486815,0.5
immrep23_3228,0.008592058904469013,0.4846406280994415,0.5,0.23360279,0.0003631278232205659,0.01743122,0.5079373,1.0
immrep23_3229,0.0029233121313154697,0.2009896785020828,0.5,0.27979916,0.011587903834879398,0.01567666,0.57806635,0.2
immrep23_3230,0.002743399702012539,0.3158271908760071,0.5,0.029986372,0.0006334480713121593,0.066074766,0.46062362,0.5
immrep23_3231,0.001145566231571138,0.2591293752193451,0.5,0.22759357,0.0014388757990673184,0.0017901601,0.46157783,0.5
immrep23_3232,0.22056178748607635,0.145174503326416,,,0.057175107300281525,0.74989486,,0.2
immrep23_3233,0.17887456715106964,0.0130646964535117,0.5,0.0010168293,0.09606542438268661,0.5132698,0.7488573,0.5
immrep23_3234,0.0006346717127598822,0.2363390326499939,0.5,0.044510644,0.02681887522339821,0.053744107,0.2939358,0.0
immrep23_3235,0.34977513551712036,0.0854719802737236,0.5,0.11295708,0.006410660687834024,0.0036166338,0.33654234,0.0
immrep23_3236,0.23213112354278564,0.208698958158493,0.5,0.29856592,0.008253534324467182,0.00054919097,0.6940384,0.5
immrep23_3237,0.009770571254193783,0.156752273440361,0.5,0.10205301,0.013855286873877048,0.00987806,0.092400424,0.0
immrep23_3238,0.01060875877737999,0.2063414007425308,0.5,0.119210646,0.014986545778810978,0.06176752,0.59664553,0.5
immrep23_3239,0.021134434267878532,0.0152926053851842,0.5,0.0013233032,0.05063121020793915,0.00032473603,0.37257865,0.2
immrep23_3240,0.21081694960594177,0.0029059846419841,0.5,0.09908824,0.0010205688886344433,0.03791841,0.9141728,0.5
immrep23_3241,0.0844786986708641,0.3059509098529815,0.5,2.6902218e-05,0.0002061616542050615,0.00047252234,0.73241884,0.0
immrep23_3242,0.042995501309633255,0.2846499979496002,0.5,0.14929488,0.017265506088733673,0.008213631,0.63936234,0.5
immrep23_3243,0.028325071558356285,0.4949857592582702,0.5,0.13060175,0.00025879379245452583,0.005438689,0.6537481,0.5
immrep23_3244,0.0021718493662774563,0.1401695311069488,0.5,0.2172899,0.006974685471504927,3.2896573e-05,0.3050727,0.5
immrep23_3245,0.08568025380373001,6.026667688274756e-05,0.5,0.00047435457,0.0009329919121228158,3.497659e-05,0.939798,0.0
immrep23_3246,3.919678306374408e-07,0.1221930831670761,0.5,0.041955367,0.031140178442001343,0.0049189194,0.36852047,0.0
immrep23_3247,0.04498837888240814,0.0318823233246803,0.5,0.1539149,0.015550180338323116,0.0015704541,0.62994516,0.5
immrep23_3248,0.003923866897821426,0.4333882629871368,0.5,0.0497578,0.0004195398942101747,0.00047126264,0.11608264,0.5
immrep23_3249,0.012059714645147324,0.0294170230627059,0.5,0.16061874,0.00973216537386179,0.0068661673,0.3494761,0.5
immrep23_3250,0.040461909025907516,0.0077497414313256,0.5,0.001455798,0.06335396319627762,0.00036063182,0.6673326,0.5
immrep23_3251,0.20995290577411652,0.0872871354222297,0.5,0.27569512,0.01318446360528469,0.16909766,0.29920778,0.0
immrep23_3252,0.013914340175688267,0.072212278842926,0.5,0.10848353,0.00018516270210966468,0.122734666,0.5575942,0.0
immrep23_3253,0.012506336905062199,0.1382041424512863,0.5,0.0057995724,0.08018139749765396,0.7888137,0.8538562,0.5
immrep23_3254,0.017128027975559235,0.00144781882409,0.5,7.271224e-05,0.11133182048797607,0.0011957177,0.5849128,0.0
immrep23_3255,0.06807238608598709,0.6610625982284546,0.5,0.24453619,0.0004136333882343024,0.0009319973,0.6329396,0.2
immrep23_3256,0.08664731681346893,0.351740688085556,0.5,0.00012411915,0.00020973205391783267,0.00036443525,0.68795943,0.5
immrep23_3257,0.0008644047193229198,0.0392914153635501,0.5,0.11892806,0.028470059856772423,0.05193853,0.6773679,0.5
immrep23_3258,0.05259236320853233,0.0012942114844918,0.5,0.00013830265,0.06064603477716446,0.02123168,0.83493567,0.5
immrep23_3259,0.018328694626688957,0.003974366467446,0.5,0.07591949,0.02707456424832344,0.0027654383,0.2978869,0.2
immrep23_3260,4.365715722087771e-05,0.0058246022090315,0.5,0.0769007,0.012696430087089539,0.0037326405,0.50474596,0.5
immrep23_3261,0.0005249722744338214,0.3873609900474548,0.5,0.26920417,0.008772666566073895,0.0015892001,0.41884142,0.4
immrep23_3262,0.004627216141670942,0.1763058602809906,0.5,0.07736029,0.010048274882137775,0.04301122,0.6115345,0.5
immrep23_3263,0.015488393604755402,0.5549708604812622,0.5,0.00031171826,0.00013211779878474772,0.0005313729,0.52049416,0.5
immrep23_3264,0.13036715984344482,0.0241942722350358,0.5,0.21692784,0.0024528868962079287,0.05507169,0.7808528,0.5
immrep23_3265,2.9977934445923893e-07,0.5687524080276489,0.5,0.134638,0.019830655306577682,0.04114253,0.6527423,0.4
immrep23_3266,0.05708196759223938,0.5807856321334839,0.5,0.062652096,0.00035733700497075915,0.0013390419,0.6692656,0.2
immrep23_3267,1.0735117029980756e-05,0.0884769484400749,0.5,0.0663834,0.0003267848223913461,0.017768927,0.12247852,0.0
immrep23_3268,0.02114979363977909,0.0153523907065391,0.5,0.006839587,0.013107280246913433,0.025903437,0.7609768,0.5
immrep23_3269,0.009039104916155338,0.5255650281906128,0.5,0.22551954,0.013672998175024986,0.02030256,0.5321462,0.4
immrep23_3270,0.579378068447113,0.001097023137845,0.5,,0.000846479379106313,0.004362672,0.8945322,0.0
immrep23_3271,0.001484568347223103,0.0121748149394989,0.5,6.1557614e-05,0.012469854205846786,0.0014558356,0.5977919,0.0
immrep23_3272,0.433737576007843,0.03495904058218,0.5,0.00029990502,0.001156887854449451,0.01717649,0.78327227,0.5
immrep23_3273,0.05072585120797157,0.116320751607418,0.5,0.2886315,0.018242444843053818,0.050550193,0.33704048,0.5
immrep23_3274,6.597117135243025e-06,0.0608816146850585,0.5,0.19912624,0.026461752131581306,0.05222918,0.5324005,0.5
immrep23_3275,0.5350847840309143,0.0883472487330436,0.5,4.9056594e-05,0.0002882926492020488,0.014151709,0.5008276,0.5
immrep23_3276,0.044153135269880295,0.0375159867107868,0.5,0.078126095,0.058515116572380066,0.19222143,0.64623034,0.5
immrep23_3277,0.04318894073367119,0.5434144735336304,0.5,0.014986813,0.011910312809050083,0.7097597,0.3832751,0.2
immrep23_3278,0.13009905815124512,0.0141446525231003,0.5,0.18593156,0.00037128437543287873,0.0018038034,0.8196835,0.4
immrep23_3279,0.00019324265304021537,0.8570082783699036,0.5,0.20313554,0.0002487864112481475,0.088442266,0.710922,0.5
immrep23_3280,0.036059994250535965,0.3877079784870147,0.5,0.07866373,0.0014063630951568484,0.015073322,0.92317784,0.2
immrep23_3281,0.2588421106338501,0.0877255499362945,0.5,0.26657644,0.039679840207099915,0.0031102397,0.3253841,0.5
immrep23_3282,0.02882654033601284,0.0105914250016212,0.5,0.24231827,0.08548441529273987,0.064945824,0.7007103,0.5
immrep23_3283,0.060957059264183044,0.0007577372598461,0.5,0.1719369,0.001548022381030023,0.020323804,0.9147711,0.5
immrep23_3284,2.5756045943126082e-05,0.358345627784729,0.5,0.16488205,0.018609292805194855,0.015765186,0.5996069,0.5
immrep23_3285,0.0016825477359816432,0.7732354998588562,0.5,0.18910506,0.007658612914383411,0.0076314197,0.2161513,0.5
immrep23_3286,0.010884576477110386,0.711311399936676,0.5,0.1800515,0.008213537745177746,0.032225836,0.47212568,0.5
immrep23_3287,0.3404129147529602,0.0039035379886627,0.5,4.7722016e-05,0.0002548761258367449,0.0004591879,0.83655965,0.0
immrep23_3288,0.0002142672019544989,0.6249581575393677,0.5,0.40620774,0.00015487481141462922,0.00030286366,0.642237,0.2
immrep23_3289,0.5181052684783936,0.0275332126766443,0.5,0.00035924668,0.08665073662996292,0.0004436168,0.8502128,0.4
immrep23_3290,0.031964920461177826,0.143840953707695,0.5,0.012324011,0.015301015228033066,0.006695692,0.5292313,0.2
immrep23_3291,0.0015701701631769538,0.1163304597139358,0.5,0.026078489,0.014675137586891651,0.070795335,0.5495109,0.0
immrep23_3292,0.10614758729934692,0.0244042072445154,0.5,0.120804705,0.04723019525408745,0.03384946,0.67546993,0.2
immrep23_3293,0.1371089369058609,0.1756591796875,0.5,0.096376926,0.00251364684663713,0.12641712,0.73634636,0.5
immrep23_3294,0.025965314358472824,0.6304436922073364,0.5,0.0023643444,0.000707943516317755,0.0005346309,0.5831885,0.4
immrep23_3295,0.003118937835097313,0.4740513563156128,0.5,0.01753199,0.00032405901583842933,0.034066588,0.35101095,0.2
immrep23_3296,0.11111810803413391,0.0064729494042694,0.5,0.1413458,0.003623014083132148,0.0077143717,0.57680714,0.5
immrep23_3297,0.1727876216173172,0.0473217740654945,0.5,0.060566485,0.0016962011577561498,0.7125131,0.89729065,0.5
immrep23_3298,0.20627376437187195,0.5237820744514465,0.5,0.0060017654,0.15446943044662476,0.12158779,0.25701535,0.2
immrep23_3299,0.030245335772633553,0.0375923812389373,0.5,0.14887817,0.01511682104319334,0.2330934,0.13804305,0.5
immrep23_3300,0.12105047702789307,0.4499029517173767,0.5,,0.00017772514547687024,0.00018532027,0.6616677,0.2
immrep23_3301,0.003890819614753127,0.0118038449436426,0.5,4.5163288e-06,0.00018720387015491724,0.0017356994,0.50407046,0.0
immrep23_3302,0.5363271236419678,0.0150851914659142,0.5,0.06805493,0.0058838119730353355,0.06903532,0.43680203,0.5
immrep23_3303,0.047550659626722336,0.0062445485964417,0.5,0.09947097,0.03036665730178356,0.00073730556,0.37531695,0.2
immrep23_3304,0.03267139941453934,0.2018343359231948,0.5,0.04180663,0.017391163855791092,0.039291468,0.5880745,0.0
immrep23_3305,0.8987395763397217,0.0266211964190006,0.5,0.00043194383,0.0003369478217791766,0.08385585,0.95025253,0.5
immrep23_3306,0.0043796454556286335,0.3392955660820007,0.5,8.758142e-05,0.00017320392362307757,0.0010799875,0.5586695,0.0
immrep23_3307,0.12560968101024628,0.1117980703711509,0.5,0.06182008,0.10423718392848969,0.07423763,0.35006654,0.4
immrep23_3308,0.02490931563079357,0.2582596838474273,0.5,0.06793889,0.1815640777349472,0.22171335,0.3263623,0.0
immrep23_3309,0.13881736993789673,0.0157706402242183,0.5,0.1966658,0.057388968765735626,0.00059609045,0.7229347,0.0
immrep23_3310,0.022109175100922585,0.0008425780688412,0.5,0.00043102168,0.0026888290885835886,0.0033188437,0.7713274,0.0
immrep23_3311,8.243289073561755e-08,0.2202916145324707,0.5,0.0022762823,0.010362434200942516,0.033565298,0.20700306,0.2
immrep23_3312,0.017517417669296265,0.1842504888772964,0.5,0.25134423,0.015745406970381737,0.033397745,0.34204733,0.5
immrep23_3313,0.008609599433839321,0.0057117752730846,0.5,0.001913161,0.05863918736577034,0.00067678094,0.6431763,0.4
immrep23_3314,0.008031520061194897,0.0996177569031715,0.5,0.20058426,0.01088493037968874,0.19011202,0.1830378,0.2
immrep23_3315,0.03988010063767433,0.0051511223427951,0.5,0.26235604,1.777426223270595e-05,0.005530463,0.22874132,0.0
immrep23_3316,0.04481079429388046,0.0008239460876211,0.5,0.0026282384,0.1108027771115303,9.969941e-05,0.45389053,0.5
immrep23_3317,0.0033539265859872103,0.077845312654972,0.5,0.061693918,0.03149379417300224,0.31041214,0.3959154,0.2
immrep23_3318,0.035230301320552826,0.5403831601142883,0.5,0.21488324,0.022299939766526222,0.0022044752,0.63864243,0.5
immrep23_3319,0.009604829363524914,0.1322593241930008,0.5,0.1342006,0.016322340816259384,0.028889991,0.27197444,0.5
immrep23_3320,0.016292264685034752,0.7791674137115479,0.5,0.150804,0.0002511343627702445,0.6922361,0.6832299,0.0
immrep23_3321,0.018212653696537018,0.114616610109806,0.5,0.1851744,0.02604813687503338,0.011282977,0.4710605,0.2
immrep23_3322,0.915011465549469,0.2838582396507263,0.5,0.276263,0.005228114780038595,0.29261196,0.38745555,0.0
immrep23_3323,0.019183604046702385,0.5808494687080383,0.5,0.0003940194,0.00017904913693200797,0.014215562,0.55831265,0.5
immrep23_3324,0.13143722712993622,0.0047748233191668,0.5,0.06882352,0.046712249517440796,0.017615749,0.36744827,0.5
immrep23_3325,0.05716443806886673,0.0098843714222311,0.5,0.000316729,0.0018907756311818957,0.0016564138,0.91151404,0.6
immrep23_3326,0.2509547173976898,0.0511894524097442,0.5,0.2845829,0.04663712531328201,0.006579756,0.4183576,0.5
immrep23_3327,0.08555739372968674,0.0043205302208662,0.5,0.23633821,0.012893171980977058,0.24959813,0.5610272,0.5
immrep23_3328,0.015308712609112263,0.2169760018587112,0.5,0.17248371,0.014806225895881653,0.58543354,0.3212023,0.5
immrep23_3329,0.03471847251057625,0.6105971932411194,0.5,2.573542e-05,0.00012379020336084068,0.076571465,0.7276637,0.5
immrep23_3330,0.09449740499258041,0.5762426853179932,0.5,0.0024476214,0.00017583240696694702,0.0002558332,0.6742905,0.4
immrep23_3331,0.8126094341278076,0.2570630311965942,0.5,0.03981701,0.0008996856049634516,0.014584812,0.8758848,0.5
immrep23_3332,0.07187987864017487,0.0003773388743866,0.5,1.6368604e-05,0.0009211351280100644,0.018420141,0.8973638,0.0
immrep23_3333,0.0003318390517961234,0.0993720367550849,0.5,0.17192087,0.005391901824623346,0.79048276,0.16868906,0.0
immrep23_3334,0.001158269471488893,0.0072148172184824,0.5,0.18898854,0.009900727309286594,0.00019797155,0.3710377,0.0
immrep23_3335,0.2905691862106323,0.0031747827306389,0.5,0.0012650135,0.0003671166195999831,0.0009946754,0.6086209,0.2
immrep23_3336,0.08446616679430008,0.8553633093833923,0.5,0.18679288,0.03431884944438934,0.00091850024,0.4253975,0.5
immrep23_3337,0.6459461450576782,0.065819539129734,0.5,0.0009540133,0.0008672534604556859,0.11809331,0.8884712,0.5
immrep23_3338,0.019938016310334206,0.1906100958585739,0.5,0.017735718,0.02034347504377365,0.001363054,0.59407043,0.5
immrep23_3339,0.00019741001597139984,0.037753876298666,0.5,0.13913518,0.07890850305557251,0.00042765468,0.4288457,0.5
immrep23_3340,0.14521625638008118,0.0296288188546895,0.5,0.12621865,0.006823945790529251,0.00087770954,0.29910383,0.5
immrep23_3341,2.6797295049618697e-06,0.7310440540313721,0.5,0.08431245,0.011475387960672379,0.05601376,0.67658824,0.5
immrep23_3342,0.0005162589950487018,0.111014723777771,0.5,0.19586492,0.010026209056377411,0.34129393,0.14856912,0.5
immrep23_3343,0.16006872057914734,0.5012080073356628,0.5,0.1524258,0.04358050972223282,0.0012394884,0.26275933,0.0
immrep23_3344,0.011076787486672401,0.4573922157287597,0.5,0.00012091963,0.0005023539415560663,0.005041767,0.6672363,0.5
immrep23_3345,0.09868433326482773,0.0030473698861896,0.5,0.00015751286,0.13525040447711945,0.0005667474,0.7282822,0.5
immrep23_3346,0.10756552964448929,0.2949783205986023,0.5,0.0022269865,0.0701642706990242,0.00077980437,0.88076204,0.0
immrep23_3347,0.04952104017138481,0.0084758605808019,0.5,0.0022733356,0.06956718862056732,0.00013770846,0.88490593,0.0
immrep23_3348,0.2053551971912384,0.4540077149868011,0.5,0.00024798157,0.000975380593445152,0.079579026,0.8850051,0.2
immrep23_3349,0.10010042041540146,0.1926711797714233,0.5,0.11347637,0.13715671002864838,0.18312919,0.65351164,0.5
immrep23_3350,0.05016552284359932,0.0014969126787036,0.5,0.00641621,0.09016909450292587,0.115201026,0.90680254,0.4
immrep23_3351,0.11046642065048218,0.0568154454231262,0.5,0.20797105,0.027500323951244354,0.007766589,0.2629252,0.5
immrep23_3352,0.010180555284023285,0.7680631875991821,0.5,0.0001359249,0.00021951341477688402,0.0006653265,0.74404776,0.5
immrep23_3353,1.3293439224071335e-05,0.0385509207844734,0.5,7.772871e-05,0.011391844600439072,0.00020955694,0.50835526,0.0
immrep23_3354,0.010843603871762753,0.0016685192240402,0.5,0.0006178166,0.03475722298026085,2.2934e-05,0.7922617,0.5
immrep23_3355,9.94455263025884e-07,0.5539504885673523,0.5,0.090534545,0.22079114615917206,0.078247815,0.4456681,0.5
immrep23_3356,0.020853320136666298,0.0469596460461616,0.5,0.037875503,0.001243818667717278,0.2757263,0.50806177,0.2
immrep23_3357,0.06045093014836311,0.1491202265024185,0.5,0.036336154,0.020885463804006577,0.0876726,0.27287084,0.0
immrep23_3358,0.003013628302142024,0.501112699508667,0.5,0.17393222,0.015196584165096283,0.44560486,0.16889293,0.5
immrep23_3359,0.5513272881507874,0.3360033929347992,0.5,0.33994782,0.0011153233936056495,0.057881843,0.89312315,0.5
immrep23_3360,0.010832009837031364,0.8021976351737976,0.5,0.2837804,0.026221852749586105,0.017663235,0.31710717,0.0
immrep23_3361,0.14212436974048615,0.028755847364664,0.5,0.24947374,0.004938947968184948,0.0069250297,0.7978153,0.2
immrep23_3362,0.21749815344810486,0.0328452885150909,0.5,0.2381336,0.04650230333209038,0.000751985,0.317108,0.2
immrep23_3363,0.0005056842346675694,0.0051427818834781,0.5,0.18576184,0.04475308582186699,0.07371379,0.3802561,0.2
immrep23_3364,0.015999475494027138,0.1117006763815879,0.5,0.00013833077,0.018281107768416405,0.010877822,0.10908235,0.0
immrep23_3365,0.0824689120054245,0.0021762498654425,0.5,0.0011926552,0.052999772131443024,0.003750951,0.8417715,0.5
immrep23_3366,0.30916494131088257,0.5850569009780884,0.5,0.13783464,0.01364780031144619,0.0746934,0.37558502,0.5
immrep23_3367,0.0066968463361263275,0.0240702200680971,0.5,0.14380483,0.0002514551451895386,0.23895557,0.76209426,0.0
immrep23_3368,0.0003500078746583313,0.0230678115040063,0.5,0.12719984,0.01061732042580843,0.37370571,0.2732564,0.5
immrep23_3369,7.203913264675066e-05,0.2715786695480346,0.5,0.22055352,0.015002638101577759,0.019491183,0.7142904,0.2
immrep23_3370,0.04009212926030159,0.1709199100732803,0.5,0.07651912,0.010191290639340878,0.011656965,0.42160186,0.2
immrep23_3371,2.690943858851824e-07,0.2766556739807129,0.5,0.14524272,0.0004111055168323219,0.021857787,0.105996355,0.5
immrep23_3372,0.06403404474258423,0.5519980788230896,0.5,5.8563175e-05,0.00037682754918932915,0.00016172242,0.5196292,0.4
immrep23_3373,0.000145243713632226,0.0155748492106795,0.5,0.20834842,0.03557787463068962,0.0054614935,0.5689435,0.6
immrep23_3374,0.017696518450975418,0.0492516458034515,0.5,0.27933553,0.09098909795284271,0.009896018,0.5618501,0.5
immrep23_3375,0.10756571590900421,0.4765653014183044,0.5,0.43700194,0.0001652479695621878,0.0016156314,0.7329569,0.5
immrep23_3376,0.03467949479818344,0.6583517789840698,0.5,0.14857145,0.00023504169075749815,0.47514027,0.23179917,0.5
immrep23_3377,0.00934095960110426,0.0172605626285076,0.5,0.06566366,0.1423395425081253,0.07169289,0.37589282,0.4
immrep23_3378,0.11419734358787537,0.289285808801651,0.5,0.08908013,0.0007405327633023262,0.005696374,0.47919613,0.4
immrep23_3379,0.1148693636059761,0.2898571789264679,0.5,0.14215605,0.01785632222890854,0.00027951377,0.14625147,0.5
immrep23_3380,0.07057943940162659,0.1396369487047195,0.5,0.04154897,0.13426361978054047,0.051138435,0.38650173,0.0
immrep23_3381,0.06505689024925232,0.0144269280135631,0.5,0.15235622,0.000488007819512859,0.85075134,0.10231109,0.5
immrep23_3382,0.0004250727652106434,0.1209886670112609,0.5,0.21981867,0.050811175256967545,0.2666134,0.4418607,0.5
immrep23_3383,0.6481597423553467,0.0175972823053598,0.5,0.0973667,0.0007613860070705414,0.094465956,0.8625525,0.6
immrep23_3384,0.0007141379173845053,0.2573780119419098,0.5,0.10130699,0.025993267074227333,0.0069770147,0.6224724,0.5
immrep23_3385,0.02901393361389637,6.976936856517568e-05,0.5,0.00012545298,0.00027116702403873205,0.00016494902,0.8184303,0.0
immrep23_3386,0.16755235195159912,0.0055043436586856,0.5,0.102830134,0.0012794366339221597,0.054122422,0.8881439,0.0
immrep23_3387,0.06092481315135956,0.3051062822341919,0.5,0.11419022,0.0004156605282332748,0.048211046,0.29275876,0.4
immrep23_3388,0.16173434257507324,0.3180092573165893,0.5,0.04787486,0.010914660058915615,0.12771519,0.4311813,0.5
immrep23_3389,0.0017767534591257572,0.1631175130605697,0.5,0.2038131,0.006830683443695307,0.004621893,0.19805452,0.4
immrep23_3390,0.024586612358689308,0.8135300874710083,0.5,0.0002859762,0.00030398546368815005,0.0003707165,0.57137513,0.5
immrep23_3391,8.903628554435272e-07,0.0721520483493805,0.5,0.07162363,0.022014835849404335,0.07068635,0.5748561,0.5
immrep23_3392,0.0025436130817979574,0.4391418993473053,0.5,0.062064867,0.020676257088780403,0.0013040979,0.6915575,0.5
immrep23_3393,0.0014770010020583868,0.4784612357616424,0.5,0.21233122,0.00021483979071490467,0.0038678527,0.3380825,0.5
immrep23_3394,0.003123194444924593,0.5850858688354492,0.5,0.21996748,0.023254942148923874,0.0017657954,0.3615982,0.5
immrep23_3395,0.01790633052587509,0.4994752109050751,0.5,9.425967e-05,0.00021068188652861863,0.0016425858,0.48698536,0.5
immrep23_3396,1.2667529517784715e-05,0.6117455959320068,0.5,6.4651875e-05,0.0003728038282133639,5.4524866e-05,0.7048369,0.5
immrep23_3397,0.0006948115187697113,0.3784594535827636,0.5,0.17683847,0.009748064912855625,0.029650234,0.56241894,0.5
immrep23_3398,0.02938520535826683,0.2795057892799377,0.5,0.19540298,0.012620093300938606,0.00050633104,0.6294585,0.0
immrep23_3399,0.006847826298326254,0.6162902116775513,0.5,0.20668483,0.00032945722341537476,0.14574201,0.12817293,0.4
immrep23_3400,0.06655500084161758,0.007812850177288,0.5,0.120076336,0.024182839319109917,0.004748358,0.49274474,0.4
immrep23_3401,0.10892419517040253,0.0001953099126694,0.5,0.1503001,0.0027118006255477667,0.22322896,0.79933184,0.5
immrep23_3402,0.24202851951122284,0.0183025673031806,0.5,0.0785984,0.002301996573805809,0.39494565,0.910388,0.5
immrep23_3403,0.006727257277816534,0.0246482733637094,0.5,0.14194658,0.049381233751773834,0.0063307905,0.24301873,0.2
immrep23_3404,0.06740164011716843,0.0398875512182712,0.5,0.27020103,0.014907462522387505,0.028226592,0.34406435,0.2
immrep23_3405,0.0007706614560447633,0.690686047077179,0.5,0.00038909103,0.0002770173014141619,3.4034812e-05,0.56752634,0.0
immrep23_3406,0.2398069202899933,0.0115309432148933,0.5,0.1910094,0.02074095793068409,1.1940374e-05,0.17367546,0.5
immrep23_3407,0.0009507794165983796,0.1284255683422088,0.5,0.2294571,0.01643066667020321,0.005793195,0.47461516,0.5
immrep23_3408,0.1158512607216835,0.0155298486351966,0.5,0.0011523317,0.04942668229341507,0.71980494,0.88120437,0.5
immrep23_3409,0.039807599037885666,0.0764470994472503,0.5,0.1920865,0.011164688505232334,0.4049816,0.10846355,0.5
immrep23_3410,0.01826915331184864,0.241458386182785,0.5,2.39399e-05,0.00011935282964259386,0.031108191,0.5557443,0.4
immrep23_3411,0.029728030785918236,0.0029801570344716,0.5,0.02407077,0.00042479243711568415,0.41301218,0.53278565,0.0
immrep23_3412,0.00630604662001133,0.9201422333717346,0.5,0.19094375,0.012564598582684994,0.025599077,0.5646073,0.2
immrep23_3413,0.24227742850780487,0.0127662289887666,,,7.006152009125799e-05,6.290893e-05,0.8393642,0.0
immrep23_3414,0.027185313403606415,0.3766505718231201,0.5,6.184557e-05,0.00029742205515503883,0.00017595987,0.7440261,0.2
immrep23_3415,0.021721126511693,0.0282300505787134,0.5,0.046975046,0.021675484254956245,0.009885287,0.70286936,0.0
immrep23_3416,0.0799572616815567,0.2146652042865753,0.5,0.2616652,0.05170601233839989,0.0106759295,0.1485115,0.0
immrep23_3417,0.001823152881115675,0.1882377564907074,0.5,0.1404198,0.009118715301156044,0.4545855,0.662884,0.5
immrep23_3418,0.010884026996791363,0.933954656124115,0.5,0.0021469868,0.00016424337809439749,0.006877059,0.5464129,0.5
immrep23_3419,0.02067546360194683,0.5910919308662415,0.5,0.1914457,0.00021867510804440826,0.2174779,0.13360706,0.5
immrep23_3420,0.17489393055438995,0.0047118486836552,0.5,0.0011134101,0.08848981559276581,0.9484749,0.880993,0.0
immrep23_3421,0.3001443147659302,0.0056538735516369,0.5,9.804316e-05,0.020230954512953758,0.14686121,0.63196194,0.0
immrep23_3422,0.0005683778435923159,0.2124334722757339,0.5,0.14132755,0.05295359715819359,0.024886737,0.45187294,0.2
immrep23_3423,0.020759785547852516,0.0014396082842722,0.5,0.004198439,0.08107205480337143,0.0031865945,0.89618003,0.0
immrep23_3424,7.626735168742016e-06,0.3691027164459228,0.5,0.09601519,0.019187243655323982,0.00316384,0.67881155,0.5
immrep23_3425,0.030549954622983932,0.0009757649968378,0.5,0.00020147077,0.0004891019780188799,0.04460049,0.5927506,0.5
immrep23_3426,0.1132604107260704,0.0006639902712777,,,0.0009454024257138371,0.50452983,0.8978738,0.6
immrep23_3427,0.8509340286254883,0.0761722102761268,0.5,0.77791107,0.0031716590747237206,0.42812476,0.8213425,0.4
immrep23_3428,0.1630677729845047,0.8269063830375671,0.5,0.28611642,0.0247960165143013,0.0006713425,0.48391432,0.2
immrep23_3429,5.00357236887794e-05,0.5151770114898682,0.5,0.042465363,0.012254889123141766,0.013527355,0.56516975,0.5
immrep23_3430,0.10517460852861404,0.0186048988252878,0.5,7.7610006e-05,0.05987907573580742,0.0018603029,0.7071784,0.5
immrep23_3431,0.14747285842895508,0.0426141433417797,0.5,4.777712e-05,3.564040889614262e-05,0.022295678,0.7162484,0.2
immrep23_3432,0.00015354058996308595,0.0402477867901325,0.5,0.00050157675,0.014016874134540558,0.018542469,0.46383047,0.0
immrep23_3433,0.10720965266227722,0.1493516713380813,,0.0002795121,0.07545919716358185,0.014302255,0.8839075,0.2
immrep23_3434,0.04781651496887207,0.2841561436653137,0.5,0.078935705,0.005846977699548006,0.34135282,0.22880645,0.5
immrep23_3435,0.6260477900505066,0.0640746727585792,0.5,0.003432942,0.10800670832395554,0.059763543,0.21164477,0.5
immrep23_3436,0.2864695191383362,0.0004878817417193,0.5,,0.0007121863891370595,0.04521519,0.86092156,0.0
immrep23_3437,0.002133535221219063,0.1066881120204925,0.5,0.011372036,0.03275724872946739,0.00086359464,0.5456495,0.5
immrep23_3438,4.47881689069618e-07,0.1190342977643013,0.5,0.16614814,0.0001157995720859617,0.015995888,0.7936431,0.5
immrep23_3439,0.0708613321185112,0.1939046531915664,0.5,0.0013198161,0.0799093097448349,0.00076545344,0.8904732,0.5
immrep23_3440,0.018344465643167496,0.0375669412314891,0.5,0.23163041,0.01869630627334118,0.0055867373,0.6325674,0.4
immrep23_3441,0.012662392109632492,0.000205786753213,0.5,0.0014234049,0.05830463021993637,0.9751648,0.45272017,0.5
immrep23_3442,0.06834207475185394,0.0951835438609123,,,0.07614640891551971,0.21186581,0.87265646,0.0
immrep23_3443,0.07504730671644211,0.0008773879962973,0.5,0.53022236,0.0010378911392763257,0.22613683,0.6684241,0.5
immrep23_3444,0.10756593942642212,0.0046905810013413,0.5,0.26871252,0.008577736094594002,0.0047356384,0.6940934,0.5
immrep23_3445,0.020286988466978073,0.0938305184245109,0.5,0.07862266,0.015720145776867867,0.013675823,0.626209,0.5
immrep23_3446,0.07775915414094925,0.0002540398563724,0.5,0.110109255,0.018017888069152832,4.7776484e-06,0.21600504,0.0
immrep23_3447,0.01609615981578827,0.9372170567512512,0.5,0.0009641214,0.021982872858643532,0.024352731,0.46798256,0.5
immrep23_3448,0.0244757030159235,0.0423779860138893,0.5,0.11321968,0.01401722151786089,0.2866467,0.09937542,0.5
immrep23_3449,0.00020271270477678627,0.0112638538703322,0.5,0.15456977,0.000374012190150097,0.3035323,0.08327754,0.2
immrep23_3450,0.04731058329343796,0.8072895407676697,0.5,0.00011710817,0.0001811346155591309,0.00019434356,0.7465935,0.5
immrep23_3451,3.387281685718335e-05,0.0471394881606102,0.5,0.1296942,0.020204372704029083,0.08034855,0.3982273,0.4
immrep23_3452,9.857252734946087e-06,0.7628005743026733,0.5,0.00044449233,0.012038196437060833,0.014909444,0.42217022,0.0
immrep23_3453,0.11684191226959229,0.6584318280220032,0.5,6.401025e-05,0.00024747109273448586,0.0015058826,0.3294398,0.5
immrep23_3454,0.07633347064256668,0.0104258432984352,0.5,0.015735988,0.05593887344002724,0.003811623,0.81159186,0.5
immrep23_3455,0.0018392788479104638,0.6341004967689514,0.5,0.16396369,0.0002999315911438316,0.005990824,0.5972611,0.5
immrep23_3456,1.0724578714871313e-05,0.2401152849197387,0.5,0.0976274,0.0051965611055493355,4.601452e-06,0.7296365,0.5
immrep23_3457,0.0231269933283329,0.0553160496056079,0.5,0.26733994,0.026418445631861687,0.038198695,0.35667586,0.5
immrep23_3458,0.41215378046035767,0.2286987453699112,0.5,0.00024734103,0.0008444174309261143,0.4797122,0.8859376,0.5
immrep23_3459,0.1010747179389,0.7222570776939392,0.5,0.15518533,0.18139316141605377,0.032150984,0.5653287,0.5
immrep23_3460,0.11827950924634933,0.0679444819688797,0.5,0.20424655,0.2315625697374344,0.10475556,0.25363126,0.5
immrep23_3461,0.027077579870820045,0.023595068603754,0.5,0.05917809,0.0006425881874747574,0.0997165,0.9288518,0.2
immrep23_3462,0.02531498856842518,0.0015316155040636,0.5,0.008133084,0.00029870736761949956,0.0013667333,0.7290069,0.5
immrep23_3463,0.0035731312818825245,0.4803009033203125,0.5,0.22091511,0.01641053520143032,0.12875998,0.71294904,0.5
immrep23_3464,0.3658113181591034,0.0212521273642778,0.5,0.009118016,0.0012704270193353295,0.048820857,0.93606913,0.4
immrep23_3465,0.3268527090549469,0.0053548798896372,0.5,0.0010857799,0.06121375784277916,0.00092783355,0.77940685,0.2
immrep23_3466,0.0007042086217552423,0.0728657767176628,0.5,0.10398779,0.0003191223368048668,0.5153973,0.07852354,0.5
immrep23_3467,0.006048104260116816,0.5181299448013306,0.5,0.003823993,0.00015979197632987052,0.878852,0.63217396,0.2
immrep23_3468,0.11563102155923843,0.0090572498738765,0.5,0.005855021,0.08847389370203018,0.00066697656,0.31261754,0.5
immrep23_3469,0.06964950263500214,0.0394735448062419,0.5,0.019175889,0.0836947038769722,0.0024495162,0.6483724,0.5
immrep23_3470,0.015787450596690178,0.002933629322797,0.5,0.00090524304,0.05353656783699989,0.000120798366,0.8589068,0.0
immrep23_3471,0.0008442376274615526,0.0539379306137561,0.5,0.18862072,0.1326161026954651,0.0022757538,0.6103773,0.4
immrep23_3472,0.001246043830178678,0.0317556895315647,0.5,0.2095727,0.02435920760035515,0.09125462,0.4833094,0.5
immrep23_3473,0.02379712648689747,0.0041331830434501,0.5,0.014472967,0.023701446130871773,0.001619329,0.2718067,0.5
immrep23_3474,0.0047402773052453995,0.6117434501647949,0.5,0.20116241,0.02287452109158039,0.0032132675,0.3831647,0.5
immrep23_3475,0.00558818131685257,0.0212985463440418,0.5,0.024173252,0.01259373314678669,0.42205355,0.24433726,0.2
immrep23_3476,0.00571816973388195,0.0038622261490672,0.5,0.18062463,0.0003084768250118941,0.03981835,0.24266617,0.6
immrep23_3477,0.009748239070177078,0.0487002357840538,0.5,0.001027032,0.01388827245682478,0.0057671675,0.6388469,0.0
immrep23_3478,0.12641160190105438,0.0011596627300605,0.5,0.00032595283,0.10594700276851654,0.005186545,0.3835704,0.4
immrep23_3479,0.23530030250549316,0.0011812673183158,0.5,0.007897356,0.004360747989267111,0.6776201,0.8480503,0.5
immrep23_3480,0.09416854381561279,0.6104608178138733,0.5,0.14492705,0.00012704751861747354,0.24992475,0.35925078,0.5
immrep23_3481,0.15027296543121338,0.0256838593631982,0.5,0.10340142,0.03327265754342079,0.04298227,0.31439966,0.5
immrep23_3482,0.005446347873657942,0.7616930603981018,0.5,0.06840106,0.006035204511135817,0.70498437,0.03081695,0.5
immrep23_3483,0.008722311817109585,0.0172493066638708,0.5,0.0014068454,0.07117728143930435,0.002180054,0.9075408,0.2
